user_id,email_dup_flag,phone_dup_flag,device_dup_flag,is_verified_x,kyc_status_x,_is_duplicate_account,_is_bonus_abuser,tx_fraud_count,suspicion_avg,iso_flags,odd_hour_ratio,intl_ratio,impossible_travel,bonus_abuse_flag,claim_count,ref_fraud_as_referrer,ref_fraud_as_referee,risk_score,risk_tier,email,country,registration_date,kyc_status_y,is_verified_y,account_age_days,total_deposits,total_withdrawals
USR00001,0,0,0,True,pending,False,False,0.0,0.0,0.0,0.0,0.0,0.0,0.0,2.0,0.0,0.0,5.0,Low,woodpatricia@example.com,India,2024-09-05 07:53:23,pending,True,116,749.73,0.0
USR00002,0,0,0,True,verified,False,False,0.0,0.0,0.0,0.0,0.14285714285714285,0.0,0.0,0.0,0.0,0.0,0.5714285714285714,Low,christopher37@example.com,India,2024-07-30 19:11:04,verified,True,153,3507.07,607.24
USR00003,0,0,0,True,pending,False,False,0.0,0.0,0.0,0.0,0.0,0.0,0.0,0.0,0.0,0.0,5.0,Low,kelseyjefferson@example.net,USA,2024-03-18 05:18:04,pending,True,287,2211.22,774.61
USR00004,0,0,0,False,verified,False,False,0.0,0.0,0.0,0.0,0.0,0.0,1.0,2.0,0.0,0.0,16.0,Low,hansonrachel@example.org,India,2024-10-21 16:35:50,verified,False,70,273.75,0.0
USR00005,0,0,0,True,verified,False,False,1.0,0.6666666666666666,1.0,0.3333333333333333,0.0,0.0,1.0,2.0,0.0,0.0,18.0,Low,dmalone@example.com,India,2024-02-06 00:27:14,verified,True,328,0.0,0.0
USR00006,0,0,0,True,pending,False,False,0.0,0.0,0.0,0.0,0.0,0.0,0.0,1.0,0.0,0.0,5.0,Low,melendezkenneth@example.org,USA,2024-02-18 11:27:50,pending,True,316,484.95,2018.46
USR00007,0,0,0,False,pending,False,False,0.0,0.0,0.0,0.0,0.3333333333333333,0.0,0.0,1.0,0.0,0.0,14.333333333333334,Low,tylershepherd@example.net,UK,2024-08-12 05:18:43,pending,False,140,694.67,266.63
USR00008,0,0,0,True,verified,False,False,0.0,0.0,0.0,0.0,0.0,0.0,1.0,2.0,0.0,0.0,8.0,Low,eanderson@example.com,Nigeria,2024-02-09 05:24:05,verified,True,325,264.38,788.59
USR00009,0,0,0,True,verified,False,False,1.0,0.5,0.0,0.5,0.0,0.0,0.0,0.0,0.0,0.0,6.5,Low,oterry@example.net,USA,2024-09-29 13:26:21,verified,True,92,0.0,0.0
USR00010,0,0,0,True,pending,False,False,0.0,0.0,0.0,0.0,0.0,0.0,0.0,2.0,0.0,0.0,5.0,Low,nicolehodge@example.org,UK,2024-05-27 08:46:51,pending,True,217,0.0,0.0
USR00011,0,0,0,True,rejected,False,True,1.0,0.42857142857142855,1.0,0.14285714285714285,0.2857142857142857,0.0,1.0,7.0,0.0,0.0,28.28571428571429,Medium,dominiqueflores@example.com,India,2024-01-22 17:22:46,rejected,True,343,498.39,92.55
USR00012,0,0,0,True,verified,False,False,1.0,0.16666666666666666,0.0,0.16666666666666666,0.3333333333333333,0.0,0.0,0.0,0.0,0.0,3.5,Low,cmiller@example.com,India,2024-10-05 19:26:45,verified,True,86,854.12,0.0
USR00013,0,0,0,True,verified,False,False,1.0,0.75,1.0,0.25,0.0,0.0,0.0,0.0,0.0,0.0,10.25,Low,simsdaniel@example.net,UK,2024-04-05 18:44:05,verified,True,269,28157.04,220.07
USR00014,0,0,0,True,pending,False,False,0.0,0.0,0.0,0.0,0.16666666666666666,0.0,0.0,0.0,1.0,0.0,9.666666666666668,Low,kaylamiller@example.org,India,2024-02-23 17:20:43,pending,True,311,1313.45,323.71
USR00015,0,0,0,True,verified,False,False,2.0,0.625,2.0,0.25,0.0,0.0,0.0,0.0,0.0,0.0,12.25,Low,jorge47@example.com,USA,2024-06-12 22:48:57,verified,True,201,22450.64,441.3
USR00016,0,0,0,True,verified,False,False,0.0,0.0,0.0,0.0,0.5,0.0,0.0,0.0,0.0,0.0,2.0,Low,mknight@example.net,Nigeria,2024-01-05 11:00:39,verified,True,360,381.7,885.38
USR00017,0,0,0,True,verified,False,False,1.0,0.25,1.0,0.125,0.25,0.0,0.0,0.0,0.0,0.0,6.625,Low,john69@example.net,Russia,2024-04-23 23:37:10,verified,True,251,1344.02,358.85
USR00018,0,0,0,True,verified,False,False,0.0,0.0,0.0,0.0,0.0,0.0,0.0,0.0,0.0,0.0,0.0,Low,sophiajohnson@example.com,USA,2024-03-10 09:09:22,verified,True,295,0.0,330.58
USR00019,0,1,0,True,verified,True,False,0.0,0.0,0.0,0.0,0.0,0.0,1.0,2.0,0.0,0.0,23.0,Medium,waltontara@example.org,Germany,2024-05-25 05:07:46,verified,True,219,734.13,432.62
USR00020,0,0,0,True,verified,False,False,1.0,1.0,1.0,0.3333333333333333,0.3333333333333333,0.0,1.0,2.0,0.0,0.0,22.0,Medium,robert98@example.net,Russia,2024-01-08 13:32:11,verified,True,357,27311.07,150.15
USR00021,0,0,0,True,pending,False,False,0.0,0.0,0.0,0.0,0.0,0.0,0.0,0.0,0.0,0.0,5.0,Low,fbarrera@example.com,USA,2024-08-08 08:08:59,pending,True,144,0.0,584.11
USR00022,0,0,0,True,rejected,False,False,12.0,1.375,11.0,0.0,0.0625,11.0,0.0,0.0,0.0,0.0,53.25,High,chavezchristopher@example.com,India,2024-02-19 20:41:42,rejected,True,315,1056.53,359.98
USR00023,0,0,1,True,verified,True,False,0.0,0.0,0.0,0.0,0.0,0.0,0.0,0.0,0.0,0.0,10.0,Low,jjohnson@example.org,UK,2024-07-28 10:36:13,verified,True,155,35.16,323.65
USR00024,0,0,0,True,verified,False,False,1.0,0.42857142857142855,1.0,0.14285714285714285,0.14285714285714285,0.0,0.0,0.0,0.0,0.0,7.714285714285714,Low,hdaniels@example.net,India,2024-07-20 00:09:23,verified,True,163,264.24,3267.08
USR00025,0,0,1,False,verified,True,False,0.0,0.1,1.0,0.0,0.1,0.0,0.0,0.0,0.0,0.0,22.2,Medium,joshua64@example.com,India,2024-01-03 19:01:24,verified,False,362,2237.42,423.87
USR00026,0,0,0,False,verified,False,False,1.0,0.2,0.0,0.2,0.2,0.0,0.0,0.0,0.0,1.0,14.4,Low,susangibbs@example.com,USA,2024-04-02 10:21:50,verified,False,272,0.0,4181.8
USR00027,0,0,0,True,verified,False,False,0.0,0.1,1.0,0.0,0.2,0.0,0.0,1.0,0.0,0.0,4.6,Low,michelle35@example.com,India,2024-04-04 08:53:54,verified,True,270,910.64,2646.4
USR00028,0,0,0,True,pending,False,False,1.0,0.2,0.0,0.2,0.0,0.0,1.0,2.0,0.0,0.0,15.6,Low,qdelacruz@example.net,UK,2024-06-30 08:59:07,pending,True,183,3955.54,35.23
USR00029,0,0,0,True,verified,False,False,1.0,0.25,0.0,0.25,0.5,0.0,0.0,0.0,0.0,0.0,5.25,Low,browningjack@example.org,India,2024-11-06 22:03:46,verified,True,54,1506.94,0.0
USR00030,0,0,0,True,verified,False,False,0.0,0.25,0.0,0.0,0.25,0.0,1.0,2.0,0.0,0.0,11.0,Low,johnlee@example.net,Germany,2024-04-07 00:21:53,verified,True,267,4647.91,407.9
USR00031,0,0,0,True,verified,False,False,1.0,0.16666666666666666,0.0,0.16666666666666666,0.16666666666666666,0.0,0.0,1.0,0.0,0.0,2.833333333333333,Low,kristy02@example.net,Brazil,2024-07-28 22:38:41,verified,True,155,1828.83,1006.37
USR00032,0,0,0,True,rejected,False,False,0.0,0.0,0.0,0.0,0.0,0.0,0.0,1.0,0.0,0.0,12.0,Low,nelsoneric@example.net,India,2024-03-24 00:16:09,rejected,True,281,595.61,1876.47
USR00033,0,0,0,True,pending,False,False,0.0,0.0,0.0,0.0,0.0,0.0,0.0,1.0,0.0,0.0,5.0,Low,danagonzalez@example.org,Russia,2024-10-31 21:56:09,pending,True,60,670.97,384.07
USR00034,0,0,0,True,verified,False,False,0.0,0.0,0.0,0.0,0.2,0.0,0.0,0.0,0.0,0.0,0.8,Low,xdiaz@example.org,India,2024-03-01 02:48:39,verified,True,304,17.93,298.41
USR00035,0,0,0,False,verified,False,False,0.0,0.0,0.0,0.0,0.0,0.0,0.0,0.0,0.0,0.0,8.0,Low,olutz@example.org,Nigeria,2024-01-20 11:21:37,verified,False,345,517.04,346.93
USR00036,0,0,0,False,verified,False,False,0.0,0.0,0.0,0.0,0.0,0.0,0.0,0.0,0.0,0.0,8.0,Low,paula84@example.net,Nigeria,2024-03-13 04:00:51,verified,False,292,500.56,80.94
USR00037,0,0,0,True,rejected,False,False,1.0,0.5,1.0,0.25,0.25,0.0,0.0,0.0,0.0,0.0,21.25,Medium,jonesdenise@example.org,USA,2024-08-12 19:55:00,rejected,True,140,283.07,1220.49
USR00038,0,0,0,True,verified,False,False,0.0,0.0,0.0,0.0,0.4166666666666667,0.0,0.0,1.0,0.0,0.0,1.6666666666666667,Low,olsonlindsay@example.org,India,2024-03-20 07:50:01,verified,True,285,2501.66,917.63
USR00039,0,0,0,True,verified,False,True,0.0,0.0,0.0,0.0,0.2,0.0,0.0,0.0,0.0,0.0,0.8,Low,adamsrobert@example.com,USA,2024-10-18 23:53:05,verified,True,73,0.0,308.08
USR00040,0,0,0,True,verified,False,False,0.0,0.0,0.0,0.0,0.14285714285714285,0.0,0.0,0.0,0.0,0.0,0.5714285714285714,Low,johnsmall@example.net,Nigeria,2024-07-15 11:11:13,verified,True,168,299.06,909.61
USR00041,0,0,0,True,verified,False,False,0.0,0.0,0.0,0.0,0.0,0.0,0.0,0.0,0.0,0.0,0.0,Low,rrodriguez@example.com,Russia,2024-11-19 19:03:58,verified,True,41,289.58,437.31
USR00042,0,0,0,True,verified,False,False,0.0,0.0,0.0,0.0,0.5,0.0,0.0,0.0,0.0,0.0,2.0,Low,nicholsjill@example.net,Brazil,2024-08-03 09:16:04,verified,True,149,1704.32,177.87
USR00043,0,0,0,True,pending,False,False,2.0,1.75,2.0,0.5,0.0,0.0,0.0,0.0,0.0,0.0,27.5,Medium,greendana@example.org,India,2024-08-02 20:25:05,pending,True,150,3287.89,12602.65
USR00044,0,0,0,True,verified,False,False,0.0,0.0,0.0,0.0,0.3333333333333333,0.0,0.0,0.0,0.0,0.0,1.3333333333333333,Low,bergmichael@example.com,Nigeria,2024-07-15 06:45:13,verified,True,168,332.44,0.0
USR00045,0,0,0,True,pending,False,False,0.0,0.0,0.0,0.0,0.0,0.0,1.0,2.0,0.0,0.0,13.0,Low,lcarr@example.net,Russia,2024-01-02 09:02:53,pending,True,363,8582.65,0.0
USR00046,0,0,0,True,verified,True,False,0.0,0.0,0.0,0.0,0.0,0.0,0.0,0.0,0.0,0.0,0.0,Low,michaelwilliams@example.com,Nigeria,2024-08-05 20:01:51,verified,True,147,238.5,0.0
USR00047,0,0,0,False,pending,False,False,0.0,0.0,0.0,0.0,0.0,0.0,0.0,0.0,0.0,0.0,13.0,Low,tammydouglas@example.com,Nigeria,2024-06-15 21:54:09,pending,False,198,319.88,0.0
USR00048,0,0,0,False,rejected,False,False,1.0,0.14285714285714285,0.0,0.14285714285714285,0.14285714285714285,0.0,0.0,0.0,0.0,0.0,22.42857142857143,Medium,royadams@example.org,India,2024-03-22 14:03:18,rejected,False,283,74.54,2604.57
USR00049,0,0,0,True,pending,False,False,1.0,0.16666666666666666,0.0,0.16666666666666666,0.5,0.0,0.0,0.0,0.0,0.0,9.166666666666666,Low,vwong@example.org,Nigeria,2024-10-18 01:38:15,pending,True,73,1243.93,30.08
USR00050,1,0,0,True,pending,True,False,0.0,0.0,0.0,0.0,0.5,0.0,0.0,0.0,0.0,0.0,22.0,Medium,debra44@example.org,Germany,2024-01-10 15:01:32,pending,True,355,452.02,211.08
USR00051,0,0,0,False,verified,False,False,0.0,0.0,0.0,0.0,0.0,0.0,0.0,1.0,0.0,0.0,8.0,Low,williamsdebra@example.org,India,2024-04-06 09:05:10,verified,False,268,557.88,755.27
USR00052,0,0,0,True,verified,False,False,0.0,0.0,0.0,0.0,0.25,0.0,0.0,1.0,0.0,0.0,1.0,Low,barbara58@example.net,Germany,2024-11-13 03:08:19,verified,True,47,1763.17,117.26
USR00053,0,0,0,True,verified,False,False,0.0,0.0,0.0,0.0,0.25,0.0,0.0,1.0,0.0,0.0,1.0,Low,nathan32@example.com,Russia,2024-06-03 17:58:19,verified,True,210,697.42,1021.52
USR00054,0,0,0,True,rejected,False,False,3.0,0.8888888888888888,3.0,0.3333333333333333,0.2222222222222222,0.0,0.0,1.0,0.0,0.0,30.666666666666668,Medium,gonzalezrobert@example.net,India,2024-11-23 15:29:31,rejected,True,37,32397.86,629.78
USR00055,0,0,0,False,verified,True,False,0.0,0.0,0.0,0.0,0.4,0.0,0.0,2.0,0.0,0.0,9.6,Low,sacosta@example.com,India,2024-04-13 02:19:33,verified,False,261,2234.78,0.0
USR00056,0,0,0,True,pending,False,True,0.0,0.0,0.0,0.0,0.16666666666666666,0.0,0.0,0.0,0.0,0.0,5.666666666666667,Low,martinezandrew@example.org,Brazil,2024-01-18 05:42:44,pending,True,347,798.73,0.0
USR00057,1,0,0,True,verified,False,False,0.0,0.0,0.0,0.0,1.0,0.0,0.0,1.0,0.0,0.0,19.0,Low,andersonstephen@example.com,Brazil,2024-09-17 10:42:38,verified,True,104,441.59,0.0
USR00058,0,0,0,True,verified,False,False,0.0,0.0,0.0,0.0,0.0,0.0,0.0,0.0,0.0,0.0,0.0,Low,mary31@example.com,India,2024-02-18 09:35:31,verified,True,316,206.47,0.0
USR00059,0,0,0,True,verified,False,False,0.0,0.0,0.0,0.0,0.5,0.0,1.0,2.0,0.0,0.0,10.0,Low,david80@example.net,India,2024-02-19 10:24:29,verified,True,315,0.0,3948.79
USR00060,0,0,0,True,verified,False,True,1.0,0.6666666666666666,1.0,0.16666666666666666,0.16666666666666666,0.0,1.0,5.0,0.0,0.0,17.833333333333332,Low,pperez@example.org,India,2024-06-06 16:53:41,verified,True,207,51830.02,110.21
USR00061,0,0,0,False,pending,False,False,1.0,0.6,1.0,0.2,0.2,0.0,0.0,0.0,0.0,0.0,22.6,Medium,william08@example.org,USA,2024-06-29 14:00:14,pending,False,184,53956.41,0.0
USR00062,0,0,0,True,pending,False,False,0.0,0.0,0.0,0.0,0.0,0.0,0.0,0.0,0.0,0.0,5.0,Low,bernard97@example.net,USA,2024-09-12 20:56:02,pending,True,109,0.0,0.0
USR00063,1,0,0,False,verified,False,False,0.0,0.0,0.0,0.0,0.0,0.0,0.0,1.0,0.0,0.0,23.0,Medium,clee@example.com,India,2024-09-18 06:54:36,verified,False,103,0.0,404.69
USR00064,0,1,0,True,verified,False,False,0.0,0.0,0.0,0.0,0.14285714285714285,0.0,0.0,0.0,0.0,0.0,15.571428571428571,Low,kthompson@example.net,USA,2024-10-25 10:50:23,verified,True,66,93.69,358.15
USR00065,0,0,0,False,pending,False,False,0.0,0.0,0.0,0.0,0.0,0.0,0.0,0.0,0.0,0.0,13.0,Low,james70@example.net,Nigeria,2024-04-04 18:05:59,pending,False,270,1712.19,567.69
USR00066,0,0,0,True,pending,False,False,0.0,0.0,0.0,0.0,0.0,0.0,0.0,1.0,0.0,0.0,5.0,Low,uhernandez@example.net,USA,2024-03-25 23:44:50,pending,True,280,1149.46,73.84
USR00067,0,0,0,True,pending,False,False,0.0,0.0,0.0,0.0,0.0,0.0,0.0,0.0,0.0,0.0,5.0,Low,margaretthompson@example.com,USA,2024-06-26 06:31:57,pending,True,187,819.41,0.0
USR00068,0,0,0,True,pending,False,False,1.0,0.14285714285714285,0.0,0.14285714285714285,0.14285714285714285,0.0,0.0,0.0,0.0,0.0,7.428571428571428,Low,yolandastanton@example.net,USA,2024-06-20 21:04:59,pending,True,193,0.0,357.27
USR00069,0,0,0,True,pending,False,False,0.0,0.0,0.0,0.0,0.16666666666666666,0.0,0.0,1.0,0.0,0.0,5.666666666666667,Low,cwilcox@example.com,Germany,2024-10-15 19:22:15,pending,True,76,686.79,1009.48
USR00070,0,0,0,True,verified,False,False,1.0,0.2,0.0,0.2,0.4,0.0,0.0,0.0,0.0,0.0,4.2,Low,christopher13@example.net,India,2024-07-07 04:46:17,verified,True,176,2732.74,781.03
USR00071,0,0,0,True,verified,False,False,0.0,0.0,0.0,0.0,0.0,0.0,0.0,2.0,0.0,0.0,0.0,Low,grahammichael@example.net,India,2024-07-28 18:35:01,verified,True,155,121.7,1551.49
USR00072,0,0,0,False,verified,False,False,0.0,0.0,0.0,0.0,0.0,0.0,0.0,1.0,0.0,0.0,8.0,Low,johnmccall@example.net,India,2024-05-08 12:02:17,verified,False,236,3487.36,390.54
USR00073,0,0,0,True,pending,True,False,0.0,0.0,0.0,0.0,0.3333333333333333,0.0,0.0,0.0,1.0,0.0,10.333333333333332,Low,zcollins@example.net,USA,2024-09-27 02:44:38,pending,True,94,925.18,0.0
USR00074,0,0,0,True,verified,False,False,0.0,0.0,0.0,0.0,0.14285714285714285,0.0,0.0,0.0,0.0,0.0,0.5714285714285714,Low,adickerson@example.com,USA,2024-11-20 13:33:20,verified,True,40,218.47,3432.72
USR00075,0,0,0,True,pending,False,False,0.0,0.0,0.0,0.0,0.0,0.0,0.0,1.0,0.0,0.0,5.0,Low,jeffreynichols@example.net,UK,2024-06-18 06:17:08,pending,True,195,74.86,497.39
USR00076,0,0,0,True,verified,False,False,0.0,0.125,0.0,0.0,0.25,0.0,0.0,0.0,0.0,0.0,2.0,Low,zwells@example.com,Brazil,2024-02-19 13:34:38,verified,True,315,380.85,6332.95
USR00077,0,0,0,True,verified,False,False,0.0,0.0,0.0,0.0,0.5,0.0,0.0,0.0,0.0,0.0,2.0,Low,zwheeler@example.org,India,2024-06-15 10:57:38,verified,True,198,0.0,773.12
USR00078,0,0,0,True,verified,False,False,0.0,0.0,0.0,0.0,0.16666666666666666,0.0,0.0,1.0,0.0,0.0,0.6666666666666666,Low,andreabarnett@example.com,Russia,2024-10-22 15:10:30,verified,True,69,38.71,483.85
USR00079,0,0,0,True,verified,False,False,0.0,0.25,2.0,0.0,0.0,1.0,0.0,1.0,0.0,0.0,23.0,Medium,srivas@example.org,India,2024-10-17 21:24:43,verified,True,74,454.06,12.21
USR00080,0,0,0,True,verified,True,False,1.0,0.3333333333333333,0.0,0.3333333333333333,0.0,0.0,0.0,0.0,0.0,0.0,4.333333333333333,Low,martinmario@example.org,Nigeria,2024-10-19 21:57:46,verified,True,72,4091.45,109.92
USR00081,0,0,0,False,pending,False,False,0.0,0.0,0.0,0.0,0.0,0.0,0.0,0.0,0.0,0.0,13.0,Low,jamessalazar@example.com,India,2024-03-25 15:34:36,pending,False,280,1117.07,894.31
USR00082,0,1,1,True,verified,True,False,1.0,0.23076923076923078,1.0,0.07692307692307693,0.3076923076923077,0.0,0.0,0.0,0.0,0.0,31.46153846153846,Medium,trevor01@example.net,India,2024-10-29 01:32:44,verified,True,62,18890.1,691.22
USR00083,0,0,0,True,verified,False,False,0.0,0.0,0.0,0.0,0.25,0.0,0.0,1.0,0.0,0.0,1.0,Low,allenhenry@example.net,India,2024-05-25 18:06:51,verified,True,219,380.42,510.45
USR00084,0,0,0,True,verified,False,False,0.0,0.0,0.0,0.0,0.125,0.0,1.0,2.0,0.0,0.0,8.5,Low,richardmelendez@example.net,Germany,2024-10-27 00:02:37,verified,True,64,2368.67,1730.48
USR00085,0,0,0,True,pending,False,False,0.0,0.0,0.0,0.0,0.14285714285714285,0.0,0.0,0.0,0.0,0.0,5.571428571428571,Low,kathleentaylor@example.com,USA,2024-07-25 21:32:44,pending,True,158,499.44,471.03
USR00086,0,0,0,True,verified,False,False,1.0,0.5,1.0,0.25,0.0,0.0,0.0,0.0,0.0,0.0,8.25,Low,sylvia94@example.net,Nigeria,2024-02-10 23:41:36,verified,True,324,791.12,565.5
USR00087,0,0,0,True,verified,False,False,0.0,0.0,0.0,0.0,0.3333333333333333,0.0,1.0,2.0,0.0,0.0,9.333333333333334,Low,bennettrobert@example.com,Germany,2024-07-21 15:01:55,verified,True,162,291.22,469.74
USR00088,0,1,0,True,verified,False,False,0.0,0.0,0.0,0.0,0.0,0.0,0.0,0.0,0.0,0.0,15.0,Low,martinezscott@example.com,India,2024-10-10 21:39:29,verified,True,81,20.47,0.0
USR00089,0,0,0,False,verified,False,False,1.0,0.2222222222222222,1.0,0.1111111111111111,0.1111111111111111,0.0,0.0,0.0,0.0,0.0,13.777777777777779,Low,suttonmichelle@example.net,India,2024-10-18 10:56:45,verified,False,73,7060.37,917.08
USR00090,0,0,0,False,verified,False,False,0.0,0.0,0.0,0.0,0.25,0.0,0.0,0.0,0.0,1.0,12.0,Low,katelyn85@example.org,India,2024-03-23 09:06:01,verified,False,282,664.17,110.45
USR00091,0,0,0,True,verified,False,False,0.0,0.0,0.0,0.0,0.4,0.0,0.0,0.0,0.0,0.0,1.6,Low,jessegarcia@example.com,UK,2024-07-19 15:18:53,verified,True,164,63.55,1723.27
USR00092,0,0,0,True,verified,False,False,1.0,0.25,0.0,0.25,0.25,0.0,0.0,0.0,0.0,0.0,4.25,Low,osmith@example.com,India,2024-09-07 20:15:04,verified,True,114,645.14,0.0
USR00093,0,0,0,True,verified,False,False,0.0,0.0,0.0,0.0,0.0,0.0,0.0,1.0,0.0,0.0,0.0,Low,abigailjohns@example.org,USA,2024-09-14 20:33:21,verified,True,107,273.03,114.67
USR00094,0,0,0,True,pending,False,False,0.0,0.0,0.0,0.0,0.0,0.0,0.0,0.0,0.0,0.0,5.0,Low,swebb@example.com,India,2024-09-29 23:04:58,pending,True,92,2974.57,600.07
USR00095,0,0,0,True,pending,False,False,0.0,0.0,0.0,0.0,0.16666666666666666,0.0,1.0,2.0,0.0,0.0,13.666666666666668,Low,hillraymond@example.org,UK,2024-10-23 00:07:19,pending,True,68,505.02,497.75
USR00096,0,0,0,True,verified,False,False,0.0,0.0,0.0,0.0,0.6,0.0,0.0,0.0,0.0,0.0,2.4,Low,mortega@example.org,India,2024-08-19 18:29:34,verified,True,133,118.15,0.0
USR00097,0,0,0,False,verified,False,True,0.0,0.0,0.0,0.0,0.2857142857142857,0.0,0.0,0.0,0.0,0.0,9.142857142857142,Low,marc81@example.org,India,2024-07-26 10:29:59,verified,False,157,249.97,938.42
USR00098,0,0,0,True,verified,False,False,0.0,0.0,0.0,0.0,0.0,0.0,0.0,1.0,0.0,0.0,0.0,Low,jordanchristopher@example.org,USA,2024-10-19 08:31:53,verified,True,72,2031.18,155.9
USR00099,0,0,0,True,verified,False,False,0.0,0.0,0.0,0.0,0.0,0.0,0.0,0.0,0.0,0.0,0.0,Low,denise68@example.org,India,2024-01-20 22:51:56,verified,True,345,282.92,393.46
USR00100,0,0,0,False,verified,False,False,1.0,1.5,1.0,0.5,0.0,0.0,0.0,0.0,0.0,0.0,25.5,Medium,andrebolton@example.com,USA,2024-09-23 14:11:14,verified,False,98,0.0,0.0
USR00101,0,0,0,True,rejected,False,False,0.0,0.0,0.0,0.0,0.0,0.0,0.0,1.0,0.0,0.0,12.0,Low,terri51@example.net,USA,2024-10-23 21:07:45,rejected,True,68,238.1,1008.43
USR00102,0,0,0,True,pending,False,False,1.0,1.5,1.0,0.5,0.0,0.0,0.0,0.0,0.0,0.0,22.5,Medium,patelgeorge@example.org,India,2024-04-25 11:31:55,pending,True,249,31551.39,0.0
USR00103,0,0,0,True,verified,False,False,0.0,0.0,0.0,0.0,0.0,0.0,0.0,0.0,0.0,0.0,0.0,Low,kurt25@example.com,UK,2024-10-23 05:13:30,verified,True,68,830.34,0.0
USR00104,0,0,0,True,verified,False,False,1.0,0.75,1.0,0.25,0.0,0.0,0.0,2.0,0.0,0.0,10.25,Low,dgarcia@example.net,USA,2024-01-02 00:56:22,verified,True,363,532.64,0.0
USR00105,0,0,0,True,verified,False,False,1.0,0.1111111111111111,0.0,0.1111111111111111,0.1111111111111111,0.0,0.0,1.0,0.0,0.0,1.8888888888888888,Low,jsullivan@example.org,Brazil,2024-11-29 20:06:55,verified,True,31,872.25,67.94
USR00106,0,0,0,True,verified,False,False,0.0,0.0,0.0,0.0,0.4,0.0,0.0,0.0,0.0,0.0,1.6,Low,rodriguezrachel@example.net,USA,2024-03-17 19:48:31,verified,True,288,484.9,0.0
USR00107,0,0,0,True,verified,False,False,0.0,0.0,0.0,0.0,0.0,0.0,0.0,0.0,0.0,0.0,0.0,Low,richardcollins@example.org,Germany,2024-03-05 10:30:44,verified,True,300,213.2,2059.82
USR00108,0,0,0,True,verified,False,False,0.0,0.0,0.0,0.0,0.0,0.0,0.0,0.0,0.0,0.0,0.0,Low,nherrera@example.net,USA,2024-04-28 02:20:07,verified,True,246,0.0,0.0
USR00109,0,0,0,True,pending,False,False,0.0,0.0,0.0,0.0,0.0,0.0,0.0,0.0,0.0,0.0,5.0,Low,lsandoval@example.org,India,2024-06-16 18:47:56,pending,True,197,102.6,317.65
USR00110,1,0,0,True,pending,False,False,0.0,0.0,0.0,0.0,0.0,0.0,0.0,0.0,0.0,1.0,23.0,Medium,sandra66@example.org,UK,2024-08-16 00:22:56,pending,True,136,17.08,241.64
USR00111,0,0,0,True,pending,False,False,0.0,0.0,0.0,0.0,0.0,0.0,0.0,0.0,0.0,0.0,5.0,Low,ckim@example.org,India,2024-07-01 17:23:07,pending,True,182,1160.41,1219.16
USR00112,0,0,0,True,verified,False,False,0.0,0.0,0.0,0.0,0.3333333333333333,0.0,0.0,1.0,0.0,0.0,1.3333333333333333,Low,markkim@example.net,India,2024-02-05 10:26:27,verified,True,329,498.43,0.0
USR00113,0,0,0,True,verified,False,False,0.0,0.0,0.0,0.0,0.0,0.0,0.0,0.0,0.0,0.0,0.0,Low,joseph38@example.net,Germany,2024-07-11 10:06:21,verified,True,172,221.58,0.0
USR00114,0,0,0,True,pending,False,False,0.0,0.0,0.0,0.0,0.0,0.0,0.0,0.0,0.0,0.0,5.0,Low,veronicaellis@example.org,Nigeria,2024-05-05 13:07:48,pending,True,239,562.79,0.0
USR00115,0,0,0,True,pending,False,False,0.0,0.0,0.0,0.0,0.0,0.0,0.0,0.0,0.0,0.0,5.0,Low,riverajason@example.net,India,2024-06-28 09:55:53,pending,True,185,0.0,301.49
USR00116,0,0,0,True,verified,False,False,0.0,0.0,0.0,0.0,0.1,0.0,0.0,0.0,0.0,0.0,0.4,Low,brandipadilla@example.org,India,2024-03-20 01:18:01,verified,True,285,32.11,640.15
USR00117,0,0,0,True,verified,False,False,1.0,0.3,1.0,0.1,0.5,0.0,0.0,0.0,0.0,0.0,7.9,Low,jhodges@example.org,India,2024-09-01 16:13:59,verified,True,120,939.28,259.11
USR00118,0,0,0,True,pending,False,False,16.0,1.28,15.0,0.04,0.12,14.0,0.0,0.0,0.0,0.0,45.92,High,eric45@example.com,India,2024-11-22 18:28:09,pending,True,38,1359.21,3257.07
USR00119,0,0,0,True,verified,False,False,0.0,0.0,0.0,0.0,0.4,0.0,0.0,0.0,0.0,0.0,1.6,Low,rwarner@example.com,USA,2024-07-16 15:01:51,verified,True,167,482.17,642.22
USR00120,0,0,0,True,pending,False,False,0.0,0.0,0.0,0.0,0.14285714285714285,0.0,0.0,0.0,0.0,0.0,5.571428571428571,Low,ssmith@example.org,Nigeria,2024-03-15 00:37:02,pending,True,290,184.12,1819.73
USR00121,0,0,0,True,pending,False,False,0.0,0.0,0.0,0.0,0.0,0.0,0.0,1.0,0.0,0.0,5.0,Low,lindagreer@example.com,India,2024-06-10 03:32:37,pending,True,203,0.0,0.0
USR00122,0,0,0,True,verified,False,False,0.0,0.0,0.0,0.0,0.0,0.0,0.0,1.0,0.0,0.0,0.0,Low,caitlynmcintyre@example.com,India,2024-08-13 05:16:39,verified,True,139,281.43,0.0
USR00123,1,0,0,True,verified,True,False,0.0,0.0,0.0,0.0,0.5,0.0,0.0,0.0,0.0,0.0,17.0,Low,daniellejennings@example.org,Nigeria,2024-07-30 01:08:07,verified,True,153,139.17,0.0
USR00124,0,0,0,True,verified,False,True,0.0,0.0,0.0,0.0,0.16666666666666666,0.0,1.0,4.0,0.0,0.0,8.666666666666666,Low,donaldbrown@example.org,UK,2024-11-28 10:37:09,verified,True,32,1355.26,1619.09
USR00125,0,0,0,True,rejected,False,False,0.0,0.0,0.0,0.0,0.0,0.0,0.0,1.0,0.0,0.0,12.0,Low,sjones@example.org,India,2024-09-14 18:01:41,rejected,True,107,254.47,1083.68
USR00126,0,0,0,True,pending,False,False,2.0,0.7142857142857143,1.0,0.2857142857142857,0.14285714285714285,0.0,0.0,0.0,0.0,0.0,15.714285714285715,Low,lbates@example.net,USA,2024-05-08 22:24:53,pending,True,236,50265.08,2740.96
USR00127,0,0,0,True,verified,False,False,1.0,0.5714285714285714,1.0,0.14285714285714285,0.0,0.0,1.0,2.0,0.0,0.0,16.285714285714285,Low,david45@example.net,India,2024-06-08 05:16:39,verified,True,205,10534.96,2345.99
USR00128,0,0,0,True,verified,False,False,0.0,0.0,0.0,0.0,0.0,0.0,0.0,0.0,0.0,0.0,0.0,Low,taylor30@example.org,Nigeria,2024-06-03 08:48:47,verified,True,210,400.55,0.0
USR00129,0,1,0,True,verified,False,False,1.0,1.3333333333333333,1.0,0.3333333333333333,0.3333333333333333,0.0,0.0,0.0,0.0,0.0,31.666666666666664,Medium,hollybrewer@example.net,USA,2024-10-06 02:55:54,verified,True,85,34.27,0.0
USR00130,0,0,0,True,pending,False,False,0.0,0.0,0.0,0.0,0.0,1.0,0.0,0.0,0.0,0.0,20.0,Low,jonathanlane@example.org,USA,2024-04-21 14:33:59,pending,True,253,563.52,0.0
USR00131,0,0,0,True,verified,False,False,0.0,0.0,0.0,0.0,0.1111111111111111,0.0,0.0,1.0,0.0,0.0,0.4444444444444444,Low,brandy95@example.net,India,2024-06-21 07:23:01,verified,True,192,778.43,1138.22
USR00132,0,0,0,True,verified,False,False,0.0,0.25,1.0,0.0,0.0,0.0,0.0,1.0,0.0,0.0,5.0,Low,fmclaughlin@example.net,USA,2024-06-16 06:17:30,verified,True,197,109.28,0.0
USR00133,0,0,0,True,verified,False,False,1.0,0.6666666666666666,1.0,0.16666666666666666,0.3333333333333333,0.0,0.0,0.0,0.0,0.0,10.5,Low,kristina16@example.net,Brazil,2024-05-28 13:34:16,verified,True,216,25000.0,1788.68
USR00134,0,0,1,True,verified,True,False,0.0,0.0,0.0,0.0,0.0,0.0,0.0,0.0,0.0,0.0,10.0,Low,cstokes@example.org,USA,2024-04-09 03:49:02,verified,True,265,231.13,1698.9
USR00135,0,0,0,True,verified,False,False,0.0,0.0,0.0,0.0,0.0,0.0,0.0,0.0,0.0,0.0,0.0,Low,dawn71@example.org,Russia,2024-05-14 04:54:18,verified,True,230,2927.4,82.25
USR00136,0,0,1,True,verified,False,False,1.0,0.3333333333333333,1.0,0.16666666666666666,0.0,0.0,0.0,0.0,0.0,0.0,16.5,Low,shawn81@example.org,India,2024-05-29 09:36:03,verified,True,215,2123.41,105.99
USR00137,0,1,0,True,pending,True,False,0.0,0.0,0.0,0.0,0.2,0.0,0.0,0.0,0.0,0.0,20.8,Medium,mary24@example.com,India,2024-01-09 12:29:30,pending,True,356,0.0,549.75
USR00138,0,0,1,True,verified,True,False,1.0,0.75,1.0,0.25,0.0,0.0,0.0,1.0,0.0,0.0,20.25,Medium,lisa37@example.org,Nigeria,2024-01-20 01:07:31,verified,True,345,747.27,1000.0
USR00139,0,0,0,True,verified,False,False,1.0,0.25,0.0,0.25,0.0,0.0,0.0,0.0,0.0,0.0,3.25,Low,stephanie85@example.net,USA,2024-11-07 10:32:51,verified,True,53,31.54,0.0
USR00140,0,0,0,True,verified,False,False,0.0,0.0,0.0,0.0,0.5,0.0,0.0,1.0,0.0,0.0,2.0,Low,martinaaron@example.net,USA,2024-11-21 13:52:05,verified,True,39,0.0,0.0
USR00141,0,0,0,True,verified,False,False,1.0,0.14285714285714285,0.0,0.14285714285714285,0.42857142857142855,0.0,0.0,0.0,0.0,0.0,3.571428571428571,Low,tylerortega@example.net,India,2024-05-21 16:45:11,verified,True,223,3880.42,701.43
USR00142,0,0,0,True,rejected,False,False,0.0,0.0,0.0,0.0,0.0,0.0,0.0,0.0,0.0,0.0,12.0,Low,ilawrence@example.net,USA,2024-07-28 11:38:40,rejected,True,155,2712.65,1335.53
USR00143,0,0,0,True,verified,False,False,2.0,0.5555555555555556,1.0,0.2222222222222222,0.1111111111111111,0.0,0.0,0.0,0.0,0.0,9.0,Low,waltersjennifer@example.net,Nigeria,2024-07-06 03:08:50,verified,True,177,2848.96,333.75
USR00144,0,0,0,False,pending,False,False,0.0,0.0,0.0,0.0,0.25,0.0,0.0,0.0,0.0,0.0,14.0,Low,christianthomas@example.com,UK,2024-10-19 21:12:04,pending,False,72,1297.37,313.45
USR00145,0,0,0,True,pending,False,False,1.0,0.6,1.0,0.2,0.0,0.0,0.0,1.0,0.0,0.0,13.8,Low,owensamy@example.com,India,2024-05-22 01:16:14,pending,True,222,0.0,20022.37
USR00146,0,0,0,True,verified,False,False,0.0,0.0,0.0,0.0,0.3333333333333333,0.0,0.0,0.0,0.0,0.0,1.3333333333333333,Low,jeanette40@example.org,Brazil,2024-04-11 19:31:17,verified,True,263,305.41,1045.22
USR00147,0,0,0,True,pending,False,False,0.0,0.0,0.0,0.0,0.0,0.0,1.0,2.0,0.0,0.0,13.0,Low,cameronheidi@example.net,USA,2024-08-06 00:41:45,pending,True,146,81.3,0.0
USR00148,0,0,0,True,verified,False,False,1.0,1.0,1.0,0.3333333333333333,0.0,0.0,0.0,0.0,0.0,0.0,12.666666666666666,Low,ucollins@example.net,Brazil,2024-09-09 03:21:00,verified,True,112,0.0,2137.32
USR00149,0,0,1,False,verified,False,False,1.0,0.08333333333333333,0.0,0.08333333333333333,0.3333333333333333,0.0,1.0,2.0,0.0,0.0,28.416666666666668,Medium,matthewduncan@example.com,UK,2024-07-27 18:17:51,verified,False,156,1334.45,4332.28
USR00150,0,0,0,True,rejected,False,False,0.0,0.0,0.0,0.0,0.2,0.0,0.0,0.0,0.0,0.0,12.8,Low,nsavage@example.net,UK,2024-10-15 06:26:55,rejected,True,76,456.69,0.0
USR00151,0,0,0,True,verified,True,False,0.0,0.0,0.0,0.0,1.0,0.0,0.0,0.0,0.0,0.0,4.0,Low,robertstanya@example.net,USA,2024-04-18 15:22:01,verified,True,256,0.0,0.0
USR00152,0,0,0,True,verified,False,False,0.0,0.0,0.0,0.0,0.0,0.0,1.0,2.0,0.0,0.0,8.0,Low,marcusdavis@example.net,India,2024-09-07 10:13:17,verified,True,114,334.97,0.0
USR00153,0,0,0,True,rejected,False,False,0.0,0.2222222222222222,1.0,0.0,0.3333333333333333,0.0,0.0,1.0,0.0,0.0,18.11111111111111,Low,tarahall@example.net,Russia,2024-09-14 09:27:08,rejected,True,107,2359.42,2813.33
USR00154,0,0,0,True,pending,False,False,1.0,0.2222222222222222,1.0,0.1111111111111111,0.4444444444444444,0.0,0.0,1.0,0.0,0.0,12.11111111111111,Low,daviskenneth@example.net,Germany,2024-11-01 15:10:03,pending,True,59,228.41,1328.8
USR00155,0,0,0,False,rejected,False,False,0.0,0.0,0.0,0.0,0.16666666666666666,0.0,0.0,0.0,0.0,0.0,20.666666666666668,Medium,paulmcmahon@example.net,USA,2024-05-07 14:23:49,rejected,False,237,0.0,2160.42
USR00156,0,0,0,True,pending,False,False,0.0,0.0,0.0,0.0,0.0,0.0,0.0,0.0,0.0,0.0,5.0,Low,kristentaylor@example.com,UK,2024-07-28 19:10:22,pending,True,155,82.07,0.0
USR00157,0,0,0,True,verified,False,True,0.0,0.0,0.0,0.0,0.3333333333333333,0.0,0.0,0.0,0.0,0.0,1.3333333333333333,Low,benjamin43@example.com,India,2024-04-02 09:40:59,verified,True,272,926.83,0.0
USR00158,0,0,0,True,rejected,False,False,0.0,0.0,0.0,0.0,0.0,0.0,1.0,2.0,0.0,0.0,20.0,Low,dpruitt@example.com,USA,2024-01-25 16:24:13,rejected,True,340,95.04,0.0
USR00159,0,0,0,True,verified,False,False,0.0,0.0,0.0,0.0,0.0,0.0,0.0,0.0,0.0,0.0,0.0,Low,pcarr@example.net,UK,2024-01-17 20:11:29,verified,True,348,23.8,0.0
USR00160,0,0,0,True,pending,False,False,0.0,0.0,0.0,0.0,0.0,0.0,0.0,0.0,0.0,0.0,5.0,Low,erincampbell@example.org,India,2024-07-05 00:26:05,pending,True,178,842.67,0.0
USR00161,0,0,0,True,verified,False,False,0.0,0.0,0.0,0.0,0.2857142857142857,0.0,0.0,0.0,0.0,0.0,1.1428571428571428,Low,juan38@example.com,India,2024-05-05 02:17:59,verified,True,239,285.01,293.44
USR00162,0,0,0,True,pending,False,False,0.0,0.25,1.0,0.0,0.25,0.0,0.0,0.0,0.0,0.0,11.0,Low,jaguirre@example.com,USA,2024-08-20 00:05:44,pending,True,132,147.92,736.15
USR00163,0,0,0,False,verified,False,False,0.0,0.0,0.0,0.0,0.0,0.0,0.0,0.0,0.0,0.0,8.0,Low,nathan52@example.net,Nigeria,2024-09-09 18:58:58,verified,False,112,352.71,175.74
USR00164,0,0,0,True,verified,False,False,0.0,0.0,0.0,0.0,0.16666666666666666,0.0,0.0,1.0,0.0,0.0,0.6666666666666666,Low,evillarreal@example.net,India,2024-11-17 08:06:22,verified,True,43,185.54,1144.47
USR00165,0,0,0,True,pending,False,False,0.0,0.0,0.0,0.0,0.0,0.0,0.0,0.0,0.0,0.0,5.0,Low,philipchapman@example.org,India,2024-02-29 06:41:52,pending,True,305,0.0,111.97
USR00166,0,0,0,True,verified,False,False,1.0,0.6,1.0,0.2,0.4,0.0,0.0,0.0,0.0,0.0,10.4,Low,angelamoreno@example.com,USA,2024-05-24 17:19:13,verified,True,220,491.43,395.74
USR00167,0,0,0,True,verified,False,False,1.0,0.2857142857142857,1.0,0.14285714285714285,0.2857142857142857,0.0,0.0,0.0,0.0,0.0,7.142857142857142,Low,mollygonzalez@example.net,USA,2024-05-17 07:46:22,verified,True,227,991.53,1004.88
USR00168,0,0,0,True,verified,False,False,1.0,0.2,0.0,0.2,0.2,0.0,1.0,2.0,0.0,0.0,11.4,Low,dylanmcconnell@example.net,India,2024-05-01 08:14:05,verified,True,243,3337.7,3118.76
USR00169,0,0,0,True,verified,False,False,0.0,0.0,0.0,0.0,0.0,0.0,0.0,0.0,0.0,0.0,0.0,Low,xjones@example.org,India,2024-11-24 07:27:04,verified,True,36,199.66,390.9
USR00170,0,0,0,False,pending,False,False,0.0,0.0,0.0,0.0,0.0,0.0,0.0,1.0,0.0,1.0,16.0,Low,edward60@example.org,USA,2024-10-25 00:59:22,pending,False,66,194.25,1494.84
USR00171,0,0,0,False,verified,True,False,0.0,0.0,0.0,0.0,0.2857142857142857,0.0,1.0,2.0,0.0,0.0,17.142857142857142,Low,john48@example.net,Germany,2024-04-13 20:47:36,verified,False,261,1003.3,216.84
USR00172,0,0,0,True,verified,False,False,0.0,0.25,0.0,0.0,0.0,0.0,0.0,0.0,0.0,0.0,2.0,Low,kyle08@example.com,Russia,2024-06-04 15:34:51,verified,True,209,53.35,4999.0
USR00173,0,0,0,True,verified,False,False,0.0,0.0,0.0,0.0,0.25,0.0,0.0,2.0,0.0,0.0,1.0,Low,jonathonanderson@example.com,UK,2024-06-25 04:17:06,verified,True,188,118.37,130.2
USR00174,0,0,1,True,verified,False,False,0.0,0.0,0.0,0.0,0.2,0.0,0.0,0.0,0.0,0.0,10.8,Low,reillyjeremiah@example.org,India,2024-01-21 10:20:59,verified,True,344,3347.35,1148.99
USR00175,0,0,0,True,verified,False,False,0.0,0.0,0.0,0.0,0.1111111111111111,0.0,0.0,0.0,0.0,0.0,0.4444444444444444,Low,jodyray@example.net,Germany,2024-08-23 18:21:30,verified,True,129,3387.2,1256.79
USR00176,0,0,0,False,verified,False,False,0.0,0.0,0.0,0.0,0.5,0.0,0.0,0.0,0.0,0.0,10.0,Low,qvaughn@example.org,India,2024-09-20 11:57:00,verified,False,101,0.0,555.57
USR00177,0,0,1,True,verified,True,False,1.0,0.5,1.0,0.25,0.5,0.0,0.0,0.0,0.0,0.0,20.25,Medium,ghoffman@example.org,India,2024-03-20 09:21:41,verified,True,285,457.97,43.37
USR00178,0,0,0,True,verified,False,False,1.0,0.42857142857142855,1.0,0.14285714285714285,0.2857142857142857,0.0,0.0,0.0,0.0,0.0,8.285714285714286,Low,kelly91@example.net,USA,2024-10-17 02:40:34,verified,True,74,252.84,35659.76
USR00179,1,0,0,False,pending,True,False,0.0,0.0,0.0,0.0,0.5,0.0,0.0,0.0,0.0,0.0,30.0,Medium,megan90@example.org,India,2024-05-17 13:04:38,pending,False,227,91.55,0.0
USR00180,0,0,0,True,rejected,False,False,1.0,1.0,1.0,0.25,0.25,0.0,1.0,2.0,0.0,0.0,33.25,Medium,ucarrillo@example.org,USA,2024-08-11 14:27:51,rejected,True,141,52023.93,92.65
USR00181,0,0,0,True,pending,False,False,1.0,0.5,1.0,0.16666666666666666,0.0,0.0,0.0,1.0,0.0,0.0,12.833333333333334,Low,sonyathompson@example.org,Nigeria,2024-03-07 17:58:26,pending,True,298,371.43,451.59
USR00182,0,0,0,True,verified,False,False,0.0,0.0,0.0,0.0,0.25,0.0,0.0,0.0,0.0,0.0,1.0,Low,vhenderson@example.net,India,2024-04-04 11:52:26,verified,True,270,638.28,764.01
USR00183,0,0,0,False,verified,False,False,0.0,0.0,0.0,0.0,0.0,0.0,0.0,1.0,0.0,0.0,8.0,Low,robertlynch@example.net,India,2024-10-29 13:54:17,verified,False,62,238.25,0.0
USR00184,0,0,0,True,verified,False,False,0.0,0.0,0.0,0.0,0.0,0.0,0.0,0.0,0.0,0.0,0.0,Low,madison54@example.com,India,2024-10-09 11:39:52,verified,True,82,336.29,364.59
USR00185,0,0,0,True,pending,False,False,0.0,0.0,0.0,0.0,0.0,0.0,0.0,0.0,0.0,0.0,5.0,Low,jgallagher@example.net,India,2024-02-29 08:50:58,pending,True,305,331.88,0.0
USR00186,0,0,0,False,verified,False,False,0.0,0.0,0.0,0.0,0.0,0.0,0.0,0.0,0.0,0.0,8.0,Low,paulsmith@example.com,Nigeria,2024-10-22 02:34:06,verified,False,69,0.0,0.0
USR00187,0,0,0,True,verified,False,False,0.0,0.0,0.0,0.0,0.14285714285714285,0.0,0.0,1.0,0.0,0.0,0.5714285714285714,Low,lopezpatricia@example.org,USA,2024-08-31 14:05:23,verified,True,121,197.25,157.65
USR00188,0,0,0,True,verified,False,False,13.0,2.375,13.0,0.8125,0.125,12.0,0.0,0.0,1.0,0.0,57.5625,High,samuelbailey@example.net,USA,2024-05-16 16:20:21,verified,True,228,722.3,0.0
USR00189,0,0,0,False,pending,False,False,0.0,0.0,0.0,0.0,0.0,0.0,0.0,0.0,0.0,0.0,13.0,Low,svalentine@example.net,India,2024-11-28 03:54:43,pending,False,32,2395.7,537.58
USR00190,0,0,0,True,verified,False,False,0.0,0.0,0.0,0.0,0.4,0.0,0.0,2.0,0.0,0.0,1.6,Low,ihooper@example.com,UK,2024-01-16 22:21:33,verified,True,349,472.47,491.42
USR00191,0,0,0,True,verified,False,False,0.0,0.0,0.0,0.0,0.0,0.0,0.0,0.0,0.0,0.0,0.0,Low,schmidtjeffrey@example.net,Nigeria,2024-01-25 00:42:16,verified,True,340,1019.5,215.36
USR00192,0,0,0,True,verified,False,False,1.0,0.42857142857142855,1.0,0.14285714285714285,0.0,0.0,0.0,0.0,0.0,0.0,7.142857142857143,Low,christopher06@example.org,USA,2024-01-16 04:49:51,verified,True,349,316.89,2533.62
USR00193,0,0,0,True,verified,False,False,0.0,0.0,0.0,0.0,0.0,0.0,0.0,0.0,0.0,0.0,0.0,Low,markfuller@example.com,UK,2024-04-19 20:45:33,verified,True,255,887.73,0.0
USR00194,0,0,0,True,rejected,False,False,0.0,0.0,0.0,0.0,0.0,0.0,1.0,2.0,0.0,0.0,20.0,Low,randy68@example.org,India,2024-05-08 00:56:26,rejected,True,236,1237.64,1244.84
USR00195,0,0,0,False,verified,False,False,0.0,0.0,0.0,0.0,0.0,0.0,0.0,1.0,0.0,0.0,8.0,Low,amy65@example.net,India,2024-02-28 09:34:51,verified,False,306,1764.74,1623.81
USR00196,0,0,0,True,verified,False,False,0.0,0.0,0.0,0.0,0.0,0.0,0.0,0.0,0.0,0.0,0.0,Low,dustinwallace@example.org,India,2024-06-01 05:18:47,verified,True,212,502.37,0.0
USR00197,0,0,0,True,verified,False,False,0.0,0.0,0.0,0.0,0.25,0.0,1.0,2.0,0.0,0.0,9.0,Low,jerryjackson@example.org,UK,2024-02-19 15:07:27,verified,True,315,116.61,0.0
USR00198,0,0,0,True,pending,False,True,0.0,0.0,0.0,0.0,0.25,1.0,1.0,6.0,0.0,0.0,29.0,Medium,jonesmelissa@example.org,India,2024-06-13 10:26:00,pending,True,200,0.0,0.0
USR00199,0,0,0,True,pending,False,False,2.0,2.0,2.0,0.6666666666666666,0.0,0.0,0.0,2.0,0.0,0.0,30.333333333333332,Medium,amy43@example.org,India,2024-03-15 13:37:06,pending,True,290,45902.16,26905.43
USR00200,0,0,0,True,verified,False,False,0.0,0.0,0.0,0.0,0.14285714285714285,0.0,0.0,2.0,0.0,0.0,0.5714285714285714,Low,agarcia@example.net,UK,2024-11-20 07:52:51,verified,True,40,1319.8,507.7
USR00201,0,0,0,True,verified,False,False,2.0,0.8,1.0,0.4,0.2,0.0,0.0,1.0,0.0,0.0,12.200000000000001,Low,hendersonmark@example.com,Germany,2024-02-29 21:44:23,verified,True,305,0.0,0.0
USR00202,0,0,0,True,pending,False,False,0.0,0.0,0.0,0.0,0.0,0.0,0.0,1.0,0.0,0.0,5.0,Low,sierra91@example.com,Russia,2024-06-08 13:28:47,pending,True,205,309.06,0.0
USR00203,1,0,0,True,verified,False,False,0.0,0.0,0.0,0.0,0.0,0.0,1.0,2.0,0.0,0.0,23.0,Medium,cwilson@example.org,Germany,2024-03-31 21:03:55,verified,True,274,60.49,0.0
USR00204,0,0,0,True,rejected,False,False,0.0,0.0,0.0,0.0,0.0,0.0,0.0,2.0,0.0,0.0,12.0,Low,jonathanbrown@example.net,India,2024-08-09 12:41:38,rejected,True,143,442.43,0.0
USR00205,0,0,0,True,verified,False,False,0.0,0.0,0.0,0.0,0.25,0.0,0.0,0.0,0.0,0.0,1.0,Low,timothy14@example.com,Nigeria,2024-11-13 05:58:41,verified,True,47,0.0,219.13
USR00206,0,0,0,True,verified,False,False,8.0,1.0666666666666667,8.0,0.0,0.13333333333333333,7.0,1.0,2.0,0.0,0.0,47.06666666666666,High,phillip95@example.org,India,2024-02-09 20:12:20,verified,True,325,7859.18,4083.66
USR00207,0,0,0,True,verified,False,False,1.0,0.2,0.0,0.2,0.2,0.0,0.0,1.0,0.0,0.0,3.4000000000000004,Low,lewisleslie@example.com,Brazil,2024-07-18 08:47:39,verified,True,165,589.82,285.72
USR00208,0,0,0,True,verified,False,False,0.0,0.125,0.0,0.0,0.0,0.0,0.0,0.0,0.0,0.0,1.0,Low,jessicashelton@example.com,India,2024-01-11 08:35:03,verified,True,354,75.07,703.05
USR00209,0,0,0,True,verified,False,False,1.0,0.16666666666666666,0.0,0.16666666666666666,0.16666666666666666,0.0,0.0,0.0,0.0,0.0,2.833333333333333,Low,kanderson@example.org,USA,2024-05-03 18:21:29,verified,True,241,268.57,222.96
USR00210,0,0,0,True,rejected,False,False,1.0,1.0,1.0,0.25,0.0,0.0,0.0,0.0,0.0,0.0,24.25,Medium,yoneal@example.org,Germany,2024-11-18 05:56:18,rejected,True,42,0.0,0.0
USR00211,0,0,0,True,verified,False,False,0.0,0.0,0.0,0.0,0.0,0.0,0.0,0.0,0.0,0.0,0.0,Low,adrianhawkins@example.net,USA,2024-01-08 09:07:44,verified,True,357,1321.17,864.65
USR00212,0,0,0,True,verified,False,False,1.0,0.3333333333333333,1.0,0.16666666666666666,0.16666666666666666,0.0,0.0,0.0,0.0,0.0,7.166666666666666,Low,yjacobson@example.com,India,2024-04-21 21:18:04,verified,True,253,511.08,307.56
USR00213,0,0,0,True,verified,False,False,0.0,0.5,1.0,0.0,0.0,0.0,1.0,2.0,0.0,0.0,15.0,Low,aclarke@example.com,India,2024-11-20 22:29:41,verified,True,40,0.0,1405.89
USR00214,0,0,0,False,verified,True,False,0.0,0.0,0.0,0.0,0.0,0.0,1.0,2.0,0.0,0.0,16.0,Low,schroedergloria@example.net,USA,2024-06-15 16:47:47,verified,False,198,787.09,0.0
USR00215,0,0,0,False,verified,False,False,1.0,0.75,1.0,0.25,0.25,0.0,1.0,2.0,0.0,0.0,27.25,Medium,csmith@example.org,USA,2024-07-23 07:13:45,verified,False,160,508.0,587.03
USR00216,0,0,0,True,pending,False,False,0.0,0.0,0.0,0.0,0.14285714285714285,0.0,1.0,2.0,0.0,0.0,13.571428571428571,Low,uvance@example.com,India,2024-05-30 05:59:42,pending,True,214,384.01,30.85
USR00217,0,0,0,True,verified,False,False,1.0,0.2,0.0,0.2,0.0,0.0,0.0,1.0,0.0,0.0,2.6,Low,robertsshelby@example.org,Germany,2024-08-31 23:46:45,verified,True,121,2265.14,1105.62
USR00218,0,0,0,True,pending,False,False,0.0,0.0,0.0,0.0,0.25,0.0,0.0,0.0,0.0,0.0,6.0,Low,alex55@example.org,USA,2024-09-06 15:17:21,pending,True,115,1880.03,0.0
USR00219,0,0,0,True,pending,False,False,1.0,0.2,0.0,0.2,0.0,0.0,0.0,1.0,0.0,0.0,7.6,Low,leah91@example.org,India,2024-01-25 12:08:22,pending,True,340,1976.41,686.56
USR00220,0,0,0,True,pending,False,False,0.0,0.0,0.0,0.0,0.0,0.0,0.0,0.0,0.0,0.0,5.0,Low,madeline67@example.com,Russia,2024-05-02 13:33:58,pending,True,242,295.79,0.0
USR00221,0,0,0,True,pending,False,False,1.0,0.5,1.0,0.16666666666666666,0.0,0.0,0.0,1.0,0.0,0.0,12.833333333333334,Low,jennifer76@example.net,India,2024-03-15 05:12:47,pending,True,290,9112.85,0.0
USR00222,0,0,0,False,verified,False,False,0.0,0.0,0.0,0.0,0.5,0.0,0.0,1.0,0.0,0.0,10.0,Low,hmendoza@example.com,Nigeria,2024-06-18 16:40:55,verified,False,195,951.13,82.71
USR00223,0,0,0,True,verified,False,False,0.0,0.0,0.0,0.0,0.25,0.0,0.0,0.0,0.0,0.0,1.0,Low,michaelmcpherson@example.net,India,2024-07-12 05:15:14,verified,True,171,755.22,505.19
USR00224,0,0,0,True,verified,False,False,0.0,0.0,0.0,0.0,0.4,0.0,0.0,0.0,0.0,0.0,1.6,Low,michellesmith@example.org,India,2024-11-15 08:46:34,verified,True,45,39.54,258.6
USR00225,0,0,0,False,verified,False,False,0.0,0.0,0.0,0.0,0.0,0.0,0.0,0.0,0.0,0.0,8.0,Low,andreamiller@example.com,India,2024-10-05 17:06:11,verified,False,86,0.0,0.0
USR00226,0,0,0,True,verified,False,False,0.0,0.0,0.0,0.0,0.0,0.0,0.0,0.0,0.0,0.0,0.0,Low,ialexander@example.com,Brazil,2024-06-17 21:56:21,verified,True,196,872.63,208.54
USR00227,0,0,0,True,verified,False,False,1.0,0.16666666666666666,0.0,0.16666666666666666,0.16666666666666666,0.0,0.0,0.0,0.0,0.0,2.833333333333333,Low,greenjennifer@example.org,India,2024-11-07 02:45:20,verified,True,53,3171.89,328.92
USR00228,0,0,0,True,verified,False,False,0.0,0.0,0.0,0.0,0.0,0.0,0.0,0.0,0.0,0.0,0.0,Low,zhernandez@example.com,India,2024-02-19 00:32:56,verified,True,315,446.81,589.16
USR00229,0,0,0,True,verified,False,False,2.0,0.5555555555555556,1.0,0.2222222222222222,0.0,0.0,1.0,2.0,1.0,0.0,20.555555555555557,Medium,parksjeremiah@example.net,USA,2024-09-20 17:19:01,verified,True,101,2347.03,50739.31
USR00230,0,0,0,True,verified,False,False,0.0,0.0,0.0,0.0,0.0,0.0,1.0,2.0,0.0,0.0,8.0,Low,cynthia25@example.net,India,2024-05-02 02:17:04,verified,True,242,0.0,2106.83
USR00231,0,0,1,True,verified,True,False,0.0,0.0,0.0,0.0,0.25,0.0,0.0,0.0,0.0,0.0,11.0,Low,ortizdillon@example.com,UK,2024-08-06 03:10:08,verified,True,146,289.42,173.08
USR00232,0,0,0,True,rejected,False,False,1.0,0.3333333333333333,1.0,0.16666666666666666,0.0,0.0,0.0,0.0,0.0,0.0,18.499999999999996,Low,velezemma@example.net,India,2024-07-09 18:19:03,rejected,True,174,2193.92,0.0
USR00233,0,0,0,True,verified,False,False,0.0,0.0,0.0,0.0,0.0,0.0,0.0,0.0,0.0,0.0,0.0,Low,jasonpoole@example.org,India,2024-11-10 18:31:50,verified,True,50,343.28,292.18
USR00234,0,0,0,True,verified,False,False,0.0,0.0,0.0,0.0,0.0,0.0,0.0,0.0,0.0,0.0,0.0,Low,norrisrobert@example.org,Brazil,2024-04-26 11:47:55,verified,True,248,700.64,0.0
USR00235,0,0,0,True,verified,False,False,2.0,0.2857142857142857,0.0,0.2857142857142857,0.42857142857142855,0.0,1.0,2.0,0.0,0.0,13.428571428571427,Low,donanderson@example.org,India,2024-02-17 03:10:48,verified,True,317,2740.16,1184.31
USR00236,0,0,0,True,rejected,False,False,0.0,0.0,0.0,0.0,0.0,0.0,0.0,0.0,0.0,0.0,12.0,Low,adamstyler@example.com,USA,2024-06-30 12:32:17,rejected,True,183,118.3,178.02
USR00237,0,0,0,True,verified,False,False,0.0,0.0,0.0,0.0,0.0,0.0,0.0,0.0,0.0,0.0,0.0,Low,karen90@example.com,USA,2024-10-06 04:21:03,verified,True,85,3547.19,2289.95
USR00238,0,1,0,True,verified,True,False,0.0,0.0,0.0,0.0,0.0,0.0,0.0,1.0,0.0,0.0,15.0,Low,gregoryperez@example.net,India,2024-01-29 19:16:05,verified,True,336,0.0,841.51
USR00239,0,0,0,True,verified,False,False,1.0,0.2,0.0,0.2,0.0,0.0,1.0,2.0,0.0,0.0,10.6,Low,randallian@example.com,USA,2024-03-11 16:01:09,verified,True,294,13.95,3047.91
USR00240,0,0,0,False,pending,False,False,0.0,0.0,0.0,0.0,0.2222222222222222,0.0,1.0,2.0,0.0,0.0,21.88888888888889,Medium,ejohnston@example.com,UK,2024-04-28 02:38:46,pending,False,246,2092.33,298.44
USR00241,0,0,0,True,verified,False,False,0.0,0.0,0.0,0.0,0.2857142857142857,0.0,0.0,2.0,0.0,0.0,1.1428571428571428,Low,pjones@example.net,Russia,2024-11-24 12:40:25,verified,True,36,335.16,354.23
USR00242,0,0,0,True,pending,False,False,0.0,0.0,0.0,0.0,0.125,0.0,1.0,2.0,0.0,0.0,13.5,Low,elizabethhuffman@example.org,Brazil,2024-02-06 06:48:57,pending,True,328,789.75,1235.44
USR00243,0,0,0,True,rejected,False,False,0.0,0.0,0.0,0.0,0.0,0.0,0.0,1.0,0.0,0.0,12.0,Low,robertmatthews@example.org,India,2024-08-23 00:18:12,rejected,True,129,928.86,648.93
USR00244,0,0,0,True,verified,False,False,0.0,0.0,0.0,0.0,0.0,0.0,1.0,2.0,0.0,0.0,8.0,Low,norozco@example.org,Germany,2024-10-26 10:26:57,verified,True,65,304.06,0.0
USR00245,0,0,0,True,verified,False,False,0.0,0.0,0.0,0.0,0.0,0.0,0.0,0.0,0.0,0.0,0.0,Low,wmorris@example.com,India,2024-08-31 13:35:32,verified,True,121,0.0,0.0
USR00246,0,0,0,True,verified,False,False,0.0,0.0,0.0,0.0,0.3333333333333333,0.0,0.0,0.0,0.0,0.0,1.3333333333333333,Low,hguerrero@example.org,USA,2024-06-25 03:20:15,verified,True,188,68.91,0.0
USR00247,0,0,0,True,pending,False,False,1.0,0.16666666666666666,0.0,0.16666666666666666,0.16666666666666666,0.0,0.0,0.0,0.0,0.0,7.833333333333333,Low,spencer63@example.net,Russia,2024-05-01 09:28:48,pending,True,243,4157.9,2234.69
USR00248,0,1,0,True,verified,True,False,0.0,0.0,0.0,0.0,0.0,0.0,0.0,0.0,0.0,0.0,15.0,Low,salazarjason@example.com,USA,2024-07-18 23:57:45,verified,True,165,2860.53,65.19
USR00249,0,0,0,False,pending,False,False,3.0,0.8333333333333334,2.0,0.5,0.0,0.0,1.0,2.0,0.0,0.0,36.16666666666667,Medium,rmartin@example.net,USA,2024-04-22 16:58:18,pending,False,252,5835.09,908.86
USR00250,0,0,0,True,pending,False,False,1.0,0.4444444444444444,1.0,0.1111111111111111,0.0,0.0,0.0,0.0,0.0,0.0,12.11111111111111,Low,jenniferwaters@example.org,India,2024-08-12 08:26:00,pending,True,140,25174.9,392.7
USR00251,0,0,0,True,verified,True,False,0.0,0.0,0.0,0.0,0.5,0.0,0.0,0.0,0.0,0.0,2.0,Low,lcoleman@example.org,USA,2024-07-12 03:49:37,verified,True,171,0.0,0.0
USR00252,0,0,0,True,pending,False,False,0.0,0.0,0.0,0.0,0.14285714285714285,0.0,0.0,0.0,0.0,0.0,5.571428571428571,Low,lawsondavid@example.net,USA,2024-11-23 07:55:41,pending,True,37,217.87,669.88
USR00253,0,0,0,True,verified,False,False,0.0,0.0,0.0,0.0,0.4,0.0,0.0,0.0,0.0,0.0,1.6,Low,eric17@example.org,India,2024-10-09 12:51:59,verified,True,82,2899.86,0.0
USR00254,0,0,0,False,verified,False,False,0.0,0.0,0.0,0.0,0.25,0.0,1.0,2.0,0.0,0.0,17.0,Low,jenniferwilliams@example.net,Germany,2024-04-22 01:57:46,verified,False,252,0.0,69.3
USR00255,0,0,0,True,verified,False,False,2.0,0.3333333333333333,0.0,0.3333333333333333,0.16666666666666666,0.0,0.0,2.0,0.0,0.0,5.0,Low,charlenesimmons@example.net,India,2024-02-16 03:23:56,verified,True,318,7025.54,89.42
USR00256,0,0,0,True,verified,False,False,0.0,0.0,0.0,0.0,0.14285714285714285,0.0,0.0,0.0,0.0,0.0,0.5714285714285714,Low,kgood@example.com,USA,2024-02-26 00:40:09,verified,True,308,1991.17,1017.61
USR00257,0,0,0,False,verified,False,False,0.0,0.0,0.0,0.0,0.16666666666666666,0.0,1.0,2.0,0.0,0.0,16.666666666666664,Low,xbrown@example.net,Nigeria,2024-07-02 23:36:55,verified,False,181,1500.25,1361.4
USR00258,0,0,0,True,verified,False,False,0.0,0.0,0.0,0.0,0.0,0.0,0.0,1.0,0.0,0.0,0.0,Low,christopherking@example.org,India,2024-06-01 14:36:07,verified,True,212,2025.04,0.0
USR00259,0,0,0,True,verified,False,False,2.0,1.25,1.0,0.5,0.5,0.0,1.0,2.0,0.0,0.0,25.5,Medium,chriskelly@example.net,India,2024-10-02 05:56:01,verified,True,89,1334.09,50000.0
USR00260,0,0,0,True,rejected,False,False,1.0,0.16666666666666666,0.0,0.16666666666666666,0.0,0.0,0.0,1.0,0.0,0.0,14.166666666666668,Low,alvarezjulie@example.com,UK,2024-04-29 11:45:54,rejected,True,245,0.0,3983.53
USR00261,0,0,0,True,verified,False,False,0.0,0.0,0.0,0.0,0.25,0.0,0.0,0.0,0.0,0.0,1.0,Low,xmiranda@example.com,India,2024-10-31 01:11:38,verified,True,60,397.0,0.0
USR00262,0,0,1,True,rejected,False,False,1.0,0.6,1.0,0.2,0.2,0.0,1.0,2.0,0.0,0.0,39.6,Medium,stephensjennifer@example.org,India,2024-10-07 01:54:40,rejected,True,84,0.0,138.07
USR00263,0,0,0,True,verified,False,False,0.0,0.0,0.0,0.0,0.0,0.0,0.0,0.0,0.0,0.0,0.0,Low,ricky83@example.org,USA,2024-02-12 16:18:01,verified,True,322,109.73,906.89
USR00264,0,0,0,True,verified,False,False,1.0,0.1111111111111111,0.0,0.1111111111111111,0.1111111111111111,0.0,0.0,0.0,0.0,0.0,1.8888888888888888,Low,ann94@example.org,UK,2024-08-25 11:23:18,verified,True,127,1084.21,0.0
USR00265,0,0,0,True,verified,False,False,0.0,0.0,0.0,0.0,0.0,0.0,0.0,1.0,0.0,0.0,0.0,Low,juliacharles@example.net,India,2024-05-06 05:40:52,verified,True,238,0.0,534.76
USR00266,0,0,0,True,verified,False,False,0.0,0.0,0.0,0.0,0.0,0.0,0.0,0.0,0.0,0.0,0.0,Low,johnsonrachel@example.net,UK,2024-07-31 03:38:07,verified,True,152,908.59,2669.16
USR00267,0,0,0,False,pending,False,False,0.0,0.0,0.0,0.0,0.3333333333333333,0.0,1.0,2.0,0.0,0.0,22.333333333333336,Medium,sarnold@example.com,India,2024-03-15 16:01:54,pending,False,290,393.83,0.0
USR00268,0,0,0,False,pending,False,False,10.0,1.4285714285714286,9.0,0.07142857142857142,0.0,8.0,0.0,0.0,0.0,0.0,54.785714285714285,High,kbrown@example.com,India,2024-09-30 18:09:10,pending,False,91,991.39,134.43
USR00269,0,0,0,True,verified,False,False,0.0,0.0,0.0,0.0,0.2,0.0,0.0,0.0,0.0,0.0,0.8,Low,tammyshea@example.org,USA,2024-04-16 04:48:32,verified,True,258,884.2,121.45
USR00270,0,0,0,True,verified,False,False,0.0,0.0,0.0,0.0,0.16666666666666666,0.0,1.0,2.0,0.0,0.0,8.666666666666666,Low,jason14@example.net,India,2024-10-27 05:28:54,verified,True,64,0.0,605.25
USR00271,0,0,0,True,verified,False,False,0.0,0.0,0.0,0.0,0.0,0.0,0.0,1.0,0.0,0.0,0.0,Low,nlopez@example.net,Germany,2024-04-09 14:13:51,verified,True,265,422.99,665.61
USR00272,0,0,0,True,verified,False,False,1.0,0.3,1.0,0.1,0.2,0.0,0.0,0.0,0.0,0.0,6.7,Low,laurenwelch@example.net,India,2024-02-12 10:03:55,verified,True,322,1917.49,0.0
USR00273,0,0,1,True,rejected,True,False,0.0,0.0,0.0,0.0,0.0,0.0,0.0,1.0,0.0,0.0,22.0,Medium,jlozano@example.net,USA,2024-01-21 09:15:09,rejected,True,344,23.0,1529.22
USR00274,0,0,0,True,rejected,False,False,2.0,0.7,2.0,0.2,0.2,0.0,1.0,2.0,0.0,0.0,33.400000000000006,Medium,hansenrichard@example.org,Nigeria,2024-03-02 08:07:03,rejected,True,303,6224.11,39378.11
USR00275,0,0,0,True,pending,False,False,0.0,0.0,0.0,0.0,0.14285714285714285,0.0,0.0,0.0,0.0,0.0,5.571428571428571,Low,chad13@example.org,Germany,2024-05-04 17:29:59,pending,True,240,3571.44,96.72
USR00276,0,0,0,True,rejected,False,False,0.0,0.0,0.0,0.0,0.0,0.0,0.0,0.0,0.0,0.0,12.0,Low,robertbarnes@example.com,India,2024-11-26 05:40:44,rejected,True,34,290.48,860.33
USR00277,0,0,0,False,pending,False,False,1.0,0.2,0.0,0.2,0.0,0.0,0.0,0.0,0.0,0.0,15.6,Low,rodriguezkeith@example.com,Brazil,2024-11-20 17:58:43,pending,False,40,963.16,1021.89
USR00278,0,0,0,True,verified,False,False,1.0,0.16666666666666666,0.0,0.16666666666666666,0.16666666666666666,0.0,0.0,0.0,0.0,0.0,2.833333333333333,Low,griffinmichelle@example.net,Brazil,2024-01-04 14:22:34,verified,True,361,367.39,91.16
USR00279,0,0,0,True,verified,False,False,1.0,0.5714285714285714,1.0,0.14285714285714285,0.0,0.0,1.0,2.0,0.0,0.0,16.285714285714285,Low,marcus89@example.org,Nigeria,2024-07-22 15:00:10,verified,True,161,10929.55,1196.66
USR00280,0,0,0,True,verified,False,False,0.0,0.0,0.0,0.0,0.2,0.0,0.0,1.0,0.0,0.0,0.8,Low,mcgrathcaleb@example.org,UK,2024-03-04 02:33:22,verified,True,301,848.16,453.55
USR00281,0,1,0,True,verified,True,False,0.0,0.0,0.0,0.0,0.2,0.0,0.0,1.0,0.0,0.0,15.8,Low,smithjeffrey@example.org,Nigeria,2024-09-18 21:52:27,verified,True,103,221.45,117.44
USR00282,0,1,0,False,verified,True,False,0.0,0.4,1.0,0.0,0.0,0.0,0.0,1.0,0.0,0.0,29.2,Medium,dustinjohnson@example.net,Russia,2024-02-03 16:27:16,verified,False,331,5572.69,540.59
USR00283,0,0,0,True,verified,False,False,0.0,0.0,0.0,0.0,0.0,0.0,0.0,0.0,0.0,0.0,0.0,Low,hollydaniels@example.com,Russia,2024-05-28 23:10:20,verified,True,216,886.07,82.64
USR00284,0,0,0,True,verified,False,False,0.0,0.0,0.0,0.0,0.0,0.0,0.0,1.0,0.0,0.0,0.0,Low,carolyn28@example.org,UK,2024-09-10 20:46:14,verified,True,111,328.24,0.0
USR00285,0,0,0,True,verified,False,False,0.0,0.0,0.0,0.0,0.0,0.0,1.0,2.0,0.0,0.0,8.0,Low,jonesrebecca@example.net,USA,2024-09-30 05:37:36,verified,True,91,41.47,0.0
USR00286,0,0,0,True,rejected,False,False,0.0,0.0,0.0,0.0,0.0,0.0,0.0,1.0,0.0,0.0,12.0,Low,kenneth52@example.net,Russia,2024-02-21 20:57:04,rejected,True,313,1847.38,0.0
USR00287,0,0,0,True,pending,False,False,10.0,1.1176470588235294,10.0,0.0,0.17647058823529413,9.0,0.0,0.0,0.0,0.0,44.64705882352941,High,brucenielsen@example.org,India,2024-10-21 03:01:06,pending,True,70,0.0,1347.66
USR00288,0,0,0,True,pending,False,False,1.0,0.2,0.0,0.2,0.0,0.0,0.0,0.0,0.0,0.0,7.6,Low,tracy89@example.org,India,2024-02-01 19:05:11,pending,True,333,0.0,2893.38
USR00289,0,0,0,True,verified,False,False,0.0,0.0,0.0,0.0,0.25,0.0,0.0,0.0,0.0,0.0,1.0,Low,jennifer04@example.net,India,2024-07-15 07:28:51,verified,True,168,1578.18,0.0
USR00290,0,0,0,True,verified,False,False,1.0,0.14285714285714285,0.0,0.14285714285714285,0.2857142857142857,0.0,0.0,0.0,0.0,0.0,3.0,Low,kimberlyyoung@example.net,USA,2024-10-05 10:09:35,verified,True,86,2023.93,0.0
USR00291,0,0,0,True,verified,False,False,1.0,0.14285714285714285,0.0,0.14285714285714285,0.14285714285714285,0.0,1.0,2.0,0.0,0.0,10.428571428571429,Low,sarahcowan@example.com,UK,2024-06-26 09:40:13,verified,True,187,4964.55,414.64
USR00292,0,0,0,True,rejected,False,False,0.0,0.0,0.0,0.0,0.5,0.0,1.0,2.0,0.0,0.0,22.0,Medium,ifaulkner@example.com,India,2024-01-02 04:06:22,rejected,True,363,941.4,0.0
USR00293,0,0,0,True,verified,False,False,0.0,0.0,0.0,0.0,0.0,0.0,0.0,1.0,0.0,0.0,0.0,Low,graykyle@example.com,India,2024-01-27 19:18:18,verified,True,338,0.0,319.94
USR00294,0,0,0,False,rejected,False,False,0.0,0.0,0.0,0.0,0.0,0.0,0.0,1.0,0.0,0.0,20.0,Low,kbrown@example.org,Russia,2024-10-10 05:28:14,rejected,False,81,0.0,224.68
USR00295,0,0,0,False,verified,False,False,1.0,0.4,1.0,0.1,0.1,0.0,0.0,1.0,0.0,0.0,15.1,Low,johnsonjenna@example.org,Nigeria,2024-05-25 21:16:12,verified,False,219,3965.74,1364.78
USR00296,0,0,0,True,rejected,False,False,0.0,0.2,1.0,0.0,0.2,0.0,1.0,2.0,0.0,0.0,25.400000000000002,Medium,samantha78@example.com,Russia,2024-07-27 15:36:43,rejected,True,156,1491.48,3114.08
USR00297,0,0,0,True,verified,False,False,0.0,0.0,0.0,0.0,0.2,0.0,0.0,0.0,0.0,0.0,0.8,Low,jonesjoanna@example.org,USA,2024-06-28 19:30:32,verified,True,185,2267.89,405.91
USR00298,0,0,0,True,verified,False,False,0.0,0.0,0.0,0.0,0.2,0.0,1.0,2.0,0.0,0.0,8.8,Low,zmyers@example.com,Germany,2024-04-17 01:14:30,verified,True,257,749.28,138.25
USR00299,1,0,0,True,pending,False,False,0.0,0.0,0.0,0.0,0.0,0.0,1.0,2.0,0.0,0.0,28.0,Medium,megan90@example.org,USA,2024-01-07 01:49:45,pending,True,358,2253.31,0.0
USR00300,0,0,0,False,verified,False,False,0.0,0.0,0.0,0.0,0.0,0.0,0.0,0.0,0.0,0.0,8.0,Low,ywilliams@example.net,India,2024-04-05 01:05:15,verified,False,269,922.14,0.0
USR00301,0,0,1,True,pending,False,False,1.0,0.3333333333333333,0.0,0.3333333333333333,0.0,0.0,0.0,0.0,0.0,0.0,19.333333333333336,Low,bobbyclark@example.org,Brazil,2024-07-14 16:38:58,pending,True,169,2118.51,0.0
USR00302,0,1,0,True,verified,True,False,0.0,0.0,0.0,0.0,0.4,0.0,0.0,0.0,0.0,0.0,16.6,Low,osnyder@example.org,India,2024-11-13 19:52:39,verified,True,47,1149.78,115.61
USR00303,0,0,0,True,verified,False,False,1.0,1.0,1.0,0.5,0.5,0.0,0.0,1.0,0.0,0.0,15.5,Low,brycegonzales@example.com,UK,2024-01-24 16:09:58,verified,True,341,0.0,169.66
USR00304,0,0,0,True,verified,False,False,0.0,0.0,0.0,0.0,0.0,0.0,0.0,0.0,0.0,0.0,0.0,Low,fgray@example.net,UK,2024-01-19 04:59:29,verified,True,346,0.0,0.0
USR00305,0,0,0,True,pending,False,False,0.0,0.0,0.0,0.0,0.0,0.0,0.0,1.0,0.0,0.0,5.0,Low,qblackburn@example.org,USA,2024-02-27 22:48:32,pending,True,307,2248.59,0.0
USR00306,0,0,0,True,verified,False,False,0.0,0.0,0.0,0.0,0.0,0.0,0.0,1.0,0.0,0.0,0.0,Low,hawkinsrobert@example.net,USA,2024-02-26 01:27:20,verified,True,308,989.48,786.6
USR00307,0,0,0,True,verified,False,False,0.0,0.0,0.0,0.0,0.2857142857142857,0.0,0.0,0.0,0.0,0.0,1.1428571428571428,Low,catherine64@example.com,India,2024-04-04 07:36:19,verified,True,270,4308.78,186.65
USR00308,0,0,0,False,verified,False,False,0.0,0.0,0.0,0.0,0.0,0.0,1.0,2.0,0.0,0.0,16.0,Low,sarah51@example.com,UK,2024-11-18 02:37:36,verified,False,42,886.76,0.0
USR00309,0,0,0,False,verified,False,False,0.0,0.0,0.0,0.0,0.0,0.0,0.0,0.0,0.0,0.0,8.0,Low,olsondonna@example.net,India,2024-10-22 19:31:30,verified,False,69,823.2,0.0
USR00310,0,0,0,True,rejected,False,False,1.0,0.2222222222222222,1.0,0.1111111111111111,0.2222222222222222,0.0,0.0,0.0,0.0,0.0,18.222222222222225,Low,jonpayne@example.com,UK,2024-01-06 22:55:13,rejected,True,359,213.46,126.73
USR00311,0,0,0,True,verified,False,False,0.0,0.0,0.0,0.0,0.1111111111111111,0.0,0.0,0.0,0.0,0.0,0.4444444444444444,Low,julierobertson@example.net,Brazil,2024-09-27 03:42:24,verified,True,94,1444.07,259.98
USR00312,0,0,0,True,pending,False,False,1.0,0.42857142857142855,1.0,0.14285714285714285,0.14285714285714285,0.0,0.0,2.0,0.0,0.0,12.714285714285714,Low,gibsontiffany@example.net,India,2024-07-26 05:58:46,pending,True,157,29319.94,366.13
USR00313,0,0,0,True,verified,False,False,0.0,0.0,0.0,0.0,0.25,0.0,0.0,1.0,0.0,0.0,1.0,Low,hayneslauren@example.org,Brazil,2024-10-07 13:22:57,verified,True,84,0.0,188.7
USR00314,0,0,0,True,verified,False,True,0.0,0.0,0.0,0.0,0.0,0.0,0.0,0.0,0.0,0.0,0.0,Low,qpark@example.org,USA,2024-03-26 22:25:26,verified,True,279,0.0,150.61
USR00315,0,0,0,True,verified,False,False,0.0,0.0,0.0,0.0,0.2,0.0,0.0,0.0,0.0,0.0,0.8,Low,alexis94@example.com,Nigeria,2024-03-17 04:38:23,verified,True,288,1051.11,132.25
USR00316,0,0,0,True,pending,False,False,0.0,0.0,0.0,0.0,0.14285714285714285,0.0,0.0,1.0,0.0,0.0,5.571428571428571,Low,amalone@example.net,UK,2024-04-09 22:27:33,pending,True,265,354.55,2315.92
USR00317,0,0,0,True,verified,False,False,1.0,0.14285714285714285,0.0,0.14285714285714285,0.0,0.0,0.0,0.0,0.0,0.0,1.857142857142857,Low,walteraustin@example.org,USA,2024-05-16 18:31:11,verified,True,228,503.97,1392.55
USR00318,0,0,0,True,verified,False,False,0.0,0.0,0.0,0.0,0.16666666666666666,0.0,0.0,0.0,0.0,0.0,0.6666666666666666,Low,akemp@example.net,India,2024-01-23 19:25:20,verified,True,342,1174.33,136.62
USR00319,0,0,0,True,verified,False,False,0.0,0.0,0.0,0.0,0.0,0.0,0.0,0.0,0.0,0.0,0.0,Low,sgonzales@example.com,UK,2024-02-23 09:30:50,verified,True,311,1745.67,0.0
USR00320,0,0,0,True,verified,False,False,0.0,0.0,0.0,0.0,0.0,0.0,0.0,0.0,0.0,0.0,0.0,Low,okane@example.net,Brazil,2024-08-27 22:38:30,verified,True,125,0.0,1020.41
USR00321,0,0,0,False,verified,True,False,0.0,0.0,0.0,0.0,0.0,0.0,0.0,0.0,0.0,0.0,8.0,Low,melaniejohnson@example.org,India,2024-06-08 17:57:10,verified,False,205,972.93,218.25
USR00322,0,0,0,True,pending,False,False,0.0,0.0,0.0,0.0,0.5,0.0,0.0,0.0,0.0,0.0,7.0,Low,kathleen56@example.org,USA,2024-02-07 09:42:37,pending,True,327,14.06,24.84
USR00323,1,0,0,True,verified,False,False,0.0,0.0,0.0,0.0,0.3333333333333333,0.0,0.0,0.0,0.0,0.0,16.333333333333332,Low,shari15@example.net,USA,2024-01-31 16:30:45,verified,True,334,109.31,0.0
USR00324,0,0,0,True,verified,False,False,0.0,0.0,0.0,0.0,0.0,0.0,1.0,2.0,0.0,0.0,8.0,Low,laurencurtis@example.com,USA,2024-11-25 06:41:39,verified,True,35,43.18,1271.96
USR00325,0,0,0,True,pending,False,True,1.0,0.2857142857142857,1.0,0.14285714285714285,0.14285714285714285,0.0,0.0,0.0,0.0,0.0,11.57142857142857,Low,joshuahuang@example.org,India,2024-07-03 20:41:20,pending,True,180,2776.74,637.6
USR00326,0,0,0,True,rejected,False,False,0.0,0.0,0.0,0.0,0.0,0.0,0.0,0.0,0.0,0.0,12.0,Low,kempthomas@example.org,Nigeria,2024-08-07 18:09:57,rejected,True,145,2825.7,1021.12
USR00327,0,0,0,False,pending,False,False,0.0,0.0,0.0,0.0,0.25,0.0,0.0,1.0,0.0,0.0,14.0,Low,ujohnson@example.org,India,2024-09-25 20:35:20,pending,False,96,113.88,977.84
USR00328,0,0,0,True,verified,False,False,0.0,0.0,0.0,0.0,0.125,0.0,0.0,0.0,0.0,0.0,0.5,Low,mbenson@example.net,Nigeria,2024-08-06 20:17:33,verified,True,146,356.81,665.94
USR00329,0,0,0,True,pending,False,False,2.0,0.42857142857142855,1.0,0.2857142857142857,0.0,0.0,1.0,2.0,0.0,0.0,20.857142857142858,Medium,hoffmanmark@example.com,India,2024-11-14 17:23:31,pending,True,46,2890.23,38.35
USR00330,0,0,0,True,verified,False,False,0.0,0.0,0.0,0.0,0.4,0.0,0.0,1.0,0.0,0.0,1.6,Low,joanne69@example.net,India,2024-05-31 03:12:08,verified,True,213,0.0,925.41
USR00331,0,0,0,True,verified,False,False,1.0,1.3333333333333333,1.0,0.3333333333333333,0.0,0.0,0.0,0.0,0.0,0.0,15.333333333333332,Low,kevinfisher@example.org,India,2024-01-31 10:59:56,verified,True,334,25133.62,35.33
USR00332,1,0,0,True,pending,True,False,1.0,0.4444444444444444,1.0,0.1111111111111111,0.2222222222222222,0.0,1.0,2.0,0.0,0.0,36.0,Medium,dylanbrooks@example.org,Russia,2024-10-25 15:39:07,pending,True,66,36188.63,0.0
USR00333,0,0,0,True,verified,False,False,0.0,0.0,0.0,0.0,0.0,0.0,0.0,0.0,0.0,0.0,0.0,Low,jeffreymckinney@example.net,Brazil,2024-06-23 23:25:55,verified,True,190,130.18,642.68
USR00334,0,0,0,True,verified,False,False,0.0,0.0,0.0,0.0,0.0,0.0,0.0,1.0,0.0,0.0,0.0,Low,frenchtammy@example.org,India,2024-02-03 06:43:37,verified,True,331,872.88,896.76
USR00335,0,0,0,True,verified,False,False,0.0,0.0,0.0,0.0,0.25,0.0,0.0,0.0,0.0,0.0,1.0,Low,boyddarren@example.net,India,2024-10-31 10:23:13,verified,True,60,241.67,67.07
USR00336,0,0,0,True,verified,False,False,1.0,0.375,1.0,0.125,0.0,0.0,0.0,0.0,0.0,0.0,6.625,Low,kaitlynray@example.net,India,2024-05-19 18:40:27,verified,True,225,2266.5,432.51
USR00337,0,0,0,True,verified,True,False,1.0,0.25,0.0,0.25,0.25,0.0,0.0,0.0,0.0,0.0,4.25,Low,chall@example.org,India,2024-02-10 02:45:35,verified,True,324,103.39,1126.94
USR00338,1,0,0,True,verified,False,False,0.0,0.0,0.0,0.0,0.4,0.0,0.0,0.0,0.0,0.0,16.6,Low,rose09@example.com,Russia,2024-02-02 21:27:24,verified,True,332,1590.95,0.0
USR00339,0,0,0,True,verified,False,False,1.0,0.5714285714285714,1.0,0.14285714285714285,0.14285714285714285,0.0,1.0,2.0,0.0,0.0,16.857142857142854,Low,mitchelltara@example.org,USA,2024-03-06 19:52:14,verified,True,299,795.05,26580.51
USR00340,0,0,0,True,verified,False,False,0.0,0.0,0.0,0.0,0.0,0.0,0.0,1.0,0.0,0.0,0.0,Low,cherring@example.net,Brazil,2024-07-07 01:21:46,verified,True,176,1071.01,1352.74
USR00341,0,0,0,True,pending,False,False,1.0,0.8,1.0,0.2,0.0,0.0,0.0,0.0,0.0,0.0,15.4,Low,jamesdavis@example.net,Brazil,2024-06-26 19:34:47,pending,True,187,135.1,458.86
USR00342,0,0,0,True,verified,False,False,0.0,0.0,0.0,0.0,0.0,0.0,0.0,0.0,0.0,0.0,0.0,Low,xbaker@example.net,Germany,2024-05-07 23:33:05,verified,True,237,0.0,254.71
USR00343,0,0,0,False,verified,False,False,0.0,0.0,0.0,0.0,0.0,0.0,0.0,1.0,0.0,0.0,8.0,Low,rbradley@example.com,India,2024-08-22 06:20:11,verified,False,130,1822.75,0.0
USR00344,0,0,0,True,pending,False,False,0.0,0.0,0.0,0.0,0.0,0.0,0.0,2.0,0.0,0.0,5.0,Low,richard29@example.org,Germany,2024-09-26 21:28:33,pending,True,95,1988.29,1345.61
USR00345,0,0,0,True,verified,False,False,1.0,0.2,0.0,0.2,0.0,0.0,0.0,0.0,0.0,0.0,2.6,Low,thomaswaters@example.com,USA,2024-05-21 18:11:29,verified,True,223,5443.38,0.0
USR00346,0,0,0,True,pending,False,False,0.0,0.0,0.0,0.0,0.25,0.0,0.0,1.0,0.0,0.0,6.0,Low,patricia58@example.org,USA,2024-10-09 10:07:11,pending,True,82,0.0,1003.74
USR00347,0,0,0,True,verified,False,False,1.0,0.6666666666666666,1.0,0.16666666666666666,0.0,0.0,0.0,0.0,0.0,0.0,9.166666666666666,Low,muelleralexis@example.com,India,2024-11-05 00:03:33,verified,True,55,64.87,232.18
USR00348,0,0,0,True,verified,False,False,0.0,0.0,0.0,0.0,0.0,0.0,0.0,0.0,0.0,0.0,0.0,Low,cody54@example.net,Russia,2024-06-13 07:50:18,verified,True,200,287.48,0.0
USR00349,0,0,0,True,verified,False,True,1.0,0.5,1.0,0.25,0.25,0.0,1.0,5.0,0.0,0.0,17.25,Low,lbrown@example.com,Russia,2024-09-25 15:11:38,verified,True,96,0.0,3682.81
USR00350,0,0,0,True,verified,False,False,0.0,0.0,0.0,0.0,0.0,0.0,0.0,0.0,0.0,0.0,0.0,Low,pamelarangel@example.net,UK,2024-02-03 00:05:20,verified,True,331,320.78,234.6
USR00351,0,0,0,True,verified,False,False,0.0,0.0,0.0,0.0,0.0,0.0,0.0,0.0,0.0,0.0,0.0,Low,susanchavez@example.com,Germany,2024-09-07 12:07:35,verified,True,114,0.0,348.24
USR00352,0,0,0,True,verified,False,False,1.0,0.3333333333333333,0.0,0.3333333333333333,0.3333333333333333,0.0,1.0,2.0,0.0,0.0,13.666666666666666,Low,paynejeffery@example.net,USA,2024-04-10 11:36:59,verified,True,264,0.0,0.0
USR00353,0,0,0,True,verified,False,False,0.0,0.0,0.0,0.0,0.0,0.0,0.0,0.0,0.0,0.0,0.0,Low,fstevenson@example.com,USA,2024-06-28 20:03:42,verified,True,185,0.0,65.35
USR00354,0,0,0,True,verified,False,False,0.0,0.0,0.0,0.0,0.0,0.0,0.0,0.0,0.0,0.0,0.0,Low,abradley@example.com,Nigeria,2024-06-10 13:10:19,verified,True,203,0.0,313.87
USR00355,0,0,0,True,verified,False,False,0.0,0.0,0.0,0.0,0.2,0.0,0.0,0.0,0.0,0.0,0.8,Low,jesseandrews@example.org,USA,2024-10-31 13:55:34,verified,True,60,860.78,2699.51
USR00356,0,0,0,True,pending,False,False,0.0,0.0,0.0,0.0,0.25,0.0,0.0,1.0,0.0,0.0,6.0,Low,connerlori@example.net,India,2024-04-26 14:39:50,pending,True,248,567.15,562.67
USR00357,0,0,0,False,verified,False,False,2.0,0.8,1.0,0.4,0.2,0.0,1.0,2.0,0.0,0.0,28.2,Medium,tammyjennings@example.com,India,2024-10-14 13:51:44,verified,False,77,31461.11,52.38
USR00358,0,0,0,True,pending,False,False,0.0,0.0,0.0,0.0,0.5,0.0,0.0,0.0,0.0,0.0,7.0,Low,shawnawhite@example.com,UK,2024-06-06 07:18:56,pending,True,207,110.96,307.11
USR00359,0,0,0,True,pending,False,False,2.0,0.5,1.0,0.2,0.1,0.0,0.0,1.0,0.0,0.0,13.4,Low,larryhampton@example.net,UK,2024-06-23 14:20:34,pending,True,190,748.01,1551.05
USR00360,0,0,0,True,verified,False,False,0.0,0.0,0.0,0.0,0.3333333333333333,0.0,0.0,1.0,0.0,0.0,1.3333333333333333,Low,bestmelissa@example.org,USA,2024-01-25 07:08:11,verified,True,340,88.56,0.0
USR00361,0,0,0,True,verified,False,False,9.0,1.1428571428571428,8.0,0.0,0.07142857142857142,8.0,0.0,0.0,0.0,0.0,39.42857142857143,Medium,ramosrobin@example.org,USA,2024-09-17 11:23:25,verified,True,104,1539.86,0.0
USR00362,0,0,0,True,rejected,False,False,0.0,0.0,0.0,0.0,0.6,0.0,0.0,1.0,0.0,0.0,14.4,Low,xhoward@example.com,India,2024-05-15 02:53:33,rejected,True,229,387.67,0.0
USR00363,0,0,0,True,verified,False,False,1.0,0.1,0.0,0.1,0.0,0.0,0.0,2.0,0.0,0.0,1.3,Low,martinezpeggy@example.net,India,2024-08-17 04:46:04,verified,True,135,3684.01,285.54
USR00364,0,0,0,True,verified,False,False,2.0,1.25,2.0,0.5,0.5,0.0,0.0,1.0,0.0,1.0,23.5,Medium,jamesrobinson@example.net,USA,2024-07-17 09:13:58,verified,True,166,258.07,0.0
USR00365,0,0,0,True,pending,False,False,2.0,0.25,0.0,0.25,0.0,0.0,0.0,2.0,0.0,0.0,8.25,Low,beverlyweeks@example.com,India,2024-09-07 14:15:35,pending,True,114,2130.2,4153.52
USR00366,0,0,0,True,rejected,False,False,0.0,0.0,0.0,0.0,0.0,0.0,1.0,2.0,0.0,0.0,20.0,Low,thompsoncody@example.org,India,2024-08-28 13:19:10,rejected,True,124,0.0,0.0
USR00367,0,0,0,True,verified,False,False,0.0,0.0,0.0,0.0,0.0,0.0,0.0,0.0,0.0,0.0,0.0,Low,phillip82@example.com,USA,2024-07-15 07:01:25,verified,True,168,246.13,1796.8
USR00368,0,0,0,True,verified,True,False,1.0,0.2,0.0,0.2,0.2,0.0,0.0,0.0,0.0,0.0,3.4000000000000004,Low,johnsonkenneth@example.org,India,2024-08-07 13:53:22,verified,True,145,949.77,0.0
USR00369,0,0,0,True,pending,False,False,0.0,0.0,0.0,0.0,0.0,0.0,0.0,0.0,0.0,0.0,5.0,Low,gordonmichelle@example.com,India,2024-10-27 00:39:57,pending,True,64,1229.71,94.14
USR00370,0,0,0,True,verified,False,False,0.0,0.0,0.0,0.0,0.0,0.0,1.0,2.0,0.0,0.0,8.0,Low,timothy80@example.org,Germany,2024-05-22 11:23:58,verified,True,222,1152.04,137.06
USR00371,0,0,0,True,verified,False,False,0.0,0.0,0.0,0.0,0.0,0.0,0.0,0.0,0.0,0.0,0.0,Low,aaron64@example.com,India,2024-10-12 19:54:42,verified,True,79,828.6,0.0
USR00372,0,0,0,True,pending,False,False,0.0,0.0,0.0,0.0,0.16666666666666666,0.0,0.0,0.0,0.0,0.0,5.666666666666667,Low,amiller@example.org,India,2024-11-13 04:27:43,pending,True,47,1910.35,0.0
USR00373,0,0,0,True,verified,False,False,1.0,0.25,0.0,0.25,0.0,0.0,0.0,1.0,0.0,0.0,3.25,Low,lancemontoya@example.org,USA,2024-09-24 15:11:26,verified,True,97,2310.99,125.71
USR00374,0,0,0,True,rejected,False,False,0.0,0.0,0.0,0.0,0.0,0.0,0.0,0.0,0.0,0.0,12.0,Low,mhall@example.com,USA,2024-03-21 08:50:45,rejected,True,284,1397.69,0.0
USR00375,0,0,0,True,verified,False,False,0.0,0.0,0.0,0.0,0.0,0.0,0.0,0.0,0.0,0.0,0.0,Low,jessecompton@example.org,Nigeria,2024-04-23 15:33:11,verified,True,251,926.87,1186.65
USR00376,0,0,0,True,pending,False,False,0.0,0.0,0.0,0.0,0.16666666666666666,0.0,0.0,0.0,0.0,0.0,5.666666666666667,Low,zthompson@example.org,Russia,2024-10-18 07:23:02,pending,True,73,614.02,1007.23
USR00377,0,0,0,True,verified,False,False,0.0,0.0,0.0,0.0,0.5,0.0,0.0,0.0,0.0,0.0,2.0,Low,lewisbeverly@example.com,India,2024-04-06 23:09:38,verified,True,268,2291.27,0.0
USR00378,0,0,0,False,verified,False,False,0.0,0.0,0.0,0.0,0.0,0.0,0.0,1.0,0.0,0.0,8.0,Low,williamperkins@example.org,USA,2024-09-02 14:24:49,verified,False,119,1252.37,4041.59
USR00379,0,0,0,True,verified,False,False,0.0,0.0,0.0,0.0,0.0,0.0,0.0,0.0,0.0,0.0,0.0,Low,randallalexander@example.net,Nigeria,2024-07-19 05:51:57,verified,True,164,0.0,251.2
USR00380,0,0,1,True,pending,True,False,0.0,0.0,0.0,0.0,0.0,0.0,0.0,0.0,0.0,0.0,15.0,Low,brodriguez@example.com,Russia,2024-10-27 15:27:49,pending,True,64,0.0,240.48
USR00381,0,0,0,True,pending,False,False,0.0,0.0,0.0,0.0,0.2,0.0,0.0,0.0,0.0,0.0,5.8,Low,osmith@example.org,USA,2024-11-05 00:15:20,pending,True,55,79.2,258.71
USR00382,0,0,0,False,pending,False,False,0.0,0.0,0.0,0.0,0.14285714285714285,0.0,0.0,0.0,0.0,0.0,13.571428571428571,Low,christopher16@example.org,Nigeria,2024-05-11 04:06:22,pending,False,233,1241.04,367.07
USR00383,0,1,0,False,verified,True,False,1.0,0.75,1.0,0.25,0.0,0.0,0.0,1.0,0.0,0.0,33.25,Medium,garnerthomas@example.com,USA,2024-01-18 20:13:08,verified,False,347,10277.12,0.0
USR00384,0,0,0,False,verified,False,False,1.0,0.2857142857142857,1.0,0.14285714285714285,0.0,0.0,0.0,0.0,0.0,0.0,13.999999999999998,Low,millstiffany@example.org,Russia,2024-01-01 06:18:00,verified,False,364,35.06,409.26
USR00385,0,0,0,True,verified,False,False,0.0,0.0,0.0,0.0,0.0,0.0,0.0,0.0,0.0,0.0,0.0,Low,jenniferschroeder@example.net,India,2024-04-16 10:02:47,verified,True,258,3716.15,695.74
USR00386,0,0,0,True,verified,False,False,0.0,0.3333333333333333,1.0,0.0,0.0,0.0,0.0,0.0,0.0,0.0,5.666666666666666,Low,david55@example.net,India,2024-08-30 23:03:16,verified,True,122,9.88,31.47
USR00387,1,0,0,True,verified,True,False,1.0,0.75,1.0,0.25,0.0,0.0,0.0,0.0,0.0,0.0,25.25,Medium,bbooker@example.org,USA,2024-07-04 04:09:38,verified,True,179,195.51,0.0
USR00388,0,0,0,True,pending,False,False,0.0,0.0,0.0,0.0,0.0,0.0,1.0,2.0,0.0,0.0,13.0,Low,kristine67@example.com,India,2024-02-16 20:00:55,pending,True,318,99.19,0.0
USR00389,0,0,0,True,pending,False,False,0.0,0.0,0.0,0.0,0.0,0.0,0.0,2.0,1.0,0.0,9.0,Low,kristen87@example.org,India,2024-02-09 18:41:25,pending,True,325,226.42,293.44
USR00390,0,0,0,True,verified,False,False,2.0,0.5,0.0,0.5,0.0,0.0,0.0,0.0,0.0,0.0,6.5,Low,ulawson@example.net,USA,2024-09-06 03:55:23,verified,True,115,0.0,99.04
USR00391,0,0,0,True,verified,False,False,0.0,0.0,0.0,0.0,0.0,0.0,0.0,0.0,0.0,0.0,0.0,Low,brownjustin@example.com,Brazil,2024-10-07 13:33:16,verified,True,84,754.94,1693.89
USR00392,0,0,0,True,pending,False,False,1.0,0.6666666666666666,1.0,0.16666666666666666,0.0,0.0,0.0,1.0,0.0,0.0,14.166666666666666,Low,xweiss@example.com,UK,2024-02-09 00:24:09,pending,True,325,1656.08,5000.0
USR00393,0,1,0,True,pending,False,False,1.0,0.2,0.0,0.2,0.0,0.0,1.0,2.0,0.0,0.0,30.6,Medium,marc24@example.net,USA,2024-04-06 05:32:11,pending,True,268,1514.91,0.0
USR00394,0,0,0,True,verified,True,False,0.0,0.0,0.0,0.0,0.0,0.0,0.0,1.0,0.0,0.0,0.0,Low,tperry@example.org,Nigeria,2024-09-25 03:42:12,verified,True,96,0.0,27.03
USR00395,0,0,0,True,verified,False,False,0.0,0.0,0.0,0.0,0.16666666666666666,0.0,0.0,0.0,0.0,0.0,0.6666666666666666,Low,wesleywong@example.org,USA,2024-10-31 09:33:37,verified,True,60,328.33,2607.08
USR00396,0,0,0,True,pending,False,True,0.0,0.0,0.0,0.0,0.5,0.0,0.0,0.0,0.0,0.0,7.0,Low,nlawrence@example.org,India,2024-07-24 03:59:13,pending,True,159,1394.56,0.0
USR00397,0,0,0,True,verified,False,False,0.0,0.0,0.0,0.0,0.3333333333333333,0.0,0.0,0.0,0.0,0.0,1.3333333333333333,Low,joshuahoffman@example.org,Germany,2024-06-12 10:43:56,verified,True,201,477.17,0.0
USR00398,0,0,0,True,pending,True,False,1.0,0.5,1.0,0.125,0.25,0.0,0.0,0.0,0.0,0.0,13.625,Low,kaitlinpatel@example.org,Brazil,2024-01-27 05:26:57,pending,True,338,50161.98,1679.15
USR00399,0,0,0,True,verified,False,False,0.0,0.0,0.0,0.0,0.0,0.0,0.0,0.0,0.0,0.0,0.0,Low,zacharynelson@example.net,USA,2024-06-13 12:00:26,verified,True,200,403.64,350.99
USR00400,0,0,0,True,pending,False,False,0.0,0.0,0.0,0.0,0.0,0.0,0.0,0.0,0.0,0.0,5.0,Low,jason61@example.org,India,2024-07-17 13:42:18,pending,True,166,498.47,66.8
USR00401,0,0,0,True,verified,False,False,0.0,0.0,0.0,0.0,0.0,0.0,0.0,0.0,0.0,0.0,0.0,Low,david83@example.net,UK,2024-09-09 08:56:36,verified,True,112,0.0,0.0
USR00402,0,0,0,True,verified,False,False,0.0,0.0,0.0,0.0,0.16666666666666666,0.0,0.0,1.0,0.0,0.0,0.6666666666666666,Low,michael15@example.com,USA,2024-02-03 11:33:41,verified,True,331,1481.39,0.0
USR00403,0,0,1,False,verified,True,False,0.0,0.0,0.0,0.0,0.0,0.0,0.0,0.0,0.0,0.0,18.0,Low,michael34@example.net,UK,2024-03-09 05:08:18,verified,False,296,285.79,0.0
USR00404,0,0,0,False,pending,False,False,1.0,0.5714285714285714,1.0,0.14285714285714285,0.14285714285714285,0.0,0.0,1.0,0.0,0.0,21.857142857142858,Medium,fpacheco@example.net,India,2024-10-31 01:58:07,pending,False,60,5226.8,171.96
USR00405,0,0,0,True,pending,False,True,0.0,0.2,0.0,0.0,0.0,0.0,0.0,0.0,0.0,0.0,6.6,Low,denise00@example.net,Germany,2024-02-15 20:22:06,pending,True,319,5916.95,0.0
USR00406,0,0,0,False,verified,False,False,0.0,0.0,0.0,0.0,0.0,0.0,0.0,0.0,0.0,0.0,8.0,Low,andersonlisa@example.org,USA,2024-08-11 22:46:59,verified,False,141,563.14,0.0
USR00407,0,0,0,True,verified,False,False,0.0,0.0,0.0,0.0,0.0,0.0,0.0,0.0,0.0,0.0,0.0,Low,jordanshirley@example.net,USA,2024-03-02 02:14:07,verified,True,303,715.53,76.42
USR00408,0,0,0,False,verified,False,True,0.0,0.0,0.0,0.0,0.0,0.0,1.0,7.0,0.0,0.0,16.0,Low,karenwillis@example.com,India,2024-01-18 02:27:46,verified,False,347,0.0,501.56
USR00409,0,0,0,True,pending,True,False,0.0,0.0,0.0,0.0,0.0,0.0,0.0,0.0,0.0,0.0,5.0,Low,jamesbrown@example.com,UK,2024-11-29 00:20:28,pending,True,31,328.31,44.31
USR00410,0,0,0,True,verified,False,False,0.0,0.0,0.0,0.0,0.0,0.0,1.0,2.0,0.0,0.0,8.0,Low,woodcarrie@example.com,India,2024-04-15 08:18:26,verified,True,259,0.0,907.02
USR00411,0,0,0,True,pending,False,False,0.0,0.0,0.0,0.0,0.0,0.0,0.0,1.0,0.0,0.0,5.0,Low,jack93@example.net,India,2024-07-19 07:21:47,pending,True,164,293.84,0.0
USR00412,0,0,0,True,pending,False,False,0.0,0.0,0.0,0.0,0.2222222222222222,1.0,0.0,0.0,0.0,0.0,20.88888888888889,Medium,mario83@example.org,India,2024-05-07 02:39:56,pending,True,237,1588.8,519.02
USR00413,0,0,0,True,rejected,False,False,0.0,0.0,0.0,0.0,0.0,0.0,0.0,0.0,0.0,0.0,12.0,Low,josephgutierrez@example.org,USA,2024-04-04 05:02:48,rejected,True,270,0.0,0.0
USR00414,0,0,0,True,verified,False,False,1.0,1.5,1.0,0.5,0.0,0.0,1.0,2.0,0.0,0.0,25.5,Medium,mariah75@example.org,Brazil,2024-10-22 08:12:28,verified,True,69,6100.21,0.0
USR00415,0,1,0,True,pending,True,False,0.0,0.0,0.0,0.0,0.0,0.0,0.0,0.0,0.0,0.0,20.0,Low,imartin@example.net,India,2024-09-26 07:31:23,pending,True,95,439.75,783.84
USR00416,0,0,0,False,verified,False,False,0.0,0.0,0.0,0.0,0.0,0.0,0.0,0.0,0.0,0.0,8.0,Low,campbellelizabeth@example.net,USA,2024-02-10 08:52:30,verified,False,324,0.0,235.35
USR00417,0,0,0,True,verified,False,False,0.0,0.0,0.0,0.0,0.0,0.0,0.0,1.0,0.0,0.0,0.0,Low,wesleyrobinson@example.org,Nigeria,2024-04-18 16:09:38,verified,True,256,0.0,473.46
USR00418,0,0,0,True,verified,False,False,0.0,0.0,0.0,0.0,0.14285714285714285,0.0,0.0,0.0,0.0,0.0,0.5714285714285714,Low,smithheather@example.com,India,2024-10-17 10:55:39,verified,True,74,1458.0,17.05
USR00419,0,0,0,False,verified,False,False,1.0,0.2222222222222222,1.0,0.1111111111111111,0.1111111111111111,0.0,0.0,1.0,0.0,0.0,13.777777777777779,Low,rrogers@example.org,India,2024-06-17 22:20:03,verified,False,196,662.61,1424.66
USR00420,0,0,0,True,pending,False,False,1.0,0.3333333333333333,0.0,0.3333333333333333,0.0,0.0,0.0,0.0,0.0,0.0,9.333333333333332,Low,brian00@example.net,India,2024-11-19 01:52:06,pending,True,41,0.0,1878.07
USR00421,0,0,0,True,verified,False,False,0.0,0.0,0.0,0.0,0.16666666666666666,0.0,0.0,0.0,0.0,0.0,0.6666666666666666,Low,sherripacheco@example.net,USA,2024-08-15 01:52:26,verified,True,137,126.13,3872.69
USR00422,0,0,0,True,verified,False,False,0.0,0.0,0.0,0.0,0.25,0.0,1.0,2.0,0.0,0.0,9.0,Low,uallen@example.com,India,2024-10-26 04:03:32,verified,True,65,0.0,0.0
USR00423,0,0,0,True,pending,False,False,0.0,0.0,0.0,0.0,0.0,0.0,1.0,2.0,0.0,0.0,13.0,Low,cory01@example.net,India,2024-11-16 22:28:55,pending,True,44,0.0,325.84
USR00424,0,0,0,True,rejected,False,True,0.0,0.0,0.0,0.0,0.16666666666666666,0.0,1.0,5.0,0.0,0.0,20.666666666666664,Medium,rosedavid@example.net,India,2024-05-18 03:45:46,rejected,True,226,501.51,755.03
USR00425,0,0,0,True,verified,False,False,1.0,0.25,0.0,0.25,0.0,0.0,0.0,2.0,0.0,0.0,3.25,Low,obutler@example.com,India,2024-11-27 21:27:41,verified,True,33,435.6,121.05
USR00426,0,0,0,True,verified,False,False,0.0,0.0,0.0,0.0,0.0,0.0,0.0,1.0,0.0,0.0,0.0,Low,tracyjohnson@example.org,India,2024-01-05 15:26:47,verified,True,360,831.73,528.4
USR00427,0,0,0,False,verified,False,False,0.0,0.0,0.0,0.0,0.16666666666666666,0.0,1.0,2.0,0.0,0.0,16.666666666666664,Low,gkelley@example.com,Brazil,2024-09-07 08:53:59,verified,False,114,458.22,561.82
USR00428,0,0,0,True,verified,False,False,0.0,0.0,0.0,0.0,0.16666666666666666,0.0,0.0,0.0,0.0,0.0,0.6666666666666666,Low,bergjacob@example.net,Brazil,2024-09-07 21:02:03,verified,True,114,3933.38,90.41
USR00429,0,0,0,True,verified,False,False,0.0,0.0,0.0,0.0,0.0,0.0,0.0,0.0,0.0,0.0,0.0,Low,kevin66@example.com,USA,2024-06-28 00:47:02,verified,True,185,544.61,0.0
USR00430,0,0,0,False,verified,False,False,1.0,0.2857142857142857,1.0,0.14285714285714285,0.14285714285714285,0.0,0.0,0.0,0.0,1.0,17.57142857142857,Low,upark@example.com,India,2024-06-14 16:47:48,verified,False,199,2786.75,0.0
USR00431,0,0,0,True,verified,False,False,1.0,0.25,0.0,0.25,0.25,0.0,0.0,0.0,0.0,0.0,4.25,Low,ashley89@example.org,USA,2024-08-28 11:08:37,verified,True,124,0.0,2609.42
USR00432,0,0,0,True,pending,False,False,1.0,0.4,1.0,0.2,0.2,0.0,0.0,2.0,0.0,0.0,13.0,Low,christineberger@example.org,Nigeria,2024-05-28 17:57:40,pending,True,216,1971.3,0.0
USR00433,0,0,0,False,verified,True,False,1.0,0.4,1.0,0.2,0.4,0.0,0.0,0.0,0.0,0.0,16.8,Low,michaelkline@example.com,UK,2024-11-04 16:30:14,verified,False,56,1264.96,102.09
USR00434,0,0,0,True,verified,False,True,0.0,0.0,0.0,0.0,0.4,0.0,0.0,0.0,0.0,0.0,1.6,Low,ericamarshall@example.org,USA,2024-05-30 19:58:33,verified,True,214,0.0,636.53
USR00435,0,0,0,False,verified,False,False,0.0,0.0,0.0,0.0,0.5,0.0,0.0,0.0,0.0,0.0,10.0,Low,pprice@example.org,Germany,2024-11-10 01:12:01,verified,False,50,0.0,0.0
USR00436,0,0,0,True,rejected,False,False,0.0,0.14285714285714285,0.0,0.0,0.2857142857142857,0.0,1.0,2.0,0.0,0.0,22.285714285714285,Medium,beckerbreanna@example.org,Germany,2024-09-12 02:25:12,rejected,True,109,5552.98,0.0
USR00437,0,0,0,True,verified,False,False,0.0,0.0,0.0,0.0,0.0,0.0,0.0,0.0,0.0,0.0,0.0,Low,sowens@example.net,India,2024-08-11 13:50:21,verified,True,141,0.0,0.0
USR00438,0,0,1,True,verified,True,False,0.0,0.0,0.0,0.0,0.0,0.0,0.0,0.0,0.0,0.0,10.0,Low,alijoseph@example.org,India,2024-08-18 02:40:55,verified,True,134,364.11,0.0
USR00439,0,0,1,False,verified,True,False,0.0,0.0,0.0,0.0,0.0,0.0,0.0,1.0,0.0,0.0,18.0,Low,armstrongmichael@example.com,India,2024-08-08 10:53:39,verified,False,144,0.0,0.0
USR00440,0,0,0,True,verified,False,True,0.0,0.0,0.0,0.0,0.4,0.0,1.0,3.0,0.0,0.0,9.6,Low,murphyjacob@example.org,India,2024-04-30 00:35:00,verified,True,244,2075.15,0.0
USR00441,0,0,0,False,pending,False,False,0.0,0.0,0.0,0.0,0.0,0.0,0.0,0.0,0.0,0.0,13.0,Low,brentpratt@example.com,India,2024-05-08 19:59:05,pending,False,236,0.0,0.0
USR00442,0,0,0,True,verified,False,False,0.0,0.0,0.0,0.0,0.25,0.0,0.0,0.0,0.0,0.0,1.0,Low,tannermary@example.net,UK,2024-05-05 16:03:58,verified,True,239,723.94,0.0
USR00443,0,0,0,True,verified,False,False,0.0,0.0,0.0,0.0,0.0,0.0,0.0,0.0,0.0,0.0,0.0,Low,brittany88@example.net,Brazil,2024-05-21 17:01:11,verified,True,223,0.0,135.59
USR00444,0,0,0,True,verified,False,False,0.0,0.0,0.0,0.0,0.0,0.0,0.0,0.0,0.0,0.0,0.0,Low,princewilliam@example.org,USA,2024-02-22 23:49:18,verified,True,312,686.63,1392.12
USR00445,0,0,0,True,verified,False,False,2.0,0.3333333333333333,1.0,0.16666666666666666,0.08333333333333333,0.0,1.0,2.0,0.0,0.0,14.833333333333332,Low,smithcody@example.com,Brazil,2024-10-01 15:25:21,verified,True,90,36368.65,1700.11
USR00446,0,0,0,True,pending,False,False,0.0,0.0,0.0,0.0,0.0,0.0,0.0,0.0,0.0,0.0,5.0,Low,jasmine71@example.com,India,2024-03-09 02:23:44,pending,True,296,557.34,476.69
USR00447,0,0,0,True,rejected,False,False,1.0,0.2,0.0,0.2,0.4,0.0,0.0,0.0,0.0,0.0,16.2,Low,johnfoster@example.com,Russia,2024-08-10 11:12:26,rejected,True,142,598.88,2754.45
USR00448,0,0,0,True,verified,False,False,0.0,0.14285714285714285,0.0,0.0,0.0,0.0,0.0,0.0,0.0,0.0,1.1428571428571428,Low,willie83@example.org,Brazil,2024-08-25 10:29:07,verified,True,127,1039.96,5493.35
USR00449,0,0,0,True,pending,False,False,0.0,0.0,0.0,0.0,0.16666666666666666,0.0,0.0,0.0,0.0,0.0,5.666666666666667,Low,nicholasmoore@example.org,India,2024-05-04 02:07:47,pending,True,240,2876.22,453.01
USR00450,0,0,0,True,verified,True,False,0.0,0.0,0.0,0.0,0.1111111111111111,0.0,0.0,1.0,0.0,0.0,0.4444444444444444,Low,nicole31@example.com,UK,2024-06-22 10:53:33,verified,True,191,2067.05,923.73
USR00451,0,0,0,True,verified,False,False,0.0,0.0,0.0,0.0,0.0,0.0,0.0,0.0,0.0,0.0,0.0,Low,dyerbrittany@example.com,USA,2024-10-11 12:10:56,verified,True,80,1353.35,514.74
USR00452,0,0,0,True,verified,False,False,0.0,0.2,0.0,0.0,0.2,0.0,0.0,1.0,0.0,0.0,2.4000000000000004,Low,fernandezmolly@example.com,UK,2024-11-17 21:02:27,verified,True,43,0.0,50.88
USR00453,0,0,0,True,pending,True,True,0.0,0.0,0.0,0.0,0.25,0.0,1.0,6.0,0.0,0.0,14.0,Low,rsuarez@example.net,India,2024-11-24 11:04:39,pending,True,36,217.24,4614.03
USR00454,0,0,0,False,pending,False,False,0.0,0.0,0.0,0.0,0.0,0.0,1.0,2.0,0.0,0.0,21.0,Medium,vyates@example.com,India,2024-07-31 10:50:26,pending,False,152,41.87,213.31
USR00455,0,0,0,True,verified,False,False,0.0,0.0,0.0,0.0,0.0,0.0,0.0,1.0,0.0,0.0,0.0,Low,allendana@example.org,Nigeria,2024-06-16 12:13:29,verified,True,197,0.0,210.64
USR00456,0,0,0,True,verified,False,False,0.0,0.0,0.0,0.0,0.2,0.0,0.0,0.0,0.0,0.0,0.8,Low,valeriewalker@example.org,Brazil,2024-03-14 18:46:53,verified,True,291,1764.14,929.86
USR00457,0,0,0,True,verified,False,False,0.0,0.0,0.0,0.0,0.2,0.0,0.0,0.0,0.0,0.0,0.8,Low,keysandra@example.com,Nigeria,2024-02-07 06:00:04,verified,True,327,325.95,0.0
USR00458,0,0,0,True,verified,False,False,0.0,0.0,0.0,0.0,0.16666666666666666,0.0,0.0,0.0,0.0,0.0,0.6666666666666666,Low,coryallison@example.net,USA,2024-04-24 09:23:59,verified,True,250,38.32,243.05
USR00459,0,0,0,False,verified,False,False,0.0,0.0,0.0,0.0,0.2,0.0,0.0,0.0,0.0,0.0,8.8,Low,jonesbob@example.com,Germany,2024-02-01 19:41:59,verified,False,333,1598.31,1238.54
USR00460,0,0,0,True,verified,False,False,0.0,0.0,0.0,0.0,0.16666666666666666,0.0,1.0,2.0,0.0,0.0,8.666666666666666,Low,kingmegan@example.com,Nigeria,2024-09-06 06:37:41,verified,True,115,458.07,441.29
USR00461,0,0,0,True,verified,False,False,0.0,0.0,0.0,0.0,0.0,0.0,0.0,0.0,0.0,0.0,0.0,Low,alexanderharper@example.com,USA,2024-06-29 14:39:15,verified,True,184,1150.81,0.0
USR00462,0,0,0,True,pending,False,False,0.0,0.0,0.0,0.0,0.6666666666666666,0.0,0.0,0.0,0.0,0.0,7.666666666666666,Low,robert42@example.net,Russia,2024-09-16 11:31:37,pending,True,105,13.8,624.06
USR00463,0,0,0,True,verified,False,False,0.0,0.0,0.0,0.0,0.0,0.0,0.0,1.0,0.0,0.0,0.0,Low,lperez@example.com,UK,2024-11-13 20:05:22,verified,True,47,382.76,190.34
USR00464,0,0,0,False,pending,False,False,0.0,0.0,0.0,0.0,0.125,0.0,0.0,0.0,0.0,0.0,13.5,Low,brownlinda@example.com,UK,2024-04-26 01:30:12,pending,False,248,2737.21,192.14
USR00465,0,0,0,False,verified,False,False,0.0,0.0,0.0,0.0,0.14285714285714285,0.0,0.0,0.0,0.0,0.0,8.571428571428571,Low,owhite@example.net,Brazil,2024-09-20 03:04:58,verified,False,101,3143.76,1177.4
USR00466,0,0,0,True,rejected,False,False,0.0,0.0,0.0,0.0,0.16666666666666666,0.0,0.0,1.0,0.0,0.0,12.666666666666666,Low,gonzalezmichelle@example.net,USA,2024-03-23 06:57:33,rejected,True,282,728.67,294.39
USR00467,0,0,0,True,verified,False,False,0.0,0.0,0.0,0.0,0.2,0.0,0.0,0.0,0.0,1.0,3.8,Low,lpeterson@example.com,India,2024-08-31 14:10:19,verified,True,121,373.77,1751.03
USR00468,0,1,0,False,pending,False,False,0.0,0.0,0.0,0.0,0.5,0.0,0.0,0.0,0.0,0.0,30.0,Medium,sarah59@example.org,India,2024-08-04 01:41:24,pending,False,148,193.3,0.0
USR00469,0,0,0,True,verified,False,False,0.0,0.0,0.0,0.0,0.0,0.0,0.0,0.0,0.0,0.0,0.0,Low,rmoore@example.org,India,2024-08-29 23:19:14,verified,True,123,130.46,114.89
USR00470,0,0,0,True,verified,False,False,2.0,0.5,1.0,0.25,0.0,0.0,0.0,0.0,0.0,0.0,8.25,Low,michael81@example.net,India,2024-02-08 21:58:08,verified,True,326,713.23,41803.93
USR00471,0,0,0,True,verified,False,False,1.0,0.5,1.0,0.125,0.25,0.0,0.0,0.0,0.0,0.0,8.625,Low,bsmith@example.org,USA,2024-06-08 13:46:21,verified,True,205,51341.6,335.29
USR00472,0,0,0,True,verified,False,False,0.0,0.0,0.0,0.0,0.14285714285714285,0.0,0.0,0.0,0.0,0.0,0.5714285714285714,Low,waltersdesiree@example.org,India,2024-08-28 02:27:22,verified,True,124,98.32,725.97
USR00473,0,0,0,True,verified,False,False,0.0,0.0,0.0,0.0,0.0,0.0,0.0,0.0,0.0,0.0,0.0,Low,aguirremark@example.com,India,2024-10-16 14:53:31,verified,True,75,77.97,0.0
USR00474,0,0,0,True,rejected,False,False,1.0,0.2,0.0,0.2,0.2,0.0,0.0,0.0,0.0,0.0,15.4,Low,underwoodbradley@example.org,India,2024-11-23 07:53:57,rejected,True,37,2213.99,557.93
USR00475,0,0,0,True,verified,False,False,0.0,0.14285714285714285,0.0,0.0,0.14285714285714285,0.0,1.0,2.0,0.0,0.0,9.714285714285714,Low,justin18@example.org,UK,2024-06-21 02:05:24,verified,True,192,6202.1,0.0
USR00476,0,1,0,True,pending,True,False,0.0,0.0,0.0,0.0,0.0,0.0,0.0,1.0,0.0,0.0,20.0,Low,anthony15@example.com,USA,2024-11-15 23:57:06,pending,True,45,1411.28,0.0
USR00477,0,0,0,False,verified,False,False,0.0,0.0,0.0,0.0,0.0,0.0,0.0,0.0,0.0,0.0,8.0,Low,tyler79@example.net,India,2024-01-26 11:35:40,verified,False,339,1185.21,170.54
USR00478,0,0,0,True,verified,False,False,0.0,0.0,0.0,0.0,0.0,0.0,0.0,0.0,0.0,0.0,0.0,Low,thomas15@example.org,India,2024-03-15 20:41:07,verified,True,290,692.78,1023.53
USR00479,0,0,0,True,verified,False,False,0.0,0.0,0.0,0.0,0.16666666666666666,0.0,0.0,0.0,0.0,0.0,0.6666666666666666,Low,caleb63@example.com,USA,2024-03-18 07:50:15,verified,True,287,164.76,0.0
USR00480,0,0,0,True,verified,False,False,0.0,0.0,0.0,0.0,0.2,0.0,0.0,0.0,0.0,1.0,3.8,Low,batessteven@example.com,Russia,2024-05-24 15:38:30,verified,True,220,0.0,176.4
USR00481,0,0,0,True,verified,False,False,0.0,0.0,0.0,0.0,0.0,0.0,0.0,0.0,0.0,0.0,0.0,Low,hendersonchristina@example.com,UK,2024-11-21 07:29:56,verified,True,39,24.79,336.24
USR00482,0,0,0,True,verified,False,False,0.0,0.0,0.0,0.0,0.1111111111111111,0.0,0.0,0.0,0.0,0.0,0.4444444444444444,Low,patrick60@example.org,India,2024-08-10 05:49:54,verified,True,142,1338.06,361.56
USR00483,0,0,0,True,verified,True,False,0.0,0.0,0.0,0.0,0.0,0.0,0.0,0.0,0.0,0.0,0.0,Low,ohoward@example.net,Germany,2024-07-18 08:07:40,verified,True,165,2736.8,0.0
USR00484,0,0,0,True,verified,False,False,0.0,0.0,0.0,0.0,0.5,0.0,0.0,0.0,0.0,0.0,2.0,Low,jaredbryant@example.org,Russia,2024-08-24 06:10:33,verified,True,128,0.0,0.0
USR00485,0,0,0,True,verified,False,False,0.0,0.0,0.0,0.0,0.14285714285714285,0.0,0.0,0.0,0.0,0.0,0.5714285714285714,Low,harrisjennifer@example.com,India,2024-05-15 10:12:19,verified,True,229,989.61,94.73
USR00486,0,0,0,True,verified,False,False,0.0,0.0,0.0,0.0,0.0,0.0,0.0,0.0,0.0,0.0,0.0,Low,watkins@example.net,Nigeria,2024-01-03 20:29:03,verified,True,362,0.0,923.95
USR00487,0,0,0,True,verified,False,False,0.0,0.0,0.0,0.0,0.0,0.0,0.0,0.0,0.0,0.0,0.0,Low,jesse56@example.net,India,2024-04-25 21:59:50,verified,True,249,1541.21,71.48
USR00488,0,0,0,True,pending,False,False,0.0,0.0,0.0,0.0,0.0,0.0,0.0,0.0,0.0,0.0,5.0,Low,leslie21@example.net,India,2024-09-11 19:28:40,pending,True,110,44.3,32.49
USR00489,0,0,0,True,verified,False,False,0.0,0.0,0.0,0.0,0.0,0.0,0.0,0.0,0.0,0.0,0.0,Low,morganlindsey@example.com,USA,2024-11-08 19:09:00,verified,True,52,0.0,22.76
USR00490,0,0,0,True,pending,False,False,0.0,0.0,0.0,0.0,0.0,0.0,0.0,0.0,0.0,0.0,5.0,Low,vberg@example.org,USA,2024-07-12 03:51:02,pending,True,171,0.0,361.01
USR00491,0,0,0,True,verified,False,False,0.0,0.0,0.0,0.0,0.0,0.0,0.0,0.0,0.0,0.0,0.0,Low,andrewherman@example.org,UK,2024-08-10 03:49:18,verified,True,142,159.98,0.0
USR00492,0,0,0,True,verified,False,False,0.0,0.0,0.0,0.0,0.0,0.0,0.0,0.0,0.0,0.0,0.0,Low,dwayne45@example.org,India,2024-09-17 22:16:05,verified,True,104,248.49,514.02
USR00493,0,0,0,True,verified,False,False,0.0,0.0,0.0,0.0,0.0,0.0,0.0,1.0,0.0,0.0,0.0,Low,maria41@example.org,Germany,2024-07-01 19:59:44,verified,True,182,252.26,1855.53
USR00494,0,0,0,True,pending,False,False,1.0,0.125,0.0,0.125,0.5,0.0,0.0,0.0,0.0,0.0,8.625,Low,donaldspencer@example.org,India,2024-05-10 08:19:16,pending,True,234,3119.43,497.27
USR00495,0,0,0,False,verified,False,False,0.0,0.0,0.0,0.0,0.0,0.0,0.0,0.0,0.0,0.0,8.0,Low,maria84@example.com,Nigeria,2024-05-24 08:19:52,verified,False,220,972.24,906.7
USR00496,0,0,0,True,verified,False,False,0.0,0.0,0.0,0.0,0.2,0.0,0.0,1.0,0.0,0.0,0.8,Low,ldean@example.com,USA,2024-08-29 00:55:15,verified,True,123,0.0,599.02
USR00497,0,0,0,False,pending,False,False,0.0,0.0,0.0,0.0,0.2222222222222222,0.0,0.0,0.0,0.0,0.0,13.88888888888889,Low,nicole71@example.com,Russia,2024-01-21 23:53:38,pending,False,344,0.0,2559.68
USR00498,0,0,0,True,rejected,False,False,1.0,1.5,1.0,0.5,0.0,0.0,0.0,0.0,0.0,0.0,29.5,Medium,isoto@example.com,India,2024-06-26 16:52:29,rejected,True,187,0.0,0.0
USR00499,0,1,0,True,pending,True,True,0.0,0.0,0.0,0.0,0.2,0.0,0.0,0.0,0.0,0.0,20.8,Medium,katiebradley@example.org,India,2024-05-01 17:13:51,pending,True,243,1572.85,0.0
USR00500,0,1,0,True,verified,True,False,0.0,0.2,0.0,0.0,0.0,0.0,0.0,0.0,0.0,0.0,16.6,Low,patrickbradley@example.com,India,2024-07-09 03:11:21,verified,True,174,0.0,1012.64
USR00501,0,0,0,True,verified,False,True,0.0,0.0,0.0,0.0,0.0,0.0,1.0,6.0,0.0,0.0,8.0,Low,renee75@example.net,India,2024-07-04 09:41:35,verified,True,179,132.69,0.0
USR00502,0,0,0,True,pending,False,True,0.0,0.0,0.0,0.0,0.14285714285714285,0.0,0.0,0.0,0.0,0.0,5.571428571428571,Low,browncourtney@example.org,India,2024-11-19 14:15:14,pending,True,41,1689.44,3806.11
USR00503,0,0,0,True,verified,False,False,1.0,0.2222222222222222,1.0,0.1111111111111111,0.1111111111111111,0.0,0.0,1.0,0.0,0.0,5.777777777777778,Low,acarter@example.net,USA,2024-05-01 04:54:38,verified,True,243,331.22,633.19
USR00504,0,0,0,True,verified,False,False,0.0,0.0,0.0,0.0,0.25,0.0,0.0,2.0,0.0,0.0,1.0,Low,deanchad@example.org,USA,2024-04-22 22:42:41,verified,True,252,0.0,401.17
USR00505,0,0,0,True,verified,False,False,2.0,1.5,2.0,0.5,0.25,0.0,0.0,0.0,0.0,0.0,21.5,Medium,amymartinez@example.com,Brazil,2024-07-09 08:47:47,verified,True,174,48.58,20062.68
USR00506,0,0,0,True,pending,False,False,0.0,0.0,0.0,0.0,0.0,0.0,1.0,2.0,0.0,0.0,13.0,Low,phillipgallegos@example.com,India,2024-10-09 09:42:16,pending,True,82,1808.82,0.0
USR00507,0,0,0,True,pending,True,False,0.0,0.0,0.0,0.0,0.0,0.0,0.0,1.0,0.0,0.0,5.0,Low,walkerandrew@example.org,India,2024-11-03 15:09:36,pending,True,57,250.81,73.94
USR00508,0,0,0,True,verified,False,False,0.0,0.0,0.0,0.0,0.16666666666666666,0.0,1.0,2.0,0.0,0.0,8.666666666666666,Low,bradshawmatthew@example.com,India,2024-01-19 17:34:59,verified,True,346,2669.09,335.71
USR00509,0,0,0,True,verified,False,True,0.0,0.0,0.0,0.0,0.0,0.0,0.0,0.0,0.0,0.0,0.0,Low,pkaufman@example.org,USA,2024-09-26 23:39:33,verified,True,95,0.0,960.25
USR00510,0,0,0,True,verified,False,False,0.0,0.14285714285714285,1.0,0.0,0.2857142857142857,0.0,0.0,0.0,0.0,0.0,5.285714285714285,Low,kramos@example.org,India,2024-09-29 03:14:34,verified,True,92,0.0,295.36
USR00511,0,0,0,False,verified,False,False,0.0,0.0,0.0,0.0,0.2,0.0,0.0,0.0,0.0,0.0,8.8,Low,joshua87@example.com,Germany,2024-02-11 06:26:58,verified,False,323,650.21,0.0
USR00512,0,0,0,False,verified,False,True,0.0,0.0,0.0,0.0,0.25,0.0,0.0,0.0,0.0,0.0,9.0,Low,carlaperez@example.net,USA,2024-06-08 03:12:17,verified,False,205,1916.3,2378.39
USR00513,0,0,0,True,verified,True,False,1.0,1.0,1.0,0.3333333333333333,0.0,0.0,1.0,2.0,0.0,0.0,20.666666666666664,Medium,perkinsmichelle@example.net,India,2024-01-02 01:31:12,verified,True,363,21300.13,267.37
USR00514,0,0,0,False,verified,False,False,0.0,0.0,0.0,0.0,0.0,0.0,0.0,0.0,0.0,0.0,8.0,Low,barnettjessica@example.net,USA,2024-10-08 00:06:06,verified,False,83,371.67,98.48
USR00515,0,0,0,True,verified,False,False,0.0,0.2,1.0,0.0,0.2,0.0,0.0,0.0,0.0,0.0,5.3999999999999995,Low,batkinson@example.com,India,2024-01-20 10:46:52,verified,True,345,11.76,151.94
USR00516,0,0,0,True,verified,False,False,0.0,0.0,0.0,0.0,0.0,0.0,0.0,1.0,0.0,0.0,0.0,Low,ismith@example.net,Nigeria,2024-10-13 19:41:36,verified,True,78,436.74,0.0
USR00517,0,0,0,True,pending,False,False,0.0,0.25,1.0,0.0,0.5,0.0,1.0,2.0,0.0,0.0,20.0,Low,rbrennan@example.com,USA,2024-05-07 15:20:27,pending,True,237,216.27,167.04
USR00518,0,0,0,True,verified,False,False,0.0,0.0,0.0,0.0,1.0,0.0,0.0,1.0,0.0,0.0,4.0,Low,bradshawdavid@example.net,USA,2024-03-12 00:27:59,verified,True,293,116.16,0.0
USR00519,0,0,0,True,rejected,False,False,0.0,0.0,0.0,0.0,0.16666666666666666,0.0,0.0,0.0,0.0,0.0,12.666666666666666,Low,brendapetersen@example.net,India,2024-06-12 18:54:00,rejected,True,201,0.0,0.0
USR00520,0,0,0,True,verified,False,False,0.0,0.0,0.0,0.0,0.0,0.0,0.0,0.0,0.0,0.0,0.0,Low,batesryan@example.org,USA,2024-03-02 21:40:22,verified,True,303,143.8,428.27
USR00521,0,0,0,False,verified,False,True,0.0,0.0,0.0,0.0,0.0,0.0,1.0,8.0,0.0,0.0,16.0,Low,pamela50@example.org,UK,2024-10-29 14:20:15,verified,False,62,540.46,1093.27
USR00522,0,0,0,True,pending,False,False,0.0,0.0,0.0,0.0,0.25,0.0,0.0,0.0,0.0,0.0,6.0,Low,geraldhart@example.org,India,2024-07-08 13:38:02,pending,True,175,1844.59,2622.09
USR00523,0,0,0,False,pending,False,False,0.0,0.0,0.0,0.0,0.0,0.0,1.0,2.0,0.0,0.0,21.0,Medium,michelehall@example.com,UK,2024-09-20 06:45:19,pending,False,101,1129.97,497.54
USR00524,0,0,0,True,verified,False,False,0.0,0.0,0.0,0.0,0.5,0.0,0.0,0.0,0.0,0.0,2.0,Low,porterjennifer@example.com,India,2024-07-20 14:21:34,verified,True,163,0.0,493.91
USR00525,0,0,0,True,verified,False,False,1.0,0.16666666666666666,0.0,0.16666666666666666,0.16666666666666666,0.0,0.0,0.0,0.0,0.0,2.833333333333333,Low,thess@example.com,Germany,2024-09-19 15:31:53,verified,True,102,485.59,3151.58
USR00526,0,0,0,True,verified,False,False,0.0,0.0,0.0,0.0,0.0,0.0,0.0,0.0,0.0,0.0,0.0,Low,matthewdean@example.net,USA,2024-03-01 22:40:08,verified,True,304,184.96,0.0
USR00527,0,0,0,True,verified,False,False,4.0,0.8181818181818182,3.0,0.36363636363636365,0.2727272727272727,0.0,0.0,1.0,0.0,0.0,18.454545454545457,Low,justin81@example.com,India,2024-05-08 12:09:48,verified,True,236,23214.23,44246.57
USR00528,0,0,0,True,rejected,False,False,0.0,0.0,0.0,0.0,0.0,0.0,0.0,0.0,0.0,0.0,12.0,Low,antoniodavis@example.com,India,2024-06-27 07:04:18,rejected,True,186,1925.11,538.78
USR00529,0,0,0,True,verified,False,False,1.0,0.5,0.0,0.5,0.0,0.0,0.0,0.0,0.0,0.0,6.5,Low,michael24@example.org,USA,2024-10-16 10:07:50,verified,True,75,0.0,0.0
USR00530,0,0,0,True,verified,False,False,0.0,0.0,0.0,0.0,0.0,0.0,1.0,2.0,0.0,0.0,8.0,Low,ericksonsara@example.net,Nigeria,2024-08-22 15:34:57,verified,True,130,888.19,378.57
USR00531,0,0,0,True,verified,False,False,0.0,0.0,0.0,0.0,0.14285714285714285,0.0,1.0,2.0,0.0,0.0,8.571428571428571,Low,markvang@example.org,India,2024-05-12 08:59:29,verified,True,232,251.43,352.73
USR00532,0,0,0,True,verified,False,False,0.0,0.0,0.0,0.0,0.25,0.0,0.0,0.0,0.0,0.0,1.0,Low,brenda22@example.net,USA,2024-07-02 17:55:31,verified,True,181,165.27,0.0
USR00533,0,0,0,True,verified,False,False,0.0,0.0,0.0,0.0,0.0,0.0,1.0,2.0,0.0,0.0,8.0,Low,martinoliver@example.net,India,2024-05-17 22:08:06,verified,True,227,561.96,322.08
USR00534,0,0,0,True,verified,False,False,2.0,1.3333333333333333,1.0,0.6666666666666666,0.0,0.0,0.0,1.0,0.0,0.0,17.0,Low,awashington@example.com,UK,2024-03-04 18:02:20,verified,True,301,1889.04,0.0
USR00535,0,0,0,True,verified,False,False,1.0,0.8,1.0,0.2,0.4,0.0,0.0,0.0,0.0,0.0,12.0,Low,brittanybrown@example.com,USA,2024-02-16 21:25:56,verified,True,318,10711.53,0.0
USR00536,0,0,0,False,verified,False,False,0.0,0.0,0.0,0.0,0.0,0.0,1.0,2.0,0.0,0.0,16.0,Low,taylorbradley@example.net,UK,2024-06-09 23:08:37,verified,False,204,191.26,991.43
USR00537,0,0,0,True,rejected,False,False,0.0,0.0,0.0,0.0,0.5,0.0,1.0,2.0,0.0,0.0,22.0,Medium,uscott@example.net,USA,2024-08-16 20:49:29,rejected,True,136,120.62,0.0
USR00538,0,0,0,True,verified,False,False,0.0,0.0,0.0,0.0,0.0,0.0,0.0,1.0,0.0,0.0,0.0,Low,sanchezrachel@example.com,Germany,2024-11-21 18:19:58,verified,True,39,792.67,75.64
USR00539,0,0,1,True,verified,True,False,0.0,0.0,0.0,0.0,0.0,0.0,0.0,0.0,0.0,0.0,10.0,Low,harrisbrad@example.org,USA,2024-11-12 14:37:34,verified,True,48,1556.2,200.92
USR00540,0,0,0,False,verified,False,False,1.0,0.5,1.0,0.25,0.0,0.0,0.0,0.0,0.0,0.0,16.25,Low,douglasemily@example.com,India,2024-08-24 12:13:57,verified,False,128,99.01,0.0
USR00541,0,0,1,True,verified,False,False,0.0,0.0,0.0,0.0,0.25,0.0,0.0,1.0,0.0,0.0,11.0,Low,joanne43@example.org,Nigeria,2024-02-21 19:06:56,verified,True,313,128.18,177.32
USR00542,0,0,0,True,verified,False,False,1.0,0.42857142857142855,1.0,0.14285714285714285,0.2857142857142857,0.0,0.0,0.0,0.0,0.0,8.285714285714286,Low,courtney47@example.org,USA,2024-05-01 21:51:38,verified,True,243,2644.83,1530.97
USR00543,0,0,0,True,verified,False,False,0.0,0.0,0.0,0.0,0.125,0.0,0.0,0.0,0.0,0.0,0.5,Low,joseestrada@example.com,UK,2024-05-14 02:22:09,verified,True,230,4323.83,31.32
USR00544,0,0,0,True,verified,False,False,0.0,0.0,0.0,0.0,0.0,0.0,0.0,0.0,0.0,0.0,0.0,Low,angela01@example.com,India,2024-09-04 08:07:40,verified,True,117,900.49,514.92
USR00545,1,1,0,True,verified,True,False,0.0,0.16666666666666666,1.0,0.0,0.3333333333333333,0.0,0.0,0.0,0.0,0.0,35.666666666666664,Medium,usmith@example.com,USA,2024-06-11 03:10:34,verified,True,202,600.84,409.35
USR00546,0,0,0,True,verified,True,False,0.0,0.0,0.0,0.0,0.2222222222222222,0.0,0.0,2.0,0.0,0.0,0.8888888888888888,Low,dianelogan@example.org,UK,2024-02-11 08:22:36,verified,True,323,95.42,1306.64
USR00547,0,0,0,True,verified,False,False,0.0,0.0,0.0,0.0,0.25,0.0,0.0,0.0,0.0,0.0,1.0,Low,jessica51@example.org,India,2024-11-21 23:36:20,verified,True,39,593.11,0.0
USR00548,0,0,0,True,verified,False,False,1.0,0.14285714285714285,0.0,0.14285714285714285,0.0,0.0,0.0,1.0,0.0,0.0,1.857142857142857,Low,charlesgregory@example.com,Nigeria,2024-08-27 06:33:01,verified,True,125,3976.31,1548.4
USR00549,0,0,0,True,verified,False,False,0.0,0.0,0.0,0.0,0.25,0.0,0.0,1.0,0.0,0.0,1.0,Low,jenniferpeterson@example.net,UK,2024-10-31 14:16:21,verified,True,60,679.49,7466.05
USR00550,0,0,0,True,verified,False,False,0.0,0.0,0.0,0.0,0.0,0.0,0.0,0.0,0.0,0.0,0.0,Low,randallingram@example.org,USA,2024-11-02 01:43:54,verified,True,58,0.0,0.0
USR00551,0,0,0,True,verified,False,False,1.0,0.2,0.0,0.2,0.0,0.0,0.0,0.0,0.0,0.0,2.6,Low,zaustin@example.com,India,2024-10-30 06:44:51,verified,True,61,1094.41,2756.09
USR00552,0,0,0,True,verified,False,False,0.0,0.0,0.0,0.0,0.0,0.0,0.0,1.0,0.0,0.0,0.0,Low,victorsharp@example.org,Germany,2024-08-16 12:08:55,verified,True,136,1569.9,141.39
USR00553,0,0,0,True,verified,False,False,1.0,0.5,1.0,0.25,0.25,0.0,0.0,0.0,0.0,0.0,9.25,Low,deborah38@example.net,UK,2024-09-22 02:50:30,verified,True,99,746.23,424.14
USR00554,0,0,0,True,verified,False,False,1.0,0.8,1.0,0.2,0.2,0.0,0.0,0.0,0.0,0.0,11.200000000000001,Low,kyledillon@example.net,India,2024-04-12 14:53:29,verified,True,262,2467.32,50000.0
USR00555,0,0,0,True,verified,False,False,0.0,0.0,0.0,0.0,0.2857142857142857,0.0,0.0,0.0,0.0,0.0,1.1428571428571428,Low,benjaminwilson@example.com,Germany,2024-02-29 16:37:09,verified,True,305,563.99,306.93
USR00556,0,0,0,True,verified,False,False,0.0,0.0,0.0,0.0,0.14285714285714285,0.0,0.0,0.0,0.0,0.0,0.5714285714285714,Low,portermatthew@example.org,Germany,2024-11-02 18:28:40,verified,True,58,2585.79,68.86
USR00557,0,0,0,True,pending,False,False,0.0,0.0,0.0,0.0,0.3333333333333333,0.0,0.0,1.0,0.0,0.0,6.333333333333333,Low,matthew83@example.net,USA,2024-01-27 11:27:02,pending,True,338,1000.32,0.0
USR00558,0,0,0,True,rejected,False,False,2.0,0.8,1.0,0.4,0.2,0.0,1.0,2.0,0.0,0.0,32.2,Medium,oconnordustin@example.com,India,2024-09-14 14:43:31,rejected,True,107,125.12,43.42
USR00559,0,0,0,True,verified,False,False,0.0,0.0,0.0,0.0,0.3333333333333333,0.0,0.0,0.0,0.0,0.0,1.3333333333333333,Low,murphykelly@example.org,India,2024-11-15 21:19:56,verified,True,45,688.19,0.0
USR00560,0,0,0,True,verified,False,True,0.0,0.0,0.0,0.0,0.0,0.0,1.0,4.0,0.0,0.0,8.0,Low,kimberlyglass@example.org,Nigeria,2024-08-29 05:22:01,verified,True,123,0.0,228.25
USR00561,0,0,0,True,pending,False,False,8.0,1.0769230769230769,7.0,0.0,0.07692307692307693,7.0,0.0,0.0,0.0,0.0,43.92307692307692,High,ashley66@example.com,Brazil,2024-04-09 15:35:50,pending,True,265,914.75,182.72
USR00562,0,0,0,True,verified,False,False,1.0,0.125,0.0,0.125,0.25,0.0,0.0,0.0,0.0,0.0,2.625,Low,brianlee@example.com,UK,2024-06-22 00:53:28,verified,True,191,3569.65,358.79
USR00563,0,0,0,True,pending,False,True,0.0,0.0,0.0,0.0,0.5,0.0,0.0,0.0,0.0,0.0,7.0,Low,littlekathryn@example.net,India,2024-10-27 07:51:03,pending,True,64,211.27,0.0
USR00564,0,0,0,True,verified,False,False,0.0,0.0,0.0,0.0,0.0,0.0,0.0,0.0,0.0,0.0,0.0,Low,courtney92@example.net,Germany,2024-06-13 17:55:07,verified,True,200,948.93,860.29
USR00565,0,0,0,True,verified,False,False,0.0,0.0,0.0,0.0,0.2,0.0,0.0,0.0,0.0,0.0,0.8,Low,henrylopez@example.org,India,2024-11-13 04:42:08,verified,True,47,261.21,0.0
USR00566,0,0,0,False,verified,False,False,1.0,0.3333333333333333,1.0,0.1111111111111111,0.1111111111111111,0.0,0.0,0.0,0.0,0.0,14.666666666666666,Low,thompsonmatthew@example.net,India,2024-01-22 01:48:54,verified,False,343,0.0,121.0
USR00567,0,0,0,True,verified,False,False,0.0,0.0,0.0,0.0,0.3333333333333333,0.0,0.0,0.0,0.0,0.0,1.3333333333333333,Low,rshields@example.org,India,2024-06-24 04:47:45,verified,True,189,202.39,40.63
USR00568,0,0,0,True,verified,False,False,0.0,0.0,0.0,0.0,0.0,0.0,0.0,0.0,0.0,0.0,0.0,Low,elizabethingram@example.net,India,2024-08-28 03:26:01,verified,True,124,108.18,999.52
USR00569,0,1,0,True,verified,False,False,1.0,0.75,1.0,0.25,0.0,0.0,0.0,1.0,0.0,0.0,25.25,Medium,qcoffey@example.net,India,2024-04-22 13:28:22,verified,True,252,25709.05,0.0
USR00570,0,0,0,True,verified,True,False,0.0,0.0,0.0,0.0,0.0,0.0,0.0,0.0,0.0,0.0,0.0,Low,samanthataylor@example.com,India,2024-09-13 14:23:10,verified,True,108,101.16,261.37
USR00571,0,0,0,False,verified,False,False,0.0,0.0,0.0,0.0,0.2222222222222222,0.0,0.0,0.0,0.0,0.0,8.88888888888889,Low,howardmorgan@example.net,Russia,2024-11-04 18:05:47,verified,False,56,2262.1,175.52
USR00572,0,0,0,True,pending,True,False,0.0,0.0,0.0,0.0,0.0,0.0,1.0,2.0,0.0,0.0,13.0,Low,jasminejones@example.net,USA,2024-01-17 05:21:14,pending,True,348,0.0,337.8
USR00573,0,0,0,True,pending,False,False,1.0,0.25,0.0,0.25,0.0,0.0,0.0,0.0,0.0,0.0,8.25,Low,ssandoval@example.net,USA,2024-03-23 05:31:52,pending,True,282,1237.16,192.9
USR00574,0,0,0,True,rejected,False,False,1.0,0.125,0.0,0.125,0.375,0.0,1.0,2.0,0.0,0.0,23.125,Medium,dross@example.net,USA,2024-03-16 11:15:05,rejected,True,289,1211.5,3074.0
USR00575,0,0,0,True,pending,False,False,1.0,0.5,2.0,0.16666666666666666,0.0,0.0,0.0,0.0,0.0,0.0,15.833333333333334,Low,mbishop@example.net,India,2024-08-01 03:39:47,pending,True,151,428.05,1274.41
USR00576,0,0,0,True,verified,False,False,0.0,0.0,0.0,0.0,0.0,0.0,0.0,2.0,0.0,0.0,0.0,Low,cookcourtney@example.com,UK,2024-07-08 04:56:37,verified,True,175,0.0,0.0
USR00577,0,1,0,True,verified,False,False,0.0,0.0,0.0,0.0,0.4,0.0,1.0,2.0,0.0,0.0,24.6,Medium,harmonkaren@example.net,USA,2024-03-16 03:32:14,verified,True,289,67.75,3186.26
USR00578,0,0,0,True,pending,False,False,0.0,0.0,0.0,0.0,0.0,0.0,0.0,0.0,0.0,0.0,5.0,Low,thompsonjames@example.com,India,2024-05-21 13:19:30,pending,True,223,553.84,0.0
USR00579,0,0,0,False,verified,False,False,0.0,0.0,0.0,0.0,0.0,0.0,0.0,1.0,0.0,0.0,8.0,Low,usharp@example.com,India,2024-09-05 21:02:53,verified,False,116,58.26,1942.0
USR00580,0,0,0,True,verified,False,False,0.0,0.0,0.0,0.0,0.0,0.0,0.0,0.0,0.0,0.0,0.0,Low,hstrickland@example.net,India,2024-05-19 07:42:50,verified,True,225,606.55,277.03
USR00581,0,0,0,True,verified,False,False,1.0,0.25,0.0,0.25,0.0,0.0,0.0,0.0,0.0,0.0,3.25,Low,ajohnson@example.org,India,2024-11-16 23:00:48,verified,True,44,149.13,1476.19
USR00582,0,0,0,True,verified,False,False,0.0,0.0,0.0,0.0,0.0,0.0,1.0,2.0,0.0,0.0,8.0,Low,palmertimothy@example.com,Germany,2024-01-08 05:38:48,verified,True,357,0.0,0.0
USR00583,0,0,0,True,verified,False,False,0.0,0.0,0.0,0.0,0.0,0.0,1.0,2.0,0.0,0.0,8.0,Low,gailjohnson@example.org,Russia,2024-01-15 05:39:41,verified,True,350,0.0,266.67
USR00584,0,0,0,True,verified,False,False,0.0,0.0,0.0,0.0,0.1111111111111111,0.0,0.0,0.0,0.0,0.0,0.4444444444444444,Low,mitchellmicheal@example.com,Nigeria,2024-03-27 17:22:07,verified,True,278,1710.63,195.47
USR00585,0,0,0,True,verified,False,False,0.0,0.0,0.0,0.0,0.14285714285714285,0.0,0.0,1.0,0.0,0.0,0.5714285714285714,Low,ayalabeth@example.org,Nigeria,2024-05-21 07:28:22,verified,True,223,260.62,0.0
USR00586,0,0,0,False,verified,False,False,0.0,0.0,0.0,0.0,0.2222222222222222,0.0,1.0,2.0,0.0,0.0,16.88888888888889,Low,jennifermills@example.net,USA,2024-07-18 16:06:04,verified,False,165,305.51,324.16
USR00587,0,0,0,True,verified,False,False,0.0,0.0,0.0,0.0,0.0,0.0,0.0,0.0,0.0,0.0,0.0,Low,kjones@example.net,India,2024-10-11 06:46:34,verified,True,80,39.96,2546.6
USR00588,0,0,0,False,pending,False,False,1.0,0.5,1.0,0.25,0.0,0.0,0.0,0.0,0.0,0.0,21.25,Medium,uvelasquez@example.net,Germany,2024-01-17 15:00:12,pending,False,348,1798.72,380.31
USR00589,0,0,0,True,pending,False,False,0.0,0.0,0.0,0.0,0.3333333333333333,0.0,0.0,0.0,0.0,0.0,6.333333333333333,Low,michael84@example.com,UK,2024-01-16 11:56:19,pending,True,349,470.46,739.5
USR00590,0,1,0,True,pending,False,False,0.0,0.0,0.0,0.0,0.4,0.0,1.0,2.0,0.0,0.0,29.6,Medium,perrybonnie@example.org,India,2024-04-12 06:17:01,pending,True,262,302.87,411.83
USR00591,0,0,0,True,pending,False,False,0.0,0.0,0.0,0.0,0.0,0.0,0.0,1.0,0.0,0.0,5.0,Low,ashley39@example.net,Brazil,2024-01-31 05:29:52,pending,True,334,0.0,417.37
USR00592,0,0,0,True,verified,False,False,1.0,0.1,0.0,0.1,0.4,0.0,0.0,1.0,0.0,0.0,2.9000000000000004,Low,davidhammond@example.org,India,2024-07-08 01:52:43,verified,True,175,1177.07,453.45
USR00593,0,0,0,True,verified,False,False,0.0,0.0,0.0,0.0,0.0,0.0,0.0,1.0,0.0,0.0,0.0,Low,robert46@example.com,India,2024-07-18 19:52:20,verified,True,165,319.44,0.0
USR00594,0,0,0,True,verified,False,False,0.0,0.0,0.0,0.0,0.0,0.0,0.0,0.0,0.0,0.0,0.0,Low,zgonzalez@example.net,India,2024-03-30 10:59:00,verified,True,275,293.7,0.0
USR00595,0,0,0,True,verified,False,True,0.0,0.0,0.0,0.0,0.16666666666666666,0.0,0.0,0.0,0.0,0.0,0.6666666666666666,Low,charlene95@example.com,India,2024-09-08 08:53:35,verified,True,113,2123.08,99.32
USR00596,0,0,0,True,verified,False,False,0.0,0.2,1.0,0.0,0.2,0.0,0.0,0.0,0.0,0.0,5.3999999999999995,Low,kelleyannette@example.com,India,2024-01-16 05:17:07,verified,True,349,1368.09,225.99
USR00597,0,0,0,False,verified,False,False,1.0,0.2,0.0,0.2,0.2,0.0,0.0,0.0,0.0,0.0,11.4,Low,jasonharris@example.org,UK,2024-08-06 21:10:35,verified,False,146,848.4,2992.35
USR00598,0,0,0,True,pending,False,False,0.0,0.0,0.0,0.0,0.5,0.0,0.0,0.0,0.0,0.0,7.0,Low,stevenspamela@example.org,India,2024-08-23 13:13:51,pending,True,129,120.34,653.62
USR00599,0,0,0,True,rejected,False,False,2.0,0.3333333333333333,0.0,0.2222222222222222,0.0,0.0,0.0,0.0,0.0,0.0,15.777777777777777,Low,leslie35@example.com,USA,2024-11-14 15:10:40,rejected,True,46,718.53,6834.84
USR00600,0,0,0,True,pending,False,False,0.0,0.0,0.0,0.0,0.0,0.0,0.0,1.0,0.0,0.0,5.0,Low,corybarnes@example.net,India,2024-08-19 16:05:38,pending,True,133,0.0,0.0
USR00601,0,0,0,False,verified,False,False,1.0,0.14285714285714285,0.0,0.14285714285714285,0.0,0.0,0.0,1.0,0.0,0.0,9.857142857142856,Low,maldonadomichael@example.net,USA,2024-07-14 20:58:17,verified,False,169,3172.96,158.18
USR00602,0,0,0,False,verified,False,False,1.0,0.6,1.0,0.2,0.2,0.0,0.0,1.0,0.0,0.0,17.6,Low,apatel@example.org,India,2024-10-31 10:10:53,verified,False,60,426.01,508.76
USR00603,0,0,0,True,verified,False,False,0.0,0.0,0.0,0.0,0.25,0.0,0.0,0.0,0.0,0.0,1.0,Low,amandaallen@example.net,USA,2024-01-01 11:11:12,verified,True,364,46.53,117.43
USR00604,0,0,0,True,pending,False,False,0.0,0.0,0.0,0.0,0.0,0.0,0.0,2.0,0.0,0.0,5.0,Low,jhernandez@example.net,USA,2024-07-24 18:14:52,pending,True,159,1705.27,0.0
USR00605,1,0,0,True,rejected,False,False,0.0,0.0,0.0,0.0,0.3333333333333333,0.0,1.0,2.0,0.0,0.0,36.33333333333333,Medium,ctorres@example.org,USA,2024-10-22 18:03:36,rejected,True,69,1607.6,75.96
USR00606,0,0,0,True,pending,False,False,0.0,0.0,0.0,0.0,0.3333333333333333,0.0,0.0,0.0,0.0,0.0,6.333333333333333,Low,sabrina75@example.org,USA,2024-02-02 13:14:11,pending,True,332,2985.9,400.87
USR00607,0,0,0,True,verified,False,False,0.0,0.0,0.0,0.0,0.0,0.0,0.0,1.0,0.0,0.0,0.0,Low,brian71@example.com,India,2024-08-12 11:13:50,verified,True,140,134.25,0.0
USR00608,0,0,0,True,verified,False,False,0.0,0.0,0.0,0.0,0.0,0.0,0.0,0.0,0.0,0.0,0.0,Low,twilliams@example.com,India,2024-02-11 09:25:39,verified,True,323,162.15,0.0
USR00609,0,0,0,True,verified,False,False,0.0,0.0,0.0,0.0,0.0,0.0,0.0,0.0,0.0,0.0,0.0,Low,brad47@example.com,India,2024-04-17 00:24:37,verified,True,257,190.84,870.76
USR00610,0,0,0,True,pending,False,False,0.0,0.0,0.0,0.0,0.0,0.0,0.0,0.0,0.0,0.0,5.0,Low,mgutierrez@example.com,India,2024-08-05 03:07:55,pending,True,147,449.06,101.27
USR00611,0,0,0,False,verified,False,False,0.0,0.0,0.0,0.0,0.0,0.0,0.0,1.0,0.0,0.0,8.0,Low,jackpittman@example.com,India,2024-11-28 01:10:03,verified,False,32,0.0,0.0
USR00612,0,0,0,True,verified,False,False,1.0,0.09090909090909091,0.0,0.09090909090909091,0.09090909090909091,0.0,0.0,0.0,0.0,0.0,1.5454545454545454,Low,wrightjames@example.org,USA,2024-07-16 10:06:18,verified,True,167,617.01,949.06
USR00613,0,0,0,True,verified,True,False,1.0,0.2857142857142857,0.0,0.14285714285714285,0.0,0.0,0.0,0.0,0.0,0.0,3.0,Low,william55@example.com,India,2024-09-03 22:47:58,verified,True,118,195.45,6109.24
USR00614,0,0,0,False,verified,True,False,1.0,0.2857142857142857,1.0,0.14285714285714285,0.14285714285714285,0.0,0.0,0.0,0.0,0.0,14.57142857142857,Low,hannah15@example.com,Russia,2024-08-24 12:33:37,verified,False,128,560.99,0.0
USR00615,0,0,0,True,pending,False,False,0.0,0.0,0.0,0.0,0.16666666666666666,0.0,1.0,2.0,0.0,0.0,13.666666666666668,Low,michael45@example.net,USA,2024-10-27 10:33:12,pending,True,64,1417.02,1080.62
USR00616,0,1,0,True,verified,True,False,0.0,0.0,0.0,0.0,0.3333333333333333,0.0,0.0,0.0,0.0,0.0,16.333333333333332,Low,nathanjensen@example.com,USA,2024-04-21 01:46:26,verified,True,253,2065.94,453.36
USR00617,0,0,0,True,verified,False,True,0.0,0.0,0.0,0.0,0.3333333333333333,0.0,1.0,7.0,0.0,0.0,9.333333333333334,Low,robertcrawford@example.net,India,2024-05-19 17:01:11,verified,True,225,258.42,484.22
USR00618,0,0,0,False,verified,False,False,0.0,0.0,0.0,0.0,0.0,0.0,0.0,0.0,0.0,0.0,8.0,Low,uwoods@example.com,India,2024-06-02 11:00:02,verified,False,211,810.53,64.99
USR00619,0,0,0,True,verified,False,False,2.0,1.2,2.0,0.4,0.2,0.0,0.0,0.0,0.0,0.0,18.400000000000002,Low,knappjohn@example.com,India,2024-10-09 00:06:11,verified,True,82,45664.87,1962.42
USR00620,0,0,0,True,verified,False,False,2.0,0.8,1.0,0.4,0.2,0.0,0.0,0.0,0.0,0.0,12.200000000000001,Low,merrittlauren@example.com,India,2024-03-16 13:06:22,verified,True,289,0.0,39334.62
USR00621,0,0,0,False,pending,False,False,0.0,0.0,0.0,0.0,0.0,0.0,1.0,2.0,0.0,0.0,21.0,Medium,james79@example.com,Germany,2024-07-14 09:52:35,pending,False,169,0.0,1602.33
USR00622,0,1,0,True,verified,True,False,0.0,0.0,0.0,0.0,0.2,0.0,1.0,2.0,0.0,0.0,23.8,Medium,robertsmarc@example.com,India,2024-08-11 06:23:57,verified,True,141,538.95,0.0
USR00623,0,0,1,True,verified,False,False,0.0,0.0,0.0,0.0,0.0,0.0,1.0,2.0,0.0,0.0,18.0,Low,morrischristopher@example.org,USA,2024-10-28 05:06:17,verified,True,63,101.95,2129.28
USR00624,0,0,0,True,verified,False,False,0.0,0.0,0.0,0.0,0.5,0.0,0.0,0.0,0.0,0.0,2.0,Low,caitlinjones@example.com,UK,2024-09-03 02:09:21,verified,True,118,626.57,48.36
USR00625,0,0,0,True,verified,True,False,0.0,0.0,0.0,0.0,0.0,0.0,1.0,2.0,0.0,0.0,8.0,Low,josepharroyo@example.com,India,2024-07-27 00:38:15,verified,True,156,0.0,93.13
USR00626,0,0,0,True,rejected,False,False,10.0,1.7647058823529411,10.0,0.5882352941176471,0.0,8.0,0.0,1.0,0.0,0.0,59.05882352941177,High,jacksonlynn@example.net,India,2024-05-01 21:30:22,rejected,True,243,1849.65,6026.18
USR00627,0,0,0,True,pending,False,False,1.0,0.1111111111111111,0.0,0.1111111111111111,0.1111111111111111,0.0,0.0,1.0,0.0,1.0,9.88888888888889,Low,destiny28@example.org,India,2024-07-12 19:00:39,pending,True,171,1211.72,50.47
USR00628,0,0,0,True,verified,False,False,1.0,1.3333333333333333,1.0,0.3333333333333333,0.0,0.0,1.0,2.0,0.0,0.0,23.333333333333332,Medium,edwardsrobert@example.org,India,2024-11-20 19:12:16,verified,True,40,50023.67,292.81
USR00629,0,0,0,False,pending,True,False,2.0,0.8571428571428571,2.0,0.2857142857142857,0.14285714285714285,0.0,1.0,2.0,0.0,0.0,35.85714285714286,Medium,collinskristy@example.net,Russia,2024-08-26 09:16:55,pending,False,126,73.32,10829.35
USR00630,0,0,0,True,verified,False,False,0.0,0.0,0.0,0.0,0.0,0.0,0.0,0.0,0.0,0.0,0.0,Low,toddtorres@example.net,Russia,2024-08-11 02:54:31,verified,True,141,384.52,608.2
USR00631,0,0,0,True,verified,False,False,1.0,0.5,0.0,0.5,0.0,0.0,0.0,1.0,0.0,0.0,6.5,Low,harveynatasha@example.org,USA,2024-08-11 22:54:32,verified,True,141,337.45,0.0
USR00632,0,0,0,True,verified,False,False,1.0,0.6666666666666666,1.0,0.3333333333333333,0.0,0.0,0.0,2.0,0.0,0.0,9.999999999999998,Low,bcox@example.com,Russia,2024-11-30 03:30:37,verified,True,30,166.42,0.0
USR00633,0,0,0,False,verified,False,False,0.0,0.0,0.0,0.0,0.3333333333333333,0.0,0.0,1.0,0.0,0.0,9.333333333333334,Low,robertaruiz@example.org,India,2024-01-05 14:10:12,verified,False,360,184.75,0.0
USR00634,0,0,0,True,verified,False,False,0.0,0.0,0.0,0.0,0.0,0.0,0.0,1.0,0.0,0.0,0.0,Low,hburgess@example.org,USA,2024-04-12 01:55:50,verified,True,262,1194.78,658.6
USR00635,0,0,0,True,rejected,False,False,1.0,0.5,1.0,0.125,0.0,0.0,1.0,2.0,0.0,0.0,27.625,Medium,hawkinsdavid@example.net,USA,2024-09-29 03:06:54,rejected,True,92,11343.37,0.0
USR00636,0,0,0,True,verified,False,False,2.0,1.6,2.0,0.4,0.0,0.0,0.0,1.0,0.0,0.0,20.8,Medium,ipatrick@example.com,India,2024-09-23 10:05:40,verified,True,98,44.91,25033.34
USR00637,0,0,0,True,verified,False,False,1.0,0.4,0.0,0.2,0.2,1.0,0.0,0.0,0.0,0.0,20.0,Low,bellmatthew@example.org,USA,2024-02-26 15:21:43,verified,True,308,4580.05,138.19
USR00638,0,0,0,True,pending,False,False,0.0,0.0,0.0,0.0,0.5,0.0,0.0,1.0,0.0,0.0,7.0,Low,christensenrichard@example.org,India,2024-11-25 20:53:16,pending,True,35,0.0,0.0
USR00639,0,0,0,True,verified,False,False,1.0,0.3333333333333333,0.0,0.3333333333333333,0.0,0.0,0.0,0.0,0.0,0.0,4.333333333333333,Low,adamharrison@example.com,India,2024-01-19 12:40:58,verified,True,346,370.85,1552.55
USR00640,0,0,0,True,verified,False,False,1.0,0.8,1.0,0.2,0.4,0.0,0.0,1.0,0.0,0.0,12.0,Low,piercelori@example.net,India,2024-06-23 16:57:02,verified,True,190,0.0,208.23
USR00641,0,0,0,True,verified,False,False,0.0,0.0,0.0,0.0,0.0,0.0,0.0,0.0,0.0,0.0,0.0,Low,miranda52@example.org,Russia,2024-06-08 21:53:23,verified,True,205,0.0,0.0
USR00642,0,0,0,True,verified,False,False,0.0,0.125,0.0,0.0,0.125,0.0,0.0,0.0,0.0,0.0,1.5,Low,ernest34@example.net,India,2024-03-08 18:49:11,verified,True,297,777.3,2453.13
USR00643,0,0,0,True,pending,False,False,0.0,0.0,0.0,0.0,0.0,0.0,0.0,0.0,0.0,0.0,5.0,Low,ldougherty@example.net,USA,2024-01-31 10:48:39,pending,True,334,0.0,0.0
USR00644,0,0,0,True,verified,False,False,0.0,0.0,0.0,0.0,0.0,0.0,0.0,1.0,0.0,1.0,3.0,Low,dylanwilson@example.com,USA,2024-05-11 00:41:13,verified,True,233,1739.62,0.0
USR00645,0,0,0,True,verified,False,False,1.0,0.2,1.0,0.1,0.1,0.0,0.0,0.0,0.0,0.0,5.5,Low,shart@example.com,India,2024-05-01 17:51:52,verified,True,243,2803.6,925.37
USR00646,0,0,0,False,verified,False,False,0.0,0.0,0.0,0.0,0.2,0.0,0.0,1.0,0.0,0.0,8.8,Low,mbarnes@example.org,USA,2024-05-21 00:56:29,verified,False,223,1636.08,327.81
USR00647,0,0,0,True,verified,False,False,1.0,1.0,1.0,0.3333333333333333,0.0,0.0,0.0,0.0,0.0,0.0,12.666666666666666,Low,qcox@example.org,UK,2024-04-01 02:53:02,verified,True,273,919.53,48928.5
USR00648,0,0,0,True,rejected,False,False,1.0,0.42857142857142855,1.0,0.14285714285714285,0.0,0.0,0.0,0.0,0.0,0.0,19.142857142857146,Low,david34@example.net,India,2024-01-25 18:35:17,rejected,True,340,29479.53,420.9
USR00649,0,0,0,True,verified,False,False,0.0,0.0,0.0,0.0,0.0,0.0,1.0,2.0,0.0,0.0,8.0,Low,rhondastanley@example.org,UK,2024-02-10 08:40:58,verified,True,324,1125.82,235.4
USR00650,0,0,0,True,verified,False,False,1.0,0.14285714285714285,0.0,0.14285714285714285,0.14285714285714285,0.0,0.0,0.0,0.0,0.0,2.4285714285714284,Low,vincentmiles@example.net,USA,2024-04-20 08:42:20,verified,True,254,2846.36,662.25
USR00651,0,0,0,True,verified,False,False,0.0,0.0,0.0,0.0,0.2,0.0,0.0,0.0,0.0,0.0,0.8,Low,singhbrian@example.com,Nigeria,2024-05-06 07:05:45,verified,True,238,0.0,69.73
USR00652,0,0,0,False,verified,False,False,1.0,0.3333333333333333,0.0,0.3333333333333333,0.0,0.0,0.0,0.0,0.0,0.0,12.333333333333332,Low,sanderson@example.com,USA,2024-09-27 22:18:59,verified,False,94,2139.98,199.05
USR00653,0,0,0,True,verified,False,False,0.0,0.0,0.0,0.0,0.0,0.0,0.0,0.0,0.0,0.0,0.0,Low,mcguireelizabeth@example.com,India,2024-09-05 11:14:32,verified,True,116,0.0,0.0
USR00654,0,0,0,True,verified,False,False,12.0,1.2222222222222223,11.0,0.0,0.1111111111111111,11.0,0.0,0.0,0.0,0.0,40.22222222222222,High,karen55@example.org,India,2024-05-22 01:20:51,verified,True,222,795.79,97.03
USR00655,0,1,0,True,verified,True,True,0.0,0.0,0.0,0.0,0.0,0.0,0.0,0.0,0.0,0.0,15.0,Low,shawnachen@example.net,Brazil,2024-04-21 08:49:04,verified,True,253,810.56,0.0
USR00656,0,0,0,True,pending,False,False,2.0,0.13333333333333333,0.0,0.13333333333333333,0.13333333333333333,0.0,0.0,2.0,0.0,0.0,7.266666666666667,Low,zdaniels@example.com,Germany,2024-06-16 03:56:52,pending,True,197,1171.1,3233.63
USR00657,0,0,0,True,verified,False,False,15.0,1.5555555555555556,14.0,0.0,0.0,14.0,0.0,0.0,0.0,0.0,42.44444444444444,High,sara63@example.net,UK,2024-06-18 18:07:35,verified,True,195,1772.39,168.77
USR00658,0,0,0,True,verified,False,False,0.0,0.0,0.0,0.0,0.0,0.0,0.0,0.0,0.0,0.0,0.0,Low,colemannicholas@example.com,Germany,2024-06-12 23:33:22,verified,True,201,0.0,137.56
USR00659,1,0,0,True,verified,False,False,1.0,0.1111111111111111,0.0,0.1111111111111111,0.3333333333333333,0.0,0.0,0.0,0.0,0.0,17.77777777777778,Low,jessicawilliams@example.org,USA,2024-09-08 20:03:27,verified,True,113,124.64,1172.96
USR00660,0,0,0,True,verified,False,False,0.0,0.0,0.0,0.0,0.4,0.0,0.0,0.0,0.0,0.0,1.6,Low,chelseyjohnson@example.net,UK,2024-09-04 08:16:13,verified,True,117,384.14,24.63
USR00661,0,0,0,True,verified,True,False,0.0,0.0,0.0,0.0,0.3333333333333333,0.0,0.0,0.0,0.0,0.0,1.3333333333333333,Low,jermainebrown@example.com,India,2024-07-26 18:17:19,verified,True,157,104.67,70.59
USR00662,0,0,0,True,pending,False,False,1.0,0.3333333333333333,1.0,0.16666666666666666,0.16666666666666666,0.0,0.0,2.0,0.0,0.0,12.166666666666666,Low,gonzalesjeremy@example.net,Germany,2024-03-25 08:20:22,pending,True,280,137.76,712.52
USR00663,0,0,0,True,verified,False,False,0.0,0.0,0.0,0.0,0.0,0.0,0.0,0.0,0.0,0.0,0.0,Low,sarah12@example.net,India,2024-05-08 06:08:25,verified,True,236,0.0,0.0
USR00664,0,0,0,True,pending,False,False,1.0,0.75,1.0,0.25,0.0,0.0,1.0,2.0,0.0,0.0,23.25,Medium,wellison@example.org,Germany,2024-03-11 12:40:10,pending,True,294,42103.19,0.0
USR00665,0,0,0,True,pending,False,False,1.0,0.3333333333333333,1.0,0.1111111111111111,0.2222222222222222,0.0,0.0,0.0,0.0,0.0,12.11111111111111,Low,jordanpatricia@example.net,India,2024-04-06 16:29:50,pending,True,268,34776.4,496.82
USR00666,0,0,0,True,verified,False,False,0.0,0.0,0.0,0.0,0.0,0.0,0.0,0.0,0.0,0.0,0.0,Low,cmcconnell@example.net,USA,2024-02-06 11:46:24,verified,True,328,540.54,141.93
USR00667,0,0,0,True,verified,False,False,0.0,0.0,0.0,0.0,0.3333333333333333,0.0,0.0,1.0,0.0,0.0,1.3333333333333333,Low,william54@example.com,USA,2024-09-01 08:14:09,verified,True,120,216.03,838.73
USR00668,0,0,0,True,verified,False,False,0.0,0.0,0.0,0.0,0.2,0.0,0.0,0.0,0.0,0.0,0.8,Low,riosandrew@example.com,India,2024-05-19 23:25:11,verified,True,225,0.0,40.57
USR00669,0,0,0,False,verified,False,False,0.0,0.0,0.0,0.0,0.0,0.0,0.0,0.0,0.0,0.0,8.0,Low,james49@example.net,India,2024-03-05 23:54:41,verified,False,300,3139.25,1021.78
USR00670,0,0,0,True,verified,False,False,0.0,0.0,0.0,0.0,0.0,0.0,0.0,0.0,0.0,0.0,0.0,Low,stephen38@example.org,India,2024-09-25 06:16:11,verified,True,96,0.0,115.46
USR00671,0,0,0,True,verified,False,False,0.0,0.0,0.0,0.0,0.0,0.0,1.0,2.0,1.0,0.0,12.0,Low,ericawhite@example.net,Germany,2024-08-28 06:11:16,verified,True,124,0.0,309.17
USR00672,0,0,0,True,pending,False,False,1.0,0.2,0.0,0.2,0.2,0.0,0.0,0.0,0.0,0.0,8.4,Low,jennifer40@example.net,India,2024-07-27 07:10:31,pending,True,156,445.69,302.31
USR00673,0,0,0,True,verified,False,False,1.0,1.5,1.0,0.5,0.0,0.0,0.0,0.0,0.0,0.0,17.5,Low,janetrowe@example.net,India,2024-11-08 20:02:26,verified,True,52,184.24,14505.97
USR00674,0,0,0,True,verified,False,False,0.0,0.0,0.0,0.0,0.0,0.0,0.0,0.0,0.0,0.0,0.0,Low,tinafoley@example.com,India,2024-01-16 08:03:35,verified,True,349,1323.66,0.0
USR00675,0,0,0,False,verified,False,False,0.0,0.0,0.0,0.0,0.0,0.0,0.0,1.0,0.0,0.0,8.0,Low,anita04@example.net,Nigeria,2024-05-15 00:28:10,verified,False,229,2098.97,0.0
USR00676,0,0,0,True,verified,False,False,0.0,0.0,0.0,0.0,0.4,0.0,0.0,0.0,0.0,0.0,1.6,Low,duane99@example.com,India,2024-07-25 06:33:34,verified,True,158,607.98,0.0
USR00677,0,0,0,True,verified,False,False,0.0,0.0,0.0,0.0,0.2,0.0,0.0,1.0,0.0,0.0,0.8,Low,leachrichard@example.net,USA,2024-05-27 04:56:31,verified,True,217,0.0,658.4
USR00678,0,0,0,True,verified,False,False,0.0,0.0,0.0,0.0,0.5,0.0,1.0,2.0,0.0,0.0,10.0,Low,kristen97@example.org,India,2024-01-25 14:23:16,verified,True,340,1028.6,0.0
USR00679,0,0,0,True,verified,False,False,1.0,0.16666666666666666,0.0,0.16666666666666666,0.16666666666666666,0.0,1.0,2.0,0.0,0.0,10.833333333333332,Low,kathleen78@example.org,India,2024-08-26 01:56:23,verified,True,126,0.0,184.67
USR00680,0,0,0,True,verified,False,True,0.0,0.0,0.0,0.0,0.0,0.0,0.0,0.0,0.0,0.0,0.0,Low,gthompson@example.net,India,2024-02-20 09:35:01,verified,True,314,112.17,91.23
USR00681,0,0,0,True,verified,False,False,1.0,0.25,0.0,0.25,0.25,0.0,0.0,0.0,0.0,0.0,4.25,Low,alexandria98@example.org,UK,2024-05-30 22:00:12,verified,True,214,1307.19,2854.07
USR00682,0,0,0,True,verified,True,False,0.0,0.0,0.0,0.0,0.5,0.0,0.0,1.0,0.0,0.0,2.0,Low,walshsteven@example.com,UK,2024-01-28 12:35:35,verified,True,337,136.97,0.0
USR00683,0,0,0,True,verified,False,False,2.0,1.6666666666666667,1.0,0.6666666666666666,0.0,0.0,0.0,0.0,0.0,0.0,19.666666666666668,Low,sharonjohnson@example.com,India,2024-10-15 17:42:43,verified,True,76,50956.64,0.0
USR00684,0,0,0,True,verified,False,False,0.0,0.0,0.0,0.0,0.0,0.0,0.0,1.0,0.0,0.0,0.0,Low,mikayla09@example.org,India,2024-01-16 18:54:53,verified,True,349,0.0,0.0
USR00685,0,0,0,True,verified,False,False,0.0,0.0,0.0,0.0,0.0,0.0,1.0,2.0,0.0,0.0,8.0,Low,robertsonnorma@example.com,USA,2024-03-30 17:14:37,verified,True,275,0.0,232.72
USR00686,0,0,0,True,pending,False,False,0.0,0.0,0.0,0.0,0.25,0.0,0.0,0.0,0.0,0.0,6.0,Low,hcampbell@example.org,Germany,2024-10-17 22:59:51,pending,True,74,1296.16,1296.96
USR00687,0,0,0,True,verified,False,False,0.0,0.14285714285714285,1.0,0.0,0.42857142857142855,0.0,0.0,0.0,0.0,0.0,5.857142857142857,Low,zcharles@example.org,India,2024-06-14 20:37:38,verified,True,199,919.4,60.57
USR00688,0,0,0,True,verified,False,False,0.0,0.0,0.0,0.0,0.14285714285714285,0.0,1.0,2.0,0.0,0.0,8.571428571428571,Low,patrick44@example.net,India,2024-08-20 23:37:11,verified,True,132,591.03,1181.28
USR00689,0,0,0,True,verified,False,False,0.0,0.3333333333333333,0.0,0.0,0.0,0.0,0.0,1.0,0.0,0.0,2.6666666666666665,Low,allengabrielle@example.org,India,2024-10-23 18:42:52,verified,True,68,0.0,321.4
USR00690,0,0,0,True,pending,False,False,0.0,0.0,0.0,0.0,0.3333333333333333,0.0,0.0,0.0,0.0,0.0,6.333333333333333,Low,steeleamanda@example.com,Russia,2024-08-01 16:35:47,pending,True,151,0.0,2703.27
USR00691,0,0,0,True,verified,False,False,0.0,0.16666666666666666,0.0,0.0,0.0,0.0,0.0,0.0,0.0,0.0,1.3333333333333333,Low,dboone@example.org,Russia,2024-04-20 11:33:57,verified,True,254,1352.18,6400.7
USR00692,1,0,0,False,verified,False,False,0.0,0.25,1.0,0.0,0.75,0.0,0.0,0.0,0.0,0.0,31.0,Medium,daniellejennings@example.org,Brazil,2024-11-28 07:53:32,verified,False,32,684.94,0.0
USR00693,0,0,0,True,verified,False,False,0.0,0.16666666666666666,1.0,0.0,0.0,0.0,0.0,0.0,0.0,0.0,4.333333333333333,Low,qmiles@example.org,India,2024-08-09 15:00:47,verified,True,143,2213.52,7.35
USR00694,0,0,0,True,verified,False,False,0.0,0.0,0.0,0.0,0.25,0.0,0.0,0.0,0.0,0.0,1.0,Low,wilkinsontyler@example.com,India,2024-08-14 02:05:04,verified,True,138,291.64,0.0
USR00695,0,0,0,True,verified,False,False,0.0,0.0,0.0,0.0,0.0,0.0,0.0,1.0,0.0,0.0,0.0,Low,jeffreyluna@example.net,India,2024-01-30 23:34:14,verified,True,335,0.0,253.81
USR00696,0,0,0,True,verified,False,False,0.0,0.0,0.0,0.0,0.0,0.0,0.0,1.0,0.0,0.0,0.0,Low,christiancarter@example.com,UK,2024-02-07 00:51:26,verified,True,327,444.79,3312.61
USR00697,0,0,0,True,pending,False,False,0.0,0.0,0.0,0.0,0.0,0.0,1.0,2.0,0.0,0.0,13.0,Low,shawn33@example.net,USA,2024-10-26 09:19:22,pending,True,65,1172.49,0.0
USR00698,0,0,0,True,verified,False,False,2.0,0.875,2.0,0.25,0.25,0.0,1.0,2.0,0.0,0.0,23.25,Medium,sheltonashley@example.org,India,2024-10-17 08:52:12,verified,True,74,10612.15,50568.25
USR00699,0,0,0,True,verified,False,False,1.0,0.3,1.0,0.1,0.1,0.0,0.0,0.0,0.0,0.0,6.300000000000001,Low,nhill@example.net,India,2024-01-16 23:50:47,verified,True,349,1550.74,29507.83
USR00700,0,0,0,True,pending,False,False,0.0,0.0,0.0,0.0,0.25,0.0,0.0,0.0,0.0,0.0,6.0,Low,ashley12@example.com,USA,2024-06-01 13:55:55,pending,True,212,0.0,220.49
USR00701,0,0,0,True,verified,False,False,1.0,1.0,1.0,0.25,0.5,0.0,0.0,0.0,0.0,0.0,14.25,Low,briannamartinez@example.com,USA,2024-02-27 11:34:32,verified,True,307,53646.86,0.0
USR00702,0,0,0,True,verified,False,False,0.0,0.0,0.0,0.0,0.2,0.0,1.0,2.0,0.0,0.0,8.8,Low,hallsteven@example.org,Germany,2024-07-13 21:19:49,verified,True,170,1784.4,85.13
USR00703,0,0,0,True,pending,False,False,0.0,0.0,0.0,0.0,1.0,0.0,0.0,0.0,0.0,0.0,9.0,Low,davismichael@example.net,UK,2024-08-09 21:11:16,pending,True,143,0.0,0.0
USR00704,0,0,0,True,verified,False,False,0.0,0.0,0.0,0.0,0.0,0.0,1.0,2.0,0.0,0.0,8.0,Low,henrydiane@example.org,India,2024-05-05 14:24:53,verified,True,239,594.43,0.0
USR00705,0,0,0,True,rejected,False,True,1.0,0.42857142857142855,1.0,0.14285714285714285,0.0,0.0,0.0,0.0,0.0,0.0,19.142857142857146,Low,krodgers@example.org,India,2024-05-13 19:12:17,rejected,True,231,12806.03,219.12
USR00706,0,0,0,True,verified,False,False,0.0,0.0,0.0,0.0,0.0,0.0,0.0,0.0,0.0,0.0,0.0,Low,carlajones@example.net,Brazil,2024-06-20 17:41:48,verified,True,193,2879.63,24.02
USR00707,0,0,0,False,pending,False,False,0.0,0.0,0.0,0.0,0.25,0.0,1.0,2.0,0.0,0.0,22.0,Medium,patriciajohnson@example.net,India,2024-10-09 21:59:19,pending,False,82,242.92,72.57
USR00708,0,0,0,True,verified,False,False,1.0,2.0,1.0,0.5,0.0,0.0,1.0,2.0,0.0,0.0,29.5,Medium,davidmccarthy@example.net,Germany,2024-11-14 12:12:09,verified,True,46,191.98,10000.0
USR00709,0,0,0,True,pending,False,False,1.0,0.2,0.0,0.2,0.6,0.0,1.0,2.0,0.0,0.0,18.0,Low,lwilliams@example.org,USA,2024-10-14 09:25:15,pending,True,77,0.0,0.0
USR00710,0,0,0,True,verified,False,False,0.0,0.0,0.0,0.0,0.3333333333333333,0.0,0.0,0.0,0.0,0.0,1.3333333333333333,Low,carlos60@example.org,India,2024-02-24 21:27:12,verified,True,310,717.0,440.43
USR00711,0,0,0,True,verified,False,False,0.0,0.0,0.0,0.0,0.0,0.0,0.0,0.0,0.0,0.0,0.0,Low,progers@example.net,USA,2024-01-24 08:15:58,verified,True,341,351.55,258.87
USR00712,0,0,0,True,verified,False,False,0.0,0.0,0.0,0.0,0.5,0.0,0.0,0.0,0.0,0.0,2.0,Low,padillarichard@example.com,Brazil,2024-05-30 22:26:07,verified,True,214,0.0,497.57
USR00713,0,0,0,False,verified,False,False,0.0,0.0,0.0,0.0,0.0,0.0,0.0,0.0,0.0,0.0,8.0,Low,dhancock@example.net,USA,2024-09-09 04:57:02,verified,False,112,0.0,393.17
USR00714,0,0,0,False,verified,False,False,0.0,0.5,0.0,0.0,0.5,0.0,0.0,0.0,0.0,0.0,14.0,Low,alison77@example.com,USA,2024-08-19 21:26:06,verified,False,133,117.37,0.0
USR00715,0,1,0,True,verified,False,False,0.0,0.0,0.0,0.0,0.4,0.0,0.0,0.0,0.0,0.0,16.6,Low,rogersstacy@example.org,USA,2024-04-06 01:51:42,verified,True,268,332.75,107.2
USR00716,0,0,0,True,verified,False,False,0.0,0.0,0.0,0.0,0.2,0.0,0.0,0.0,0.0,0.0,0.8,Low,janicehurst@example.org,Russia,2024-05-18 00:21:51,verified,True,226,2182.75,266.15
USR00717,0,0,0,True,verified,False,False,0.0,0.0,0.0,0.0,0.0,0.0,0.0,0.0,0.0,0.0,0.0,Low,kimbradley@example.net,India,2024-05-30 08:41:29,verified,True,214,1572.42,348.94
USR00718,0,0,0,True,verified,False,False,0.0,0.0,0.0,0.0,0.2,0.0,0.0,0.0,0.0,0.0,0.8,Low,oconnellfernando@example.com,India,2024-06-01 13:35:44,verified,True,212,221.69,0.0
USR00719,0,0,0,True,verified,False,False,1.0,0.3333333333333333,1.0,0.16666666666666666,0.0,0.0,1.0,2.0,0.0,0.0,14.5,Low,wrightmichael@example.net,USA,2024-03-29 07:46:56,verified,True,276,1443.29,513.43
USR00720,0,0,0,False,verified,False,False,0.0,0.0,0.0,0.0,0.0,0.0,0.0,0.0,0.0,0.0,8.0,Low,awells@example.org,USA,2024-02-21 04:12:19,verified,False,313,1279.42,139.6
USR00721,0,0,0,True,verified,False,False,0.0,0.0,0.0,0.0,0.25,0.0,0.0,0.0,0.0,0.0,1.0,Low,susan20@example.net,USA,2024-09-30 20:20:50,verified,True,91,19.69,0.0
USR00722,0,0,0,True,verified,False,False,0.0,0.0,0.0,0.0,0.0,0.0,1.0,2.0,0.0,0.0,8.0,Low,xmoreno@example.net,USA,2024-08-07 08:43:49,verified,True,145,0.0,579.04
USR00723,0,0,0,True,verified,False,False,0.0,0.0,0.0,0.0,0.16666666666666666,0.0,0.0,1.0,0.0,0.0,0.6666666666666666,Low,samanthamendoza@example.org,Nigeria,2024-02-26 12:22:15,verified,True,308,433.74,3094.98
USR00724,0,0,0,True,verified,False,False,0.0,0.0,0.0,0.0,0.0,0.0,0.0,1.0,0.0,0.0,0.0,Low,larry36@example.org,India,2024-11-15 02:47:06,verified,True,45,965.36,0.0
USR00725,0,0,0,True,verified,False,False,0.0,0.0,0.0,0.0,0.0,0.0,0.0,0.0,0.0,0.0,0.0,Low,ericaharris@example.org,USA,2024-10-23 02:31:32,verified,True,68,0.0,0.0
USR00726,0,0,0,True,pending,False,False,0.0,0.0,0.0,0.0,0.0,0.0,0.0,2.0,0.0,0.0,5.0,Low,kevin66@example.org,USA,2024-01-11 03:07:30,pending,True,354,0.0,0.0
USR00727,0,0,0,True,verified,False,False,0.0,0.3333333333333333,1.0,0.0,0.0,0.0,0.0,0.0,0.0,0.0,5.666666666666666,Low,swatkins@example.net,USA,2024-05-25 05:33:15,verified,True,219,68.67,9.05
USR00728,0,0,0,True,verified,False,False,0.0,0.0,0.0,0.0,0.3333333333333333,0.0,0.0,0.0,0.0,0.0,1.3333333333333333,Low,fjones@example.net,India,2024-01-06 19:56:34,verified,True,359,1913.27,0.0
USR00729,0,0,0,True,verified,False,False,0.0,0.0,0.0,0.0,0.3333333333333333,0.0,0.0,1.0,0.0,0.0,1.3333333333333333,Low,steve17@example.net,Nigeria,2024-03-09 18:29:18,verified,True,296,480.66,272.97
USR00730,0,0,0,True,verified,False,False,1.0,0.8,2.0,0.2,0.2,0.0,1.0,2.0,0.0,0.0,22.200000000000003,Medium,christopher34@example.org,USA,2024-04-05 20:11:31,verified,True,269,905.18,0.0
USR00731,0,0,0,True,verified,False,False,0.0,0.0,0.0,0.0,0.0,0.0,1.0,2.0,0.0,0.0,8.0,Low,ashleyarmstrong@example.org,USA,2024-10-15 08:18:07,verified,True,76,0.0,700.84
USR00732,0,0,0,True,pending,False,True,0.0,0.0,0.0,0.0,0.16666666666666666,0.0,0.0,0.0,0.0,0.0,5.666666666666667,Low,thomasjacqueline@example.com,Russia,2024-06-26 10:37:14,pending,True,187,670.12,186.88
USR00733,0,0,1,True,pending,True,False,0.0,0.0,0.0,0.0,0.2857142857142857,0.0,0.0,1.0,0.0,0.0,16.142857142857142,Low,donald45@example.com,Russia,2024-08-04 14:08:58,pending,True,148,736.77,1416.6
USR00734,0,0,0,True,verified,False,False,0.0,0.0,0.0,0.0,0.4,0.0,0.0,0.0,0.0,0.0,1.6,Low,shall@example.net,USA,2024-10-27 11:11:32,verified,True,64,2791.45,0.0
USR00735,0,0,0,True,verified,False,False,0.0,0.0,0.0,0.0,0.0,0.0,0.0,0.0,0.0,0.0,0.0,Low,jsimpson@example.org,India,2024-02-25 05:46:09,verified,True,309,1093.67,681.19
USR00736,0,0,0,True,pending,False,False,0.0,0.0,0.0,0.0,0.4,0.0,1.0,2.0,0.0,0.0,14.6,Low,eileen29@example.org,India,2024-09-27 08:15:14,pending,True,94,1700.67,234.0
USR00737,0,0,0,True,verified,False,False,0.0,0.0,0.0,0.0,0.25,0.0,1.0,2.0,0.0,0.0,9.0,Low,qbest@example.com,India,2024-03-19 10:08:33,verified,True,286,317.35,2581.94
USR00738,1,0,0,True,verified,False,False,0.0,0.1111111111111111,1.0,0.0,0.1111111111111111,0.0,0.0,0.0,0.0,0.0,19.333333333333332,Low,rjones@example.com,USA,2024-10-11 18:30:01,verified,True,80,14.09,2271.98
USR00739,0,0,0,True,verified,False,False,0.0,0.0,0.0,0.0,0.5,0.0,0.0,0.0,0.0,0.0,2.0,Low,vcain@example.net,India,2024-11-03 05:16:30,verified,True,57,208.34,437.69
USR00740,0,0,0,True,pending,False,False,0.0,0.0,0.0,0.0,0.3333333333333333,0.0,1.0,2.0,0.0,0.0,14.333333333333332,Low,reesechristopher@example.net,India,2024-05-10 04:13:35,pending,True,234,1498.52,0.0
USR00741,1,0,0,True,pending,False,False,1.0,0.2,0.0,0.2,0.2,0.0,0.0,0.0,0.0,0.0,23.400000000000002,Medium,sadams@example.net,Russia,2024-06-11 22:47:05,pending,True,202,3251.78,535.68
USR00742,0,0,1,False,verified,True,False,0.0,0.0,0.0,0.0,0.0,0.0,0.0,0.0,0.0,0.0,18.0,Low,mbrown@example.net,India,2024-03-19 18:42:53,verified,False,286,70.07,132.31
USR00743,0,0,0,True,pending,False,False,0.0,0.0,0.0,0.0,0.0,0.0,1.0,2.0,0.0,0.0,13.0,Low,ykeith@example.net,USA,2024-08-16 16:35:40,pending,True,136,0.0,85.45
USR00744,0,0,0,True,verified,False,False,0.0,0.0,0.0,0.0,0.0,0.0,0.0,0.0,0.0,0.0,0.0,Low,christian56@example.net,Germany,2024-04-18 00:12:01,verified,True,256,1395.65,418.15
USR00745,0,0,0,True,verified,False,True,0.0,0.0,0.0,0.0,0.0,0.0,0.0,0.0,0.0,0.0,0.0,Low,brooksandrea@example.org,USA,2024-01-15 06:15:54,verified,True,350,610.74,0.0
USR00746,0,0,0,True,verified,False,False,2.0,0.3333333333333333,1.0,0.16666666666666666,0.25,0.0,0.0,0.0,0.0,0.0,7.499999999999999,Low,andersonsteven@example.com,UK,2024-02-12 06:54:23,verified,True,322,2292.21,1136.45
USR00747,0,0,0,True,pending,False,False,0.0,0.0,0.0,0.0,0.0,0.0,0.0,0.0,0.0,0.0,5.0,Low,johnsonsara@example.com,UK,2024-11-01 18:14:18,pending,True,59,115.01,3827.01
USR00748,0,0,0,True,verified,False,False,0.0,0.0,0.0,0.0,0.0,0.0,0.0,0.0,0.0,0.0,0.0,Low,lopezmicheal@example.net,India,2024-05-05 08:55:03,verified,True,239,42.9,0.0
USR00749,0,0,0,True,verified,False,False,1.0,0.2857142857142857,1.0,0.14285714285714285,0.14285714285714285,0.0,0.0,0.0,0.0,0.0,6.571428571428571,Low,jade08@example.org,India,2024-02-22 06:03:27,verified,True,312,1075.59,474.42
USR00750,0,0,0,True,verified,False,False,0.0,0.0,0.0,0.0,0.25,0.0,0.0,1.0,0.0,0.0,1.0,Low,carla81@example.com,USA,2024-01-23 14:19:10,verified,True,342,0.0,533.23
USR00751,0,0,0,True,rejected,False,False,0.0,0.0,0.0,0.0,0.25,0.0,0.0,1.0,0.0,0.0,13.0,Low,kristen91@example.com,USA,2024-11-02 02:24:54,rejected,True,58,215.02,955.92
USR00752,0,0,0,True,pending,False,False,10.0,1.2857142857142858,9.0,0.0,0.07142857142857142,9.0,0.0,1.0,0.0,0.0,45.57142857142857,High,walkerlucas@example.net,USA,2024-05-17 10:09:07,pending,True,227,0.0,0.0
USR00753,0,0,0,True,pending,False,False,0.0,0.0,0.0,0.0,0.16666666666666666,0.0,0.0,0.0,0.0,0.0,5.666666666666667,Low,ldavis@example.net,India,2024-08-24 16:04:24,pending,True,128,484.37,1129.27
USR00754,0,0,0,True,verified,False,False,1.0,0.25,1.0,0.125,0.0,0.0,0.0,2.0,0.0,0.0,5.625,Low,josephshannon@example.com,Russia,2024-10-13 09:42:12,verified,True,78,2349.31,133.05
USR00755,0,0,0,True,verified,False,False,0.0,0.2,1.0,0.0,0.2,0.0,0.0,0.0,0.0,0.0,5.3999999999999995,Low,smithjane@example.org,UK,2024-09-04 13:57:49,verified,True,117,153.25,165.78
USR00756,0,0,0,True,verified,False,True,0.0,0.0,0.0,0.0,0.0,0.0,0.0,0.0,0.0,0.0,0.0,Low,anna05@example.net,UK,2024-08-01 14:18:42,verified,True,151,3138.46,152.94
USR00757,0,0,0,True,verified,False,False,0.0,0.0,0.0,0.0,0.14285714285714285,0.0,0.0,0.0,0.0,0.0,0.5714285714285714,Low,bowendanny@example.org,Nigeria,2024-01-12 07:23:37,verified,True,353,547.44,319.5
USR00758,0,0,0,True,verified,False,False,0.0,0.0,0.0,0.0,0.0,0.0,1.0,2.0,0.0,0.0,8.0,Low,gonzalezchloe@example.com,USA,2024-01-14 19:25:36,verified,True,351,0.0,0.0
USR00759,0,0,0,True,verified,False,False,0.0,0.0,0.0,0.0,0.0,0.0,0.0,0.0,0.0,0.0,0.0,Low,francisco38@example.net,India,2024-10-31 11:18:26,verified,True,60,1960.42,0.0
USR00760,0,0,0,False,verified,False,False,2.0,0.2857142857142857,0.0,0.2857142857142857,0.42857142857142855,0.0,1.0,2.0,0.0,0.0,21.428571428571427,Medium,davilaerica@example.org,UK,2024-08-03 14:37:35,verified,False,149,720.86,3813.87
USR00761,0,0,0,True,verified,False,True,0.0,0.0,0.0,0.0,0.3333333333333333,0.0,1.0,6.0,0.0,0.0,9.333333333333334,Low,jermaine91@example.com,Russia,2024-02-27 23:37:21,verified,True,307,72.99,0.0
USR00762,0,1,0,False,pending,True,False,0.0,0.0,0.0,0.0,0.5,0.0,0.0,0.0,0.0,0.0,30.0,Medium,ashleybailey@example.org,Germany,2024-05-31 07:01:15,pending,False,213,127.47,1871.33
USR00763,0,0,0,False,verified,False,False,1.0,0.2,0.0,0.2,0.6,0.0,0.0,0.0,0.0,0.0,13.0,Low,riverajeremy@example.net,India,2024-04-15 10:32:21,verified,False,259,3025.06,444.14
USR00764,0,0,0,True,verified,False,False,0.0,0.0,0.0,0.0,0.14285714285714285,0.0,0.0,0.0,0.0,0.0,0.5714285714285714,Low,frankball@example.net,India,2024-04-27 09:48:38,verified,True,247,683.02,537.72
USR00765,1,0,0,True,verified,True,False,0.0,0.0,0.0,0.0,0.125,0.0,0.0,0.0,0.0,0.0,15.5,Low,steve76@example.org,India,2024-11-06 07:27:19,verified,True,54,1252.84,295.69
USR00766,0,0,0,True,rejected,False,False,0.0,0.0,0.0,0.0,0.0,0.0,0.0,0.0,0.0,0.0,12.0,Low,chasesanchez@example.net,India,2024-10-28 04:29:36,rejected,True,63,301.48,430.81
USR00767,0,0,0,True,rejected,False,False,0.0,0.0,0.0,0.0,0.3333333333333333,0.0,0.0,0.0,0.0,0.0,13.333333333333334,Low,wilkinsonkristin@example.net,UK,2024-03-20 16:28:56,rejected,True,285,247.31,1415.78
USR00768,0,0,0,True,pending,False,False,1.0,0.16666666666666666,0.0,0.16666666666666666,0.3333333333333333,0.0,0.0,0.0,0.0,0.0,8.5,Low,leslie21@example.com,India,2024-09-23 19:47:30,pending,True,98,1890.71,3310.38
USR00769,1,0,0,True,verified,False,False,0.0,0.0,0.0,0.0,0.42857142857142855,0.0,0.0,0.0,0.0,0.0,16.714285714285715,Low,clee@example.com,India,2024-10-16 13:04:25,verified,True,75,383.13,348.51
USR00770,0,0,0,True,verified,False,False,1.0,0.6666666666666666,1.0,0.16666666666666666,0.5,0.0,0.0,0.0,0.0,0.0,11.166666666666666,Low,bethrobinson@example.com,UK,2024-04-17 10:33:38,verified,True,257,390.32,440.8
USR00771,0,0,0,True,rejected,False,False,0.0,0.0,0.0,0.0,0.3333333333333333,0.0,0.0,1.0,0.0,0.0,13.333333333333334,Low,james88@example.org,USA,2024-08-29 22:16:04,rejected,True,123,160.37,0.0
USR00772,0,0,0,True,verified,False,False,0.0,0.0,0.0,0.0,0.0,0.0,0.0,1.0,0.0,0.0,0.0,Low,smithkrista@example.com,India,2024-11-08 05:50:58,verified,True,52,125.35,957.93
USR00773,0,0,0,True,verified,True,False,1.0,1.0,1.0,0.25,0.0,0.0,0.0,0.0,0.0,0.0,12.25,Low,gvega@example.com,India,2024-02-20 12:22:39,verified,True,314,293.69,10000.0
USR00774,0,0,0,True,verified,False,False,1.0,0.3333333333333333,1.0,0.16666666666666666,0.3333333333333333,0.0,0.0,0.0,0.0,0.0,7.833333333333332,Low,frederickcole@example.net,USA,2024-08-18 04:53:18,verified,True,134,642.72,821.32
USR00775,0,0,0,True,verified,False,False,0.0,0.0,0.0,0.0,0.0,0.0,0.0,1.0,0.0,0.0,0.0,Low,johnsonsara@example.org,Russia,2024-10-21 12:49:26,verified,True,70,489.45,0.0
USR00776,0,0,0,True,pending,False,False,1.0,0.6666666666666666,1.0,0.16666666666666666,0.0,0.0,0.0,1.0,0.0,0.0,14.166666666666666,Low,ejohnson@example.com,India,2024-11-11 16:19:14,pending,True,49,11034.24,65.59
USR00777,0,0,0,False,verified,False,False,0.0,0.0,0.0,0.0,0.25,0.0,0.0,1.0,0.0,0.0,9.0,Low,dcampbell@example.org,Nigeria,2024-07-01 17:48:19,verified,False,182,299.97,113.3
USR00778,0,0,0,True,verified,False,False,0.0,0.0,0.0,0.0,0.3333333333333333,0.0,1.0,2.0,0.0,0.0,9.333333333333334,Low,ocruz@example.com,Nigeria,2024-09-28 16:52:51,verified,True,93,1427.59,503.11
USR00779,0,0,0,True,verified,False,False,0.0,0.0,0.0,0.0,0.0,0.0,0.0,0.0,0.0,0.0,0.0,Low,utate@example.org,India,2024-02-13 20:11:01,verified,True,321,0.0,0.0
USR00780,0,0,0,True,verified,False,False,0.0,0.0,0.0,0.0,0.0,0.0,0.0,0.0,0.0,0.0,0.0,Low,kentdouglas@example.net,India,2024-02-09 23:23:51,verified,True,325,153.8,156.85
USR00781,0,0,0,False,verified,False,False,0.0,0.0,0.0,0.0,0.2,0.0,1.0,2.0,0.0,0.0,16.8,Low,fisherbrandon@example.net,USA,2024-06-28 00:35:49,verified,False,185,788.95,938.44
USR00782,0,0,0,True,verified,False,False,0.0,0.0,0.0,0.0,0.0,0.0,0.0,1.0,0.0,0.0,0.0,Low,nicole76@example.net,USA,2024-05-12 07:41:10,verified,True,232,0.0,890.22
USR00783,0,0,0,True,verified,False,False,0.0,0.0,0.0,0.0,0.2,0.0,0.0,0.0,0.0,0.0,0.8,Low,ebaker@example.net,India,2024-09-26 13:47:23,verified,True,95,548.45,1087.99
USR00784,0,0,0,True,verified,False,False,1.0,0.75,1.0,0.25,0.5,0.0,1.0,2.0,0.0,0.0,20.25,Medium,baileychristopher@example.com,India,2024-08-17 23:21:37,verified,True,135,101.08,1000.0
USR00785,0,0,0,True,verified,False,False,0.0,0.0,0.0,0.0,0.25,0.0,0.0,0.0,0.0,0.0,1.0,Low,aguirredonna@example.org,Germany,2024-08-20 08:10:47,verified,True,132,0.0,207.6
USR00786,0,0,0,True,pending,False,False,0.0,0.0,0.0,0.0,0.16666666666666666,0.0,0.0,0.0,0.0,0.0,5.666666666666667,Low,nicholasmcclain@example.net,USA,2024-02-05 03:49:43,pending,True,329,1559.08,302.3
USR00787,0,0,0,True,verified,False,False,0.0,0.0,0.0,0.0,0.0,0.0,0.0,0.0,0.0,0.0,0.0,Low,gregthompson@example.com,India,2024-09-13 15:51:39,verified,True,108,1343.97,1847.21
USR00788,0,0,0,False,pending,False,False,0.0,0.0,0.0,0.0,0.0,0.0,0.0,0.0,0.0,0.0,13.0,Low,bakereric@example.com,UK,2024-05-02 22:54:16,pending,False,242,1554.57,0.0
USR00789,0,0,0,True,pending,False,False,0.0,0.0,0.0,0.0,0.4,0.0,1.0,2.0,0.0,0.0,14.6,Low,nhayes@example.org,USA,2024-05-13 16:46:43,pending,True,231,1123.94,0.0
USR00790,0,0,0,True,verified,False,False,0.0,0.0,0.0,0.0,0.0,0.0,0.0,0.0,0.0,0.0,0.0,Low,rblackburn@example.com,India,2024-01-25 05:42:30,verified,True,340,679.31,859.83
USR00791,0,0,0,True,pending,False,True,0.0,0.0,0.0,0.0,0.0,0.0,0.0,0.0,0.0,0.0,5.0,Low,brian07@example.com,USA,2024-11-30 11:24:42,pending,True,30,0.0,0.0
USR00792,0,0,1,True,verified,False,False,0.0,0.0,0.0,0.0,0.0,0.0,0.0,1.0,0.0,0.0,10.0,Low,gomezjared@example.com,UK,2024-06-06 16:29:55,verified,True,207,550.06,0.0
USR00793,0,0,0,True,verified,False,False,0.0,0.25,0.0,0.0,0.0,0.0,1.0,2.0,0.0,0.0,10.0,Low,david52@example.org,Russia,2024-05-19 22:07:35,verified,True,225,4999.0,1321.23
USR00794,0,0,0,True,verified,False,False,0.0,0.0,0.0,0.0,0.2,0.0,0.0,0.0,0.0,0.0,0.8,Low,rogersjanet@example.net,UK,2024-01-07 02:24:26,verified,True,358,250.43,0.0
USR00795,0,0,1,True,verified,False,False,0.0,0.0,0.0,0.0,0.0,0.0,0.0,0.0,0.0,0.0,10.0,Low,hhoward@example.org,Germany,2024-11-08 23:55:13,verified,True,52,902.59,179.93
USR00796,0,0,0,True,verified,False,False,0.0,0.0,0.0,0.0,0.5,0.0,0.0,0.0,0.0,0.0,2.0,Low,cpatterson@example.org,India,2024-07-16 20:05:28,verified,True,167,1061.97,104.58
USR00797,0,0,0,True,verified,False,False,1.0,0.6666666666666666,1.0,0.16666666666666666,0.0,0.0,0.0,0.0,0.0,0.0,9.166666666666666,Low,wconner@example.com,USA,2024-07-12 11:09:33,verified,True,171,3690.77,25053.69
USR00798,0,0,0,True,verified,False,False,1.0,1.0,0.0,1.0,0.0,0.0,0.0,0.0,0.0,0.0,13.0,Low,lopezdaniel@example.net,India,2024-01-15 16:55:39,verified,True,350,0.0,2178.06
USR00799,0,0,0,True,verified,False,False,0.0,0.0,0.0,0.0,0.4,0.0,0.0,0.0,0.0,0.0,1.6,Low,howard56@example.net,Germany,2024-10-11 00:08:47,verified,True,80,0.0,323.35
USR00800,0,0,0,True,verified,False,False,0.0,0.0,0.0,0.0,0.16666666666666666,0.0,0.0,0.0,0.0,0.0,0.6666666666666666,Low,andrewking@example.com,UK,2024-08-24 22:16:12,verified,True,128,718.98,4613.49
USR00801,0,0,1,True,verified,True,False,0.0,0.0,0.0,0.0,0.16666666666666666,0.0,0.0,0.0,0.0,0.0,10.666666666666666,Low,nicholas60@example.com,Brazil,2024-11-05 22:48:53,verified,True,55,50.26,1914.87
USR00802,0,1,0,True,verified,False,False,0.0,0.0,0.0,0.0,0.0,0.0,0.0,0.0,0.0,0.0,15.0,Low,bonddavid@example.net,India,2024-07-01 05:33:46,verified,True,182,667.03,2885.49
USR00803,0,0,0,True,verified,False,False,1.0,0.8333333333333334,1.0,0.16666666666666666,0.3333333333333333,0.0,0.0,0.0,0.0,0.0,11.833333333333336,Low,opage@example.com,UK,2024-09-26 22:20:46,verified,True,95,42830.24,458.92
USR00804,0,0,0,True,verified,False,False,0.0,0.0,0.0,0.0,0.0,0.0,0.0,1.0,0.0,0.0,0.0,Low,sheriellis@example.org,India,2024-03-06 15:55:57,verified,True,299,0.0,18.49
USR00805,0,0,0,True,pending,False,False,0.0,0.0,0.0,0.0,0.2,0.0,0.0,0.0,0.0,0.0,5.8,Low,cguzman@example.org,India,2024-02-19 06:03:37,pending,True,315,280.38,248.88
USR00806,0,0,0,True,verified,False,False,0.0,0.0,0.0,0.0,0.16666666666666666,0.0,0.0,0.0,0.0,0.0,0.6666666666666666,Low,karen19@example.org,Brazil,2024-01-06 12:22:53,verified,True,359,60.09,851.29
USR00807,0,0,0,False,verified,False,False,0.0,0.0,0.0,0.0,0.0,0.0,0.0,0.0,0.0,0.0,8.0,Low,danielgriffin@example.com,USA,2024-03-09 02:50:26,verified,False,296,0.0,495.08
USR00808,0,0,0,True,verified,False,False,0.0,0.0,0.0,0.0,0.25,0.0,0.0,0.0,0.0,0.0,1.0,Low,eleonard@example.org,Germany,2024-02-02 18:40:43,verified,True,332,760.08,1229.27
USR00809,0,0,0,True,verified,False,False,0.0,0.0,0.0,0.0,0.0,0.0,0.0,0.0,0.0,0.0,0.0,Low,dennis64@example.net,USA,2024-05-28 19:22:30,verified,True,216,0.0,0.0
USR00810,0,0,0,True,verified,False,False,2.0,1.0,1.0,0.4,0.2,0.0,1.0,2.0,0.0,0.0,21.8,Medium,jack90@example.com,India,2024-09-06 10:18:26,verified,True,115,2141.35,10000.0
USR00811,0,0,0,True,verified,False,False,0.0,0.0,0.0,0.0,0.0,0.0,0.0,0.0,0.0,0.0,0.0,Low,ronaldwhite@example.net,UK,2024-10-19 05:08:09,verified,True,72,976.85,0.0
USR00812,0,0,0,False,verified,True,False,1.0,0.5,1.0,0.25,0.0,0.0,1.0,2.0,0.0,0.0,24.25,Medium,nicolasmalone@example.org,USA,2024-06-17 20:01:03,verified,False,196,209.47,659.69
USR00813,0,0,0,True,verified,False,False,0.0,0.0,0.0,0.0,0.0,0.0,0.0,1.0,0.0,0.0,0.0,Low,shellymcguire@example.net,Nigeria,2024-11-23 20:52:49,verified,True,37,0.0,208.36
USR00814,0,0,0,True,pending,False,False,0.0,0.0,0.0,0.0,0.0,0.0,0.0,0.0,0.0,0.0,5.0,Low,eric55@example.com,UK,2024-09-11 02:55:17,pending,True,110,700.23,1343.92
USR00815,0,0,0,True,pending,False,False,0.0,0.0,0.0,0.0,0.0,0.0,0.0,1.0,0.0,0.0,5.0,Low,krogers@example.net,India,2024-07-20 22:18:24,pending,True,163,83.29,442.21
USR00816,0,0,0,True,verified,False,False,0.0,0.0,0.0,0.0,0.0,0.0,0.0,1.0,0.0,0.0,0.0,Low,caseylawrence@example.net,UK,2024-01-05 15:29:18,verified,True,360,1967.11,0.0
USR00817,0,0,0,False,verified,True,False,0.0,0.0,0.0,0.0,0.0,0.0,0.0,0.0,0.0,0.0,8.0,Low,smithcrystal@example.net,Brazil,2024-01-14 05:17:32,verified,False,351,2227.04,1776.74
USR00818,0,0,0,False,pending,False,False,0.0,0.0,0.0,0.0,0.0,0.0,0.0,1.0,0.0,0.0,13.0,Low,hpace@example.net,Nigeria,2024-08-22 20:04:48,pending,False,130,155.08,0.0
USR00819,0,0,0,True,rejected,False,False,0.0,0.0,0.0,0.0,0.0,0.0,0.0,1.0,0.0,0.0,12.0,Low,ryanwright@example.com,UK,2024-09-27 03:57:42,rejected,True,94,0.0,639.14
USR00820,0,0,0,True,verified,False,False,0.0,0.0,0.0,0.0,0.25,0.0,0.0,0.0,0.0,0.0,1.0,Low,taylormichael@example.net,Germany,2024-10-25 18:56:48,verified,True,66,0.0,284.6
USR00821,0,0,0,True,verified,False,False,0.0,0.0,0.0,0.0,0.25,0.0,0.0,0.0,0.0,0.0,1.0,Low,bgriffin@example.org,Russia,2024-10-28 19:09:08,verified,True,63,0.0,1067.92
USR00822,0,1,0,True,verified,True,False,1.0,0.16666666666666666,0.0,0.16666666666666666,0.16666666666666666,0.0,0.0,0.0,0.0,0.0,17.833333333333332,Low,lmarshall@example.org,USA,2024-01-27 22:50:26,verified,True,338,1250.99,0.0
USR00823,0,0,0,True,verified,False,False,0.0,0.0,0.0,0.0,0.2,0.0,0.0,1.0,0.0,0.0,0.8,Low,marcusgardner@example.net,India,2024-10-25 12:52:17,verified,True,66,2482.27,0.0
USR00824,0,0,0,True,verified,False,False,0.0,0.0,0.0,0.0,0.2,0.0,1.0,2.0,0.0,0.0,8.8,Low,barryhernandez@example.com,USA,2024-01-28 08:17:25,verified,True,337,1275.64,1636.43
USR00825,0,0,0,True,verified,False,False,0.0,0.0,0.0,0.0,0.2,0.0,0.0,0.0,0.0,0.0,0.8,Low,andrew34@example.com,UK,2024-01-15 16:39:13,verified,True,350,35.61,1945.07
USR00826,0,0,0,True,verified,False,False,0.0,0.0,0.0,0.0,0.2,0.0,0.0,0.0,0.0,0.0,0.8,Low,tracy02@example.net,Nigeria,2024-10-26 10:09:12,verified,True,65,3776.73,195.43
USR00827,0,0,0,True,rejected,False,False,0.0,0.0,0.0,0.0,0.75,0.0,0.0,0.0,0.0,0.0,15.0,Low,breanna40@example.net,Germany,2024-01-02 06:49:36,rejected,True,363,0.0,797.83
USR00828,0,0,0,True,verified,False,False,1.0,0.75,1.0,0.25,0.25,0.0,0.0,0.0,0.0,0.0,11.25,Low,walkerwendy@example.org,USA,2024-05-09 11:53:00,verified,True,235,8678.33,231.17
USR00829,0,0,0,True,verified,False,False,0.0,0.0,0.0,0.0,0.2857142857142857,0.0,0.0,1.0,0.0,0.0,1.1428571428571428,Low,taylorjames@example.com,Germany,2024-05-12 01:36:53,verified,True,232,1201.34,1538.25
USR00830,0,0,0,True,verified,False,False,0.0,0.0,0.0,0.0,0.2,0.0,1.0,2.0,0.0,0.0,8.8,Low,sierramcgrath@example.org,India,2024-05-29 04:39:53,verified,True,215,2199.47,781.61
USR00831,0,0,0,False,verified,False,False,0.0,0.0,0.0,0.0,0.0,0.0,0.0,0.0,0.0,0.0,8.0,Low,carolgreene@example.com,India,2024-09-02 18:02:31,verified,False,119,1017.61,403.52
USR00832,0,0,0,True,verified,False,False,1.0,0.14285714285714285,0.0,0.14285714285714285,0.14285714285714285,0.0,0.0,0.0,0.0,0.0,2.4285714285714284,Low,kelly76@example.org,India,2024-05-30 23:34:33,verified,True,214,794.59,1675.39
USR00833,1,0,0,True,verified,True,False,0.0,0.25,0.0,0.0,0.25,0.0,0.0,0.0,0.0,0.0,18.0,Low,diane66@example.net,Germany,2024-01-07 09:01:46,verified,True,358,5299.73,36.65
USR00834,0,0,0,True,pending,False,False,0.0,0.0,0.0,0.0,0.3333333333333333,0.0,0.0,1.0,0.0,0.0,6.333333333333333,Low,laurie69@example.net,UK,2024-09-20 08:08:36,pending,True,101,0.0,393.94
USR00835,0,0,0,True,verified,False,False,0.0,0.0,0.0,0.0,0.0,0.0,0.0,0.0,0.0,0.0,0.0,Low,cassandramason@example.net,Brazil,2024-07-08 20:49:44,verified,True,175,0.0,4053.35
USR00836,0,0,0,True,pending,False,False,1.0,0.42857142857142855,1.0,0.14285714285714285,0.14285714285714285,0.0,0.0,0.0,0.0,0.0,12.714285714285714,Low,karen18@example.org,Germany,2024-03-07 21:28:37,pending,True,298,1058.84,21966.62
USR00837,0,0,0,True,pending,False,False,1.0,0.3,1.0,0.1,0.0,0.0,0.0,0.0,0.0,0.0,10.9,Low,mirandamaxwell@example.org,USA,2024-01-25 20:07:41,pending,True,340,20869.72,131.32
USR00838,0,0,0,True,verified,False,False,0.0,0.0,0.0,0.0,0.0,0.0,0.0,0.0,0.0,0.0,0.0,Low,joseph95@example.net,UK,2024-06-14 12:34:43,verified,True,199,0.0,1144.05
USR00839,0,0,0,True,verified,False,False,0.0,0.0,0.0,0.0,0.3333333333333333,0.0,0.0,0.0,0.0,0.0,1.3333333333333333,Low,cmack@example.org,Germany,2024-07-31 00:00:54,verified,True,152,249.14,1497.55
USR00840,0,0,0,True,verified,False,False,0.0,0.0,0.0,0.0,0.14285714285714285,0.0,0.0,0.0,0.0,0.0,0.5714285714285714,Low,lbailey@example.net,India,2024-02-16 21:25:46,verified,True,318,709.96,2114.67
USR00841,0,0,0,True,verified,False,False,0.0,0.0,0.0,0.0,0.0,0.0,1.0,2.0,0.0,0.0,8.0,Low,kimberlyhubbard@example.net,Nigeria,2024-08-14 00:30:03,verified,True,138,264.88,0.0
USR00842,0,0,0,True,verified,False,True,0.0,0.0,0.0,0.0,0.3333333333333333,0.0,1.0,6.0,0.0,0.0,9.333333333333334,Low,fpennington@example.com,Brazil,2024-07-08 02:51:57,verified,True,175,0.0,391.22
USR00843,0,0,0,True,verified,False,False,0.0,0.0,0.0,0.0,0.0,0.0,1.0,2.0,0.0,0.0,8.0,Low,rogerholloway@example.com,UK,2024-09-26 07:55:16,verified,True,95,62.05,284.12
USR00844,0,1,0,True,verified,False,False,1.0,0.125,0.0,0.125,0.125,0.0,0.0,0.0,0.0,0.0,17.125,Low,qking@example.net,UK,2024-06-09 00:24:37,verified,True,204,3934.7,4892.25
USR00845,0,0,0,True,verified,False,False,0.0,0.0,0.0,0.0,0.5,0.0,1.0,2.0,0.0,0.0,10.0,Low,aprilmoore@example.net,India,2024-02-04 04:25:01,verified,True,330,163.79,0.0
USR00846,0,0,0,True,verified,False,False,0.0,0.0,0.0,0.0,0.16666666666666666,0.0,0.0,1.0,0.0,0.0,0.6666666666666666,Low,christopher58@example.com,Nigeria,2024-07-24 21:48:46,verified,True,159,377.75,0.0
USR00847,0,1,0,True,rejected,True,False,0.0,0.0,0.0,0.0,0.0,0.0,0.0,0.0,0.0,0.0,27.0,Medium,barneschristina@example.com,India,2024-08-31 07:04:11,rejected,True,121,361.17,132.85
USR00848,0,0,0,True,verified,False,False,1.0,0.2,0.0,0.2,0.0,0.0,1.0,2.0,0.0,0.0,10.6,Low,mendezvincent@example.org,Brazil,2024-07-03 05:50:53,verified,True,180,141.97,2673.61
USR00849,0,0,0,True,rejected,False,False,0.0,0.0,0.0,0.0,0.5,0.0,0.0,2.0,0.0,0.0,14.0,Low,iharvey@example.net,Germany,2024-04-07 15:02:52,rejected,True,267,2357.19,1479.03
USR00850,0,0,0,True,verified,False,True,0.0,0.25,1.0,0.0,0.25,0.0,1.0,3.0,0.0,0.0,14.0,Low,brandonwilson@example.net,USA,2024-03-09 07:23:28,verified,True,296,9655.86,76.79
USR00851,0,0,0,True,verified,False,False,0.0,0.0,0.0,0.0,0.0,0.0,0.0,0.0,0.0,0.0,0.0,Low,singletonbrian@example.org,UK,2024-08-13 03:46:17,verified,True,139,2000.4,256.56
USR00852,0,0,0,True,verified,False,False,0.0,0.0,0.0,0.0,0.16666666666666666,0.0,0.0,0.0,0.0,0.0,0.6666666666666666,Low,samuelperkins@example.com,India,2024-02-08 02:01:26,verified,True,326,129.88,0.0
USR00853,0,0,0,True,verified,False,False,0.0,0.0,0.0,0.0,0.2857142857142857,0.0,0.0,0.0,0.0,0.0,1.1428571428571428,Low,nicole08@example.com,Brazil,2024-01-22 02:28:46,verified,True,343,1883.21,786.94
USR00854,0,0,0,True,verified,False,False,0.0,0.0,0.0,0.0,1.0,0.0,1.0,2.0,0.0,0.0,12.0,Low,barrysavage@example.net,India,2024-10-06 13:13:12,verified,True,85,157.86,0.0
USR00855,0,0,0,True,pending,False,False,0.0,0.0,0.0,0.0,0.16666666666666666,0.0,0.0,0.0,0.0,0.0,5.666666666666667,Low,ijacobs@example.net,USA,2024-04-18 23:25:13,pending,True,256,564.3,2399.18
USR00856,0,0,0,True,verified,False,False,0.0,0.0,0.0,0.0,0.0,0.0,1.0,2.0,0.0,0.0,8.0,Low,jimenezanna@example.net,Russia,2024-08-22 10:17:42,verified,True,130,354.15,1549.14
USR00857,0,0,0,True,pending,False,False,0.0,0.0,0.0,0.0,0.4,0.0,0.0,0.0,0.0,0.0,6.6,Low,joneskenneth@example.net,USA,2024-03-30 04:58:50,pending,True,275,1234.29,24.88
USR00858,0,0,0,False,rejected,True,False,0.0,0.0,0.0,0.0,0.125,0.0,0.0,0.0,0.0,0.0,20.5,Medium,fritzkatherine@example.org,Nigeria,2024-04-18 10:03:40,rejected,False,256,291.06,1414.4
USR00859,0,0,0,True,verified,False,False,0.0,0.0,0.0,0.0,0.16666666666666666,0.0,0.0,1.0,0.0,0.0,0.6666666666666666,Low,charlesholder@example.com,India,2024-08-10 19:16:43,verified,True,142,974.26,262.84
USR00860,0,0,0,True,verified,False,False,0.0,0.0,0.0,0.0,0.1111111111111111,0.0,1.0,2.0,0.0,0.0,8.444444444444445,Low,melodywhite@example.net,Germany,2024-06-14 07:47:22,verified,True,199,776.66,3344.63
USR00861,0,0,0,True,verified,False,False,1.0,0.25,0.0,0.25,0.25,0.0,0.0,0.0,0.0,0.0,4.25,Low,maria51@example.com,USA,2024-08-04 21:28:32,verified,True,148,1447.76,279.26
USR00862,0,0,0,True,pending,True,False,10.0,1.2,9.0,0.0,0.0,9.0,0.0,1.0,0.0,0.0,44.6,High,kelly28@example.com,India,2024-02-05 05:39:37,pending,True,329,989.98,74.53
USR00863,0,0,0,True,pending,False,False,0.0,0.0,0.0,0.0,0.0,0.0,1.0,2.0,0.0,0.0,13.0,Low,joshualopez@example.com,India,2024-09-30 01:41:31,pending,True,91,0.0,409.48
USR00864,0,0,0,True,verified,False,False,0.0,0.0,0.0,0.0,0.3333333333333333,0.0,0.0,0.0,0.0,0.0,1.3333333333333333,Low,debrastewart@example.org,USA,2024-01-28 10:57:31,verified,True,337,3761.24,0.0
USR00865,1,0,0,False,pending,True,False,0.0,0.0,0.0,0.0,0.2,0.0,0.0,0.0,0.0,0.0,28.8,Medium,lynncampbell@example.com,Germany,2024-08-25 20:55:31,pending,False,127,373.56,82.33
USR00866,0,0,0,True,verified,False,False,0.0,0.0,0.0,0.0,0.6,0.0,1.0,2.0,0.0,0.0,10.4,Low,chavezmartin@example.org,India,2024-01-22 06:52:54,verified,True,343,66.14,0.0
USR00867,0,0,0,True,verified,False,False,0.0,0.0,0.0,0.0,0.3333333333333333,0.0,0.0,0.0,0.0,0.0,1.3333333333333333,Low,erodriguez@example.com,USA,2024-01-16 20:58:35,verified,True,349,185.28,0.0
USR00868,0,0,0,True,rejected,False,False,1.0,0.6,1.0,0.2,0.2,0.0,0.0,0.0,0.0,0.0,21.6,Medium,xruiz@example.org,USA,2024-05-10 01:46:15,rejected,True,234,609.85,227.58
USR00869,0,0,1,True,verified,False,False,1.0,0.3333333333333333,1.0,0.16666666666666666,0.16666666666666666,0.0,0.0,0.0,0.0,0.0,17.166666666666668,Low,gfox@example.net,India,2024-03-22 11:25:17,verified,True,283,493.0,63.76
USR00870,0,0,0,True,pending,False,False,2.0,0.5,1.0,0.3333333333333333,0.0,0.0,0.0,1.0,0.0,0.0,13.666666666666666,Low,kburton@example.org,USA,2024-01-22 03:36:14,pending,True,343,353.97,1585.43
USR00871,0,0,0,True,verified,False,False,0.0,0.2,1.0,0.0,0.2,0.0,0.0,0.0,0.0,0.0,5.3999999999999995,Low,stephenbell@example.com,USA,2024-09-20 10:17:29,verified,True,101,437.24,115.21
USR00872,0,0,0,True,rejected,False,False,1.0,0.1111111111111111,0.0,0.1111111111111111,0.0,0.0,0.0,1.0,0.0,0.0,13.444444444444445,Low,samantharobbins@example.com,India,2024-01-26 11:41:36,rejected,True,339,837.73,953.83
USR00873,0,0,0,False,verified,False,False,1.0,0.2,1.0,0.1,0.1,0.0,0.0,0.0,0.0,0.0,13.5,Low,yevans@example.org,UK,2024-01-30 21:12:03,verified,False,335,2377.21,3398.87
USR00874,0,0,0,True,verified,True,False,0.0,0.0,0.0,0.0,0.2,0.0,0.0,0.0,0.0,0.0,0.8,Low,awood@example.org,UK,2024-08-31 14:38:16,verified,True,121,244.98,617.85
USR00875,0,0,0,True,verified,False,True,0.0,0.0,0.0,0.0,0.0,0.0,0.0,0.0,0.0,0.0,0.0,Low,tracycarson@example.net,Germany,2024-04-23 05:08:00,verified,True,251,128.31,76.98
USR00876,0,0,0,True,pending,False,False,0.0,0.0,0.0,0.0,0.0,0.0,0.0,0.0,0.0,0.0,5.0,Low,davissarah@example.com,India,2024-08-12 17:55:04,pending,True,140,0.0,543.53
USR00877,0,0,0,True,verified,False,False,0.0,0.0,0.0,0.0,0.0,0.0,0.0,0.0,0.0,0.0,0.0,Low,slynch@example.org,Nigeria,2024-06-21 22:05:22,verified,True,192,866.59,201.81
USR00878,0,0,0,True,verified,False,False,0.0,0.0,0.0,0.0,0.0,0.0,0.0,0.0,0.0,0.0,0.0,Low,anthonyhull@example.com,India,2024-05-24 10:22:50,verified,True,220,0.0,0.0
USR00879,0,0,0,True,verified,False,False,0.0,0.0,0.0,0.0,0.0,0.0,0.0,0.0,0.0,0.0,0.0,Low,emoore@example.org,Russia,2024-03-03 10:40:13,verified,True,302,850.32,295.35
USR00880,0,0,0,True,verified,False,False,0.0,0.0,0.0,0.0,0.3333333333333333,0.0,0.0,1.0,0.0,0.0,1.3333333333333333,Low,ggonzalez@example.net,Russia,2024-02-29 14:34:55,verified,True,305,333.17,0.0
USR00881,0,0,0,True,verified,False,True,0.0,0.0,0.0,0.0,0.14285714285714285,0.0,0.0,0.0,0.0,0.0,0.5714285714285714,Low,malik43@example.net,India,2024-03-20 16:11:11,verified,True,285,733.34,982.14
USR00882,0,0,0,True,rejected,False,False,0.0,0.0,0.0,0.0,0.4,0.0,0.0,0.0,0.0,0.0,13.6,Low,ubanks@example.com,India,2024-03-04 03:31:10,rejected,True,301,0.0,182.85
USR00883,0,0,0,True,verified,False,False,2.0,1.0,2.0,0.4,0.4,0.0,0.0,0.0,0.0,0.0,17.6,Low,kwiley@example.net,USA,2024-05-04 08:38:50,verified,True,240,364.45,42933.84
USR00884,0,0,0,True,pending,False,False,9.0,1.1428571428571428,8.0,0.0,0.0,8.0,0.0,1.0,0.0,0.0,44.14285714285714,High,fespinoza@example.net,Russia,2024-04-22 13:23:06,pending,True,252,259.12,0.0
USR00885,0,0,0,True,verified,False,False,0.0,0.0,0.0,0.0,0.0,0.0,0.0,1.0,0.0,0.0,0.0,Low,hpratt@example.net,USA,2024-06-20 16:43:20,verified,True,193,209.71,0.0
USR00886,0,0,0,True,verified,False,False,1.0,0.2,0.0,0.2,0.0,0.0,0.0,1.0,0.0,0.0,2.6,Low,hbennett@example.com,USA,2024-01-10 15:06:42,verified,True,355,0.0,309.3
USR00887,0,0,1,True,pending,False,False,0.0,0.0,0.0,0.0,0.3333333333333333,0.0,0.0,2.0,0.0,0.0,16.333333333333332,Low,derrick23@example.com,Germany,2024-08-14 13:58:30,pending,True,138,0.0,131.48
USR00888,0,0,0,True,verified,False,False,0.0,0.0,0.0,0.0,0.25,0.0,0.0,0.0,0.0,0.0,1.0,Low,christopherpratt@example.com,USA,2024-09-19 22:41:17,verified,True,102,552.62,167.33
USR00889,0,0,0,True,verified,False,False,0.0,0.0,0.0,0.0,0.0,0.0,0.0,0.0,0.0,0.0,0.0,Low,crystal70@example.com,India,2024-01-22 18:24:05,verified,True,343,377.93,2601.69
USR00890,0,0,0,True,pending,False,False,0.0,0.0,0.0,0.0,0.0,0.0,0.0,0.0,0.0,0.0,5.0,Low,iflores@example.org,USA,2024-04-20 13:08:01,pending,True,254,715.34,0.0
USR00891,0,0,0,False,verified,False,False,0.0,0.0,0.0,0.0,0.3333333333333333,0.0,0.0,1.0,0.0,0.0,9.333333333333334,Low,debrarodgers@example.com,India,2024-10-14 23:32:19,verified,False,77,271.52,977.4
USR00892,0,0,0,True,pending,False,False,0.0,0.0,0.0,0.0,0.25,0.0,0.0,0.0,0.0,0.0,6.0,Low,holly29@example.com,India,2024-06-09 20:33:57,pending,True,204,2106.59,0.0
USR00893,0,0,0,True,rejected,False,False,0.0,0.0,0.0,0.0,0.25,0.0,1.0,2.0,0.0,0.0,21.0,Medium,alexanderfarley@example.net,Germany,2024-05-10 06:18:38,rejected,True,234,319.36,0.0
USR00894,1,0,0,True,pending,True,False,1.0,0.42857142857142855,1.0,0.14285714285714285,0.0,0.0,0.0,1.0,0.0,0.0,27.142857142857142,Medium,cwilson@example.org,USA,2024-06-09 23:33:02,pending,True,204,7019.02,709.29
USR00895,0,0,0,True,verified,False,True,0.0,0.14285714285714285,1.0,0.0,0.14285714285714285,0.0,1.0,6.0,0.0,0.0,12.714285714285714,Low,sanchezkelsey@example.net,Germany,2024-04-22 09:59:32,verified,True,252,1179.36,1169.26
USR00896,0,0,0,True,verified,False,False,1.0,0.375,1.0,0.125,0.0,0.0,1.0,2.0,0.0,0.0,14.625,Low,jvargas@example.org,India,2024-06-28 23:41:03,verified,True,185,30960.6,230.26
USR00897,0,0,0,True,verified,False,False,0.0,0.0,0.0,0.0,0.2,0.0,0.0,1.0,0.0,0.0,0.8,Low,murphycharles@example.org,USA,2024-02-18 05:24:46,verified,True,316,0.0,2734.8
USR00898,0,0,0,True,verified,False,False,0.0,0.0,0.0,0.0,0.0,0.0,1.0,2.0,0.0,0.0,8.0,Low,reedluis@example.org,Russia,2024-02-16 08:27:57,verified,True,318,0.0,235.27
USR00899,0,0,0,True,verified,False,False,0.0,0.0,0.0,0.0,0.0,0.0,0.0,0.0,0.0,0.0,0.0,Low,qstevenson@example.org,USA,2024-06-18 08:27:11,verified,True,195,118.41,1680.48
USR00900,0,0,0,True,verified,True,False,1.0,0.5714285714285714,1.0,0.14285714285714285,0.2857142857142857,0.0,0.0,1.0,0.0,0.0,9.428571428571427,Low,cynthiachapman@example.com,USA,2024-08-11 09:50:46,verified,True,141,1478.74,10089.48
USR00901,0,0,0,True,verified,False,False,0.0,0.0,0.0,0.0,0.0,0.0,0.0,0.0,0.0,0.0,0.0,Low,andrewcole@example.com,India,2024-06-11 22:09:14,verified,True,202,0.0,0.0
USR00902,0,0,0,True,pending,False,False,1.0,0.5,1.0,0.16666666666666666,0.16666666666666666,0.0,0.0,0.0,0.0,0.0,13.5,Low,holdermonica@example.com,India,2024-03-16 06:29:06,pending,True,289,41341.83,1450.87
USR00903,0,0,0,True,verified,False,False,0.0,0.0,0.0,0.0,0.0,0.0,0.0,0.0,0.0,0.0,0.0,Low,sarah42@example.org,India,2024-11-17 02:32:22,verified,True,43,0.0,384.8
USR00904,0,0,0,True,verified,False,True,1.0,0.4,1.0,0.2,0.4,0.0,1.0,5.0,0.0,0.0,16.8,Low,allison28@example.net,USA,2024-05-16 13:25:23,verified,True,228,547.12,0.0
USR00905,0,0,0,False,verified,False,False,0.0,0.2,0.0,0.0,0.2,0.0,0.0,0.0,0.0,0.0,10.4,Low,stephaniebennett@example.com,India,2024-03-04 07:32:30,verified,False,301,14.51,806.81
USR00906,0,0,0,True,verified,False,False,1.0,0.25,0.0,0.25,0.0,0.0,0.0,1.0,0.0,0.0,3.25,Low,frazierkatherine@example.net,UK,2024-11-18 21:21:37,verified,True,42,0.0,375.34
USR00907,0,0,0,True,verified,False,False,0.0,0.0,0.0,0.0,0.25,0.0,0.0,0.0,0.0,0.0,1.0,Low,andersonbruce@example.net,India,2024-01-30 16:06:09,verified,True,335,0.0,96.16
USR00908,0,0,0,True,verified,False,False,1.0,0.14285714285714285,0.0,0.14285714285714285,0.2857142857142857,0.0,0.0,0.0,0.0,0.0,3.0,Low,despinoza@example.com,Germany,2024-06-20 15:09:35,verified,True,193,2316.84,3742.96
USR00909,0,0,0,True,verified,False,False,0.0,0.0,0.0,0.0,0.0,0.0,0.0,1.0,0.0,0.0,0.0,Low,randy17@example.org,UK,2024-11-12 08:22:51,verified,True,48,1130.46,0.0
USR00910,0,0,0,True,verified,False,False,0.0,0.14285714285714285,0.0,0.0,0.0,0.0,0.0,0.0,0.0,0.0,1.1428571428571428,Low,rachel60@example.net,India,2024-01-31 12:39:04,verified,True,334,1123.61,0.0
USR00911,0,0,0,True,verified,False,False,0.0,0.0,0.0,0.0,0.25,0.0,0.0,1.0,0.0,0.0,1.0,Low,linda83@example.org,USA,2024-03-17 06:07:26,verified,True,288,1815.12,185.59
USR00912,0,0,0,True,verified,False,True,0.0,0.0,0.0,0.0,0.2,0.0,0.0,0.0,0.0,0.0,0.8,Low,tjohnson@example.net,India,2024-01-26 17:28:12,verified,True,339,185.81,13.98
USR00913,0,0,0,False,rejected,False,False,0.0,0.0,0.0,0.0,0.5,0.0,0.0,0.0,0.0,0.0,22.0,Medium,gramirez@example.net,India,2024-03-18 16:21:46,rejected,False,287,387.95,171.86
USR00914,1,0,0,True,verified,True,False,0.0,0.0,0.0,0.0,0.2857142857142857,0.0,0.0,0.0,0.0,0.0,16.142857142857142,Low,shari15@example.net,Germany,2024-05-15 02:04:17,verified,True,229,119.47,2705.91
USR00915,0,0,0,True,rejected,False,True,1.0,0.16666666666666666,0.0,0.16666666666666666,0.3333333333333333,0.0,1.0,8.0,0.0,0.0,23.5,Medium,whanson@example.org,India,2024-11-14 07:05:59,rejected,True,46,2632.55,601.85
USR00916,0,0,0,True,verified,True,False,0.0,0.0,0.0,0.0,0.0,0.0,0.0,0.0,0.0,0.0,0.0,Low,sclark@example.net,Brazil,2024-07-27 14:22:54,verified,True,156,3189.63,125.67
USR00917,0,0,0,True,verified,False,False,0.0,0.0,0.0,0.0,0.0,0.0,1.0,2.0,0.0,0.0,8.0,Low,rodrigueznicholas@example.org,India,2024-09-18 13:42:52,verified,True,103,2951.53,885.23
USR00918,0,0,0,True,verified,False,False,0.0,0.3333333333333333,0.0,0.0,0.0,0.0,1.0,2.0,0.0,0.0,10.666666666666666,Low,jennifer55@example.net,USA,2024-02-13 19:47:45,verified,True,321,0.0,0.0
USR00919,0,0,0,True,verified,False,True,3.0,1.5,2.0,0.5,0.16666666666666666,0.0,1.0,8.0,0.0,0.0,29.166666666666668,Medium,omeyers@example.net,India,2024-04-21 22:52:58,verified,True,253,150.32,0.0
USR00920,0,0,0,False,verified,False,False,0.0,0.0,0.0,0.0,0.3333333333333333,0.0,0.0,2.0,0.0,0.0,9.333333333333334,Low,arnoldkathy@example.com,India,2024-05-01 04:06:54,verified,False,243,0.0,216.85
USR00921,0,0,0,True,rejected,False,False,0.0,0.0,0.0,0.0,0.0,0.0,0.0,0.0,0.0,0.0,12.0,Low,vporter@example.com,USA,2024-11-28 17:42:36,rejected,True,32,85.04,213.16
USR00922,0,0,0,True,verified,False,False,0.0,0.0,0.0,0.0,0.0,0.0,0.0,0.0,0.0,0.0,0.0,Low,hansonnicole@example.com,USA,2024-07-09 22:29:41,verified,True,174,78.36,320.12
USR00923,0,0,0,True,rejected,False,False,0.0,0.25,1.0,0.0,0.0,0.0,0.0,0.0,0.0,0.0,17.0,Low,reginashelton@example.net,Brazil,2024-09-26 22:12:55,rejected,True,95,0.0,1781.45
USR00924,0,0,0,True,verified,False,False,0.0,0.0,0.0,0.0,0.5,0.0,0.0,0.0,0.0,0.0,2.0,Low,williamsamanda@example.net,USA,2024-05-11 12:16:32,verified,True,233,0.0,177.21
USR00925,0,0,0,True,verified,False,False,1.0,0.21428571428571427,1.0,0.07142857142857142,0.07142857142857142,0.0,0.0,1.0,0.0,0.0,5.357142857142857,Low,lewisbrenda@example.net,India,2024-10-24 00:36:40,verified,True,67,42730.29,0.0
USR00926,0,0,0,True,verified,False,False,0.0,0.0,0.0,0.0,0.2,0.0,0.0,0.0,0.0,0.0,0.8,Low,smithtristan@example.com,Russia,2024-07-03 19:01:20,verified,True,180,4018.44,1760.79
USR00927,0,0,0,True,verified,False,False,0.0,0.0,0.0,0.0,1.0,0.0,1.0,2.0,0.0,0.0,12.0,Low,bjohnson@example.com,USA,2024-02-17 10:53:38,verified,True,317,394.52,118.07
USR00928,0,0,0,True,verified,False,True,0.0,0.0,0.0,0.0,0.0,0.0,1.0,8.0,0.0,0.0,8.0,Low,tylerchoi@example.net,India,2024-01-27 11:56:14,verified,True,338,622.68,0.0
USR00929,0,0,0,True,verified,False,False,0.0,0.0,0.0,0.0,0.14285714285714285,0.0,0.0,0.0,0.0,0.0,0.5714285714285714,Low,austinmeyer@example.org,Germany,2024-08-30 00:56:56,verified,True,122,1088.77,547.76
USR00930,0,0,0,True,verified,False,False,0.0,0.0,0.0,0.0,0.09090909090909091,0.0,0.0,0.0,0.0,0.0,0.36363636363636365,Low,cruzryan@example.net,USA,2024-09-14 03:09:22,verified,True,107,482.89,805.49
USR00931,0,0,0,True,verified,True,False,0.0,0.0,0.0,0.0,0.16666666666666666,0.0,0.0,0.0,0.0,0.0,0.6666666666666666,Low,colesamuel@example.net,Brazil,2024-10-23 16:40:08,verified,True,68,0.0,3133.29
USR00932,0,0,0,True,verified,False,False,0.0,0.0,0.0,0.0,0.0,0.0,1.0,2.0,0.0,0.0,8.0,Low,reyessusan@example.net,Nigeria,2024-08-04 04:30:29,verified,True,148,0.0,0.0
USR00933,0,0,0,True,verified,False,False,0.0,0.0,0.0,0.0,0.2,0.0,0.0,1.0,0.0,0.0,0.8,Low,gcampbell@example.com,UK,2024-05-31 02:29:34,verified,True,213,67.68,3252.45
USR00934,0,0,0,True,verified,False,False,0.0,0.0,0.0,0.0,0.0,0.0,0.0,0.0,0.0,0.0,0.0,Low,mark57@example.org,India,2024-07-03 19:48:45,verified,True,180,0.0,0.0
USR00935,0,0,0,True,pending,False,False,0.0,0.0,0.0,0.0,0.0,0.0,1.0,2.0,0.0,0.0,13.0,Low,victorhopkins@example.com,India,2024-09-19 17:19:23,pending,True,102,1398.71,541.56
USR00936,0,0,0,True,verified,False,False,0.0,0.0,0.0,0.0,0.0,0.0,1.0,2.0,0.0,0.0,8.0,Low,whitneyperez@example.com,Germany,2024-05-15 11:46:02,verified,True,229,0.0,0.0
USR00937,0,0,0,True,verified,False,False,1.0,0.16666666666666666,0.0,0.16666666666666666,0.0,0.0,0.0,0.0,0.0,0.0,2.1666666666666665,Low,michaelpatel@example.com,India,2024-05-18 18:53:35,verified,True,226,1639.65,1105.07
USR00938,0,0,0,True,verified,False,False,0.0,0.0,0.0,0.0,0.16666666666666666,0.0,0.0,1.0,0.0,0.0,0.6666666666666666,Low,griffithsean@example.net,India,2024-09-24 04:32:36,verified,True,97,752.84,302.74
USR00939,0,0,0,True,rejected,False,False,1.0,0.625,2.0,0.125,0.125,0.0,0.0,1.0,0.0,0.0,24.125,Medium,jamie85@example.org,India,2024-06-13 01:44:02,rejected,True,200,49986.54,253.86
USR00940,0,0,0,True,verified,False,False,2.0,0.8,2.0,0.4,0.2,0.0,0.0,1.0,0.0,0.0,15.200000000000001,Low,vdorsey@example.com,India,2024-05-26 16:46:10,verified,True,218,1744.46,1483.77
USR00941,0,0,0,True,verified,False,False,0.0,0.0,0.0,0.0,0.0,0.0,0.0,1.0,0.0,0.0,0.0,Low,fking@example.com,India,2024-07-11 21:52:19,verified,True,172,187.89,0.0
USR00942,0,0,0,True,verified,False,False,0.0,0.0,0.0,0.0,0.2,0.0,0.0,0.0,0.0,0.0,0.8,Low,thomasbrowning@example.com,India,2024-07-11 23:55:32,verified,True,172,409.07,226.72
USR00943,0,0,0,True,pending,False,False,12.0,1.2941176470588236,11.0,0.0,0.11764705882352941,11.0,0.0,0.0,0.0,0.0,45.8235294117647,High,ronaldlewis@example.org,India,2024-04-25 11:13:32,pending,True,249,821.25,0.0
USR00944,0,0,0,True,verified,False,False,0.0,0.0,0.0,0.0,0.3333333333333333,0.0,0.0,0.0,0.0,0.0,1.3333333333333333,Low,tinabenson@example.org,USA,2024-02-06 18:58:52,verified,True,328,1766.02,267.99
USR00945,0,0,0,True,verified,False,False,1.0,0.125,0.0,0.125,0.25,0.0,1.0,2.0,0.0,0.0,10.625,Low,jrobinson@example.org,Germany,2024-01-30 18:32:16,verified,True,335,0.0,320.07
USR00946,0,0,0,False,verified,False,False,1.0,0.16666666666666666,0.0,0.16666666666666666,0.0,0.0,0.0,0.0,0.0,0.0,10.166666666666668,Low,paula53@example.com,UK,2024-06-05 05:43:00,verified,False,208,3221.06,1327.69
USR00947,0,0,0,True,verified,False,False,1.0,0.16666666666666666,0.0,0.16666666666666666,0.16666666666666666,0.0,0.0,1.0,0.0,0.0,2.833333333333333,Low,mendozarebecca@example.org,India,2024-07-19 11:33:26,verified,True,164,683.47,1309.39
USR00948,0,0,0,True,verified,False,False,0.0,0.0,0.0,0.0,0.0,0.0,0.0,0.0,0.0,0.0,0.0,Low,ricejanet@example.net,Germany,2024-09-04 17:54:16,verified,True,117,119.19,0.0
USR00949,0,0,0,True,pending,False,False,0.0,0.0,0.0,0.0,0.0,0.0,0.0,0.0,0.0,0.0,5.0,Low,alexander74@example.net,India,2024-07-21 19:54:19,pending,True,162,957.73,136.85
USR00950,0,0,0,True,pending,False,False,0.0,0.0,0.0,0.0,0.0,0.0,0.0,0.0,0.0,0.0,5.0,Low,amber79@example.org,India,2024-06-08 07:54:10,pending,True,205,0.0,223.91
USR00951,0,0,0,True,verified,False,False,0.0,0.0,0.0,0.0,0.2857142857142857,0.0,0.0,0.0,0.0,0.0,1.1428571428571428,Low,nicholas40@example.com,India,2024-09-07 21:33:14,verified,True,114,2802.85,810.62
USR00952,0,0,0,True,verified,False,False,0.0,0.0,0.0,0.0,0.4,0.0,0.0,2.0,0.0,0.0,1.6,Low,joseph75@example.org,USA,2024-11-05 12:59:44,verified,True,55,2180.16,0.0
USR00953,0,0,0,True,verified,False,True,0.0,0.0,0.0,0.0,0.0,0.0,0.0,0.0,0.0,0.0,0.0,Low,frederick85@example.org,Germany,2024-03-02 21:19:43,verified,True,303,0.0,946.93
USR00954,0,0,0,True,verified,False,False,0.0,0.0,0.0,0.0,0.0,0.0,0.0,0.0,0.0,0.0,0.0,Low,murphytracy@example.net,India,2024-01-17 09:38:03,verified,True,348,606.98,205.42
USR00955,0,0,0,True,rejected,False,False,0.0,0.0,0.0,0.0,0.4,0.0,0.0,2.0,0.0,0.0,13.6,Low,mmiller@example.org,India,2024-01-25 16:37:27,rejected,True,340,269.21,928.44
USR00956,0,0,0,True,verified,False,False,0.0,0.0,0.0,0.0,0.0,0.0,0.0,1.0,0.0,0.0,0.0,Low,parsonsivan@example.net,USA,2024-10-08 06:21:15,verified,True,83,1156.67,0.0
USR00957,0,0,0,True,verified,False,False,0.0,0.1111111111111111,0.0,0.0,0.0,0.0,0.0,0.0,0.0,0.0,0.8888888888888888,Low,jennifergordon@example.net,India,2024-08-13 09:54:14,verified,True,139,3407.65,5178.09
USR00958,0,0,0,True,rejected,False,False,0.0,0.0,0.0,0.0,0.2857142857142857,0.0,0.0,1.0,0.0,0.0,13.142857142857142,Low,valerie05@example.com,UK,2024-11-09 06:52:12,rejected,True,51,3181.91,290.96
USR00959,0,0,0,True,verified,False,False,0.0,0.0,0.0,0.0,0.0,0.0,0.0,0.0,0.0,0.0,0.0,Low,benjaminwilliams@example.org,Russia,2024-03-25 15:59:07,verified,True,280,145.36,0.0
USR00960,0,0,0,True,verified,False,False,0.0,0.0,0.0,0.0,0.14285714285714285,0.0,0.0,0.0,0.0,0.0,0.5714285714285714,Low,michelle37@example.net,India,2024-07-09 10:28:23,verified,True,174,866.89,120.56
USR00961,0,0,0,True,verified,False,False,0.0,0.0,0.0,0.0,0.0,0.0,0.0,0.0,0.0,0.0,0.0,Low,catherinehunter@example.org,India,2024-04-17 20:39:58,verified,True,257,0.0,0.0
USR00962,0,0,0,True,verified,True,False,0.0,0.0,0.0,0.0,0.3333333333333333,0.0,0.0,0.0,0.0,0.0,1.3333333333333333,Low,xwolf@example.com,Germany,2024-08-23 06:36:09,verified,True,129,938.66,0.0
USR00963,0,0,0,False,verified,False,False,2.0,0.25,0.0,0.25,0.0,0.0,0.0,0.0,0.0,0.0,11.25,Low,angela93@example.com,India,2024-09-29 02:13:18,verified,False,92,5668.02,245.69
USR00964,0,0,0,True,verified,False,False,0.0,0.0,0.0,0.0,0.0,0.0,0.0,1.0,0.0,0.0,0.0,Low,katrinasanders@example.net,India,2024-06-01 14:47:51,verified,True,212,1586.26,0.0
USR00965,0,0,0,True,verified,False,False,0.0,0.0,0.0,0.0,0.3333333333333333,0.0,0.0,0.0,0.0,0.0,1.3333333333333333,Low,mcmillanvanessa@example.org,USA,2024-11-29 18:20:40,verified,True,31,81.57,427.88
USR00966,0,0,0,True,rejected,False,False,0.0,0.3333333333333333,0.0,0.0,0.0,0.0,0.0,0.0,0.0,0.0,14.666666666666666,Low,qbates@example.org,Germany,2024-01-14 03:48:00,rejected,True,351,498.22,4999.0
USR00967,0,0,0,True,verified,False,False,0.0,0.0,0.0,0.0,0.16666666666666666,0.0,0.0,1.0,0.0,0.0,0.6666666666666666,Low,ecarroll@example.net,Germany,2024-05-09 05:11:44,verified,True,235,1612.37,353.38
USR00968,0,0,0,True,pending,False,False,1.0,0.13333333333333333,1.0,0.06666666666666667,0.26666666666666666,0.0,1.0,2.0,0.0,0.0,18.46666666666667,Low,timothyblevins@example.com,USA,2024-05-16 15:32:19,pending,True,228,1099.31,363.67
USR00969,0,0,0,True,verified,False,False,0.0,0.0,0.0,0.0,0.0,0.0,0.0,0.0,0.0,0.0,0.0,Low,kevinperry@example.com,Germany,2024-09-06 02:01:39,verified,True,115,158.18,1182.05
USR00970,0,0,0,True,verified,False,False,0.0,0.0,0.0,0.0,0.3333333333333333,0.0,0.0,0.0,0.0,0.0,1.3333333333333333,Low,leonardevan@example.org,India,2024-05-01 20:05:56,verified,True,243,0.0,213.17
USR00971,0,0,0,True,pending,False,False,0.0,0.0,0.0,0.0,0.16666666666666666,0.0,0.0,0.0,0.0,0.0,5.666666666666667,Low,sandra68@example.org,Germany,2024-02-20 12:33:15,pending,True,314,1560.37,793.14
USR00972,0,0,0,True,verified,False,False,1.0,0.25,0.0,0.25,0.0,0.0,0.0,0.0,0.0,0.0,3.25,Low,christine40@example.org,India,2024-04-11 05:42:45,verified,True,263,0.0,2543.51
USR00973,1,0,0,False,rejected,True,False,0.0,0.0,0.0,0.0,0.1,0.0,0.0,1.0,0.0,0.0,35.4,Medium,sadams@example.net,Nigeria,2024-06-01 19:37:53,rejected,False,212,514.21,2469.57
USR00974,0,0,0,True,pending,False,False,0.0,0.0,0.0,0.0,0.5,0.0,0.0,0.0,0.0,0.0,7.0,Low,jacquelineandrews@example.org,India,2024-09-08 07:28:17,pending,True,113,1542.6,521.36
USR00975,0,0,0,True,rejected,False,False,0.0,0.0,0.0,0.0,0.0,0.0,1.0,2.0,0.0,0.0,20.0,Low,whardin@example.com,India,2024-01-20 08:00:39,rejected,True,345,1240.85,0.0
USR00976,0,0,0,True,verified,True,False,0.0,0.0,0.0,0.0,0.4,0.0,0.0,0.0,0.0,0.0,1.6,Low,kaiserstephen@example.net,Germany,2024-02-15 13:47:10,verified,True,319,2206.3,275.13
USR00977,0,0,0,True,verified,False,False,0.0,0.0,0.0,0.0,0.14285714285714285,1.0,0.0,0.0,0.0,0.0,15.571428571428571,Low,wendy26@example.org,UK,2024-11-30 17:49:57,verified,True,30,2283.36,39.56
USR00978,0,0,0,True,verified,False,False,1.0,0.16666666666666666,0.0,0.16666666666666666,0.16666666666666666,0.0,0.0,0.0,0.0,0.0,2.833333333333333,Low,cbailey@example.org,UK,2024-03-24 17:13:34,verified,True,281,0.0,524.37
USR00979,0,0,1,True,verified,True,False,0.0,0.0,0.0,0.0,0.0,0.0,0.0,0.0,0.0,0.0,10.0,Low,theresa07@example.org,USA,2024-04-22 16:47:39,verified,True,252,0.0,103.66
USR00980,1,0,1,True,verified,True,False,0.0,0.0,0.0,0.0,0.3333333333333333,0.0,0.0,1.0,0.0,0.0,26.333333333333332,Medium,ctorres@example.org,India,2024-02-03 07:08:32,verified,True,331,1381.42,0.0
USR00981,0,0,1,True,rejected,True,False,0.0,0.0,0.0,0.0,0.14285714285714285,0.0,0.0,0.0,0.0,0.0,22.571428571428573,Medium,josephparsons@example.net,India,2024-08-19 22:16:10,rejected,True,133,337.08,587.41
USR00982,0,0,0,True,verified,False,False,0.0,0.0,0.0,0.0,0.2,0.0,1.0,2.0,0.0,0.0,8.8,Low,nelsonjohn@example.net,USA,2024-08-23 11:49:10,verified,True,129,775.82,939.57
USR00983,0,0,1,False,verified,False,False,13.0,1.4705882352941178,11.0,0.11764705882352941,0.0,10.0,0.0,1.0,0.0,0.0,60.35294117647059,High,ugarcia@example.org,UK,2024-08-28 15:37:48,verified,False,124,622.16,1153.4
USR00984,0,0,1,True,verified,True,False,0.0,0.0,0.0,0.0,0.2857142857142857,0.0,0.0,1.0,0.0,0.0,11.142857142857142,Low,dpaul@example.net,Brazil,2024-03-10 15:52:13,verified,True,295,79.53,0.0
USR00985,0,0,0,True,rejected,False,False,1.0,0.375,1.0,0.125,0.125,0.0,0.0,0.0,0.0,0.0,19.125,Low,kiddgregory@example.com,India,2024-07-24 23:54:29,rejected,True,159,1075.6,967.34
USR00986,0,0,0,True,pending,False,False,0.0,0.0,0.0,0.0,0.3333333333333333,0.0,0.0,0.0,0.0,0.0,6.333333333333333,Low,karenhogan@example.com,India,2024-04-19 03:06:57,pending,True,255,4467.64,561.12
USR00987,0,0,0,True,rejected,False,False,1.0,0.25,0.0,0.25,0.0,0.0,0.0,0.0,0.0,0.0,15.25,Low,johnny24@example.org,India,2024-04-12 10:24:07,rejected,True,262,1950.61,317.39
USR00988,0,0,0,True,verified,False,False,0.0,0.0,0.0,0.0,0.0,0.0,0.0,0.0,0.0,0.0,0.0,Low,amy33@example.org,Germany,2024-08-03 19:15:49,verified,True,149,516.73,0.0
USR00989,0,0,0,False,verified,False,False,1.0,1.0,1.0,0.3333333333333333,0.0,0.0,0.0,1.0,0.0,0.0,20.666666666666668,Medium,ueaton@example.org,USA,2024-01-14 22:15:37,verified,False,351,55.62,0.0
USR00990,0,0,0,True,pending,False,False,0.0,0.2,1.0,0.0,0.0,0.0,0.0,1.0,0.0,0.0,9.6,Low,whiteamy@example.com,USA,2024-06-20 11:15:42,pending,True,193,339.91,548.51
USR00991,0,0,0,True,pending,False,False,1.0,0.25,0.0,0.25,0.25,0.0,0.0,0.0,0.0,0.0,9.25,Low,ellen29@example.net,India,2024-02-18 00:32:27,pending,True,316,4150.39,0.0
USR00992,0,0,0,True,verified,False,False,0.0,0.0,0.0,0.0,0.5,0.0,0.0,0.0,0.0,0.0,2.0,Low,huertabrittany@example.org,USA,2024-08-06 17:50:46,verified,True,146,173.54,157.38
USR00993,0,0,0,True,verified,False,False,0.0,0.0,0.0,0.0,0.0,0.0,0.0,0.0,0.0,0.0,0.0,Low,alimackenzie@example.net,USA,2024-06-10 17:18:22,verified,True,203,211.19,444.68
USR00994,0,0,0,True,verified,False,False,0.0,0.0,0.0,0.0,0.0,0.0,1.0,2.0,0.0,0.0,8.0,Low,michelle95@example.net,Brazil,2024-09-21 08:01:08,verified,True,100,161.71,1311.99
USR00995,0,0,0,True,verified,False,False,0.0,0.16666666666666666,0.0,0.0,0.0,0.0,0.0,0.0,0.0,0.0,1.3333333333333333,Low,iespinoza@example.org,USA,2024-06-27 17:41:02,verified,True,186,1926.5,2145.59
USR00996,0,0,0,True,rejected,False,False,1.0,0.2857142857142857,1.0,0.14285714285714285,0.2857142857142857,0.0,0.0,0.0,0.0,0.0,19.142857142857142,Low,yjohnson@example.net,India,2024-01-18 00:41:01,rejected,True,347,1515.05,112.35
USR00997,0,0,0,True,pending,False,False,0.0,0.0,0.0,0.0,0.0,0.0,1.0,2.0,0.0,0.0,13.0,Low,tjackson@example.net,Germany,2024-08-09 00:56:28,pending,True,143,0.0,105.0
USR00998,0,0,0,False,pending,False,False,0.0,0.0,0.0,0.0,0.3333333333333333,0.0,1.0,2.0,0.0,0.0,22.333333333333336,Medium,smithjessica@example.org,India,2024-07-31 11:51:56,pending,False,152,153.66,0.0
USR00999,0,0,0,True,pending,True,False,0.0,0.0,0.0,0.0,0.0,0.0,0.0,0.0,0.0,0.0,5.0,Low,jacob49@example.org,India,2024-02-04 15:17:43,pending,True,330,0.0,110.79
USR01000,0,0,0,True,pending,False,False,1.0,0.4,1.0,0.2,0.4,0.0,0.0,2.0,0.0,0.0,13.799999999999999,Low,jonesjody@example.net,UK,2024-10-12 18:59:06,pending,True,79,0.0,394.95
USR01001,0,0,0,True,verified,False,False,1.0,1.0,1.0,0.25,0.0,0.0,0.0,0.0,0.0,0.0,12.25,Low,dedwards@example.org,India,2024-07-18 02:16:27,verified,True,165,10000.0,0.0
USR01002,0,0,0,True,verified,False,False,0.0,0.0,0.0,0.0,0.0,0.0,1.0,2.0,0.0,0.0,8.0,Low,jenniferlewis@example.org,USA,2024-06-13 02:19:27,verified,True,200,0.0,0.0
USR01003,0,0,0,True,verified,False,False,0.0,0.0,0.0,0.0,0.0,0.0,0.0,0.0,0.0,0.0,0.0,Low,ronald30@example.com,UK,2024-06-29 00:21:53,verified,True,184,224.98,0.0
USR01004,0,0,0,True,verified,False,False,0.0,0.0,0.0,0.0,0.0,0.0,0.0,2.0,0.0,0.0,0.0,Low,roblesgarrett@example.org,Brazil,2024-02-02 14:39:29,verified,True,332,428.51,1433.29
USR01005,0,0,0,True,verified,False,False,0.0,0.0,0.0,0.0,0.14285714285714285,0.0,0.0,0.0,0.0,1.0,3.571428571428571,Low,larrymcfarland@example.com,India,2024-04-26 16:00:41,verified,True,248,88.75,121.12
USR01006,0,0,0,True,verified,False,False,0.0,0.0,0.0,0.0,0.16666666666666666,0.0,0.0,0.0,0.0,0.0,0.6666666666666666,Low,dianajohns@example.net,USA,2024-02-11 19:12:16,verified,True,323,374.27,0.0
USR01007,0,0,0,True,verified,False,False,0.0,0.0,0.0,0.0,0.6666666666666666,0.0,0.0,0.0,0.0,0.0,2.6666666666666665,Low,laura91@example.org,India,2024-08-15 09:53:17,verified,True,137,387.19,122.13
USR01008,0,0,0,True,pending,False,False,0.0,0.0,0.0,0.0,0.0,0.0,0.0,1.0,0.0,0.0,5.0,Low,chelsea79@example.com,UK,2024-06-01 14:37:40,pending,True,212,1972.52,438.88
USR01009,0,0,0,True,verified,False,False,0.0,0.0,0.0,0.0,0.25,0.0,0.0,0.0,0.0,0.0,1.0,Low,turnerkim@example.net,Russia,2024-06-23 17:49:06,verified,True,190,2352.88,0.0
USR01010,0,0,0,True,verified,False,False,0.0,0.0,0.0,0.0,0.0,0.0,0.0,0.0,0.0,0.0,0.0,Low,nsmith@example.org,UK,2024-10-17 02:49:04,verified,True,74,780.9,0.0
USR01011,0,0,0,False,verified,False,False,0.0,0.0,0.0,0.0,0.16666666666666666,0.0,0.0,0.0,0.0,0.0,8.666666666666666,Low,jperez@example.net,UK,2024-01-06 04:00:28,verified,False,359,1149.56,129.71
USR01012,0,0,0,False,verified,False,False,0.0,0.0,0.0,0.0,0.4,0.0,0.0,0.0,0.0,0.0,9.6,Low,joshuasimmons@example.org,USA,2024-07-08 00:34:56,verified,False,175,186.67,242.46
USR01013,0,0,0,True,rejected,False,False,0.0,0.0,0.0,0.0,0.5,0.0,0.0,1.0,0.0,0.0,14.0,Low,mfleming@example.com,India,2024-11-08 11:47:42,rejected,True,52,0.0,204.64
USR01014,0,0,0,True,verified,True,False,0.0,0.0,0.0,0.0,0.2,0.0,0.0,2.0,0.0,0.0,0.8,Low,jamie44@example.org,India,2024-11-29 14:34:20,verified,True,31,181.26,3745.22
USR01015,0,0,0,True,verified,False,False,1.0,0.16666666666666666,0.0,0.16666666666666666,0.16666666666666666,0.0,0.0,0.0,0.0,0.0,2.833333333333333,Low,james81@example.com,Brazil,2024-07-03 01:53:54,verified,True,180,507.52,4752.21
USR01016,0,0,0,True,verified,False,False,1.0,0.4,1.0,0.2,0.0,0.0,0.0,0.0,0.0,0.0,7.2,Low,jefferygonzalez@example.org,India,2024-01-08 14:56:38,verified,True,357,111.41,1811.77
USR01017,0,0,0,True,verified,False,False,1.0,0.125,0.0,0.125,0.125,0.0,0.0,0.0,0.0,0.0,2.125,Low,bschultz@example.com,USA,2024-01-04 01:23:37,verified,True,361,3509.47,474.5
USR01018,0,0,0,True,verified,False,False,0.0,0.0,0.0,0.0,0.0,0.0,0.0,1.0,1.0,0.0,4.0,Low,wiseemily@example.net,USA,2024-10-10 22:08:45,verified,True,81,0.0,0.0
USR01019,0,0,0,True,verified,False,False,0.0,0.0,0.0,0.0,0.3333333333333333,0.0,0.0,0.0,0.0,0.0,1.3333333333333333,Low,cmartin@example.org,India,2024-09-20 13:38:36,verified,True,101,0.0,53.42
USR01020,0,0,0,True,rejected,False,False,1.0,0.125,0.0,0.125,0.125,0.0,0.0,2.0,0.0,0.0,14.125,Low,ilee@example.org,USA,2024-08-02 20:43:00,rejected,True,150,6723.78,0.0
USR01021,0,0,0,True,verified,False,False,1.0,0.6666666666666666,1.0,0.16666666666666666,0.16666666666666666,0.0,0.0,1.0,0.0,0.0,9.833333333333332,Low,opugh@example.com,India,2024-05-14 16:04:32,verified,True,230,10198.06,0.0
USR01022,0,0,0,True,verified,False,False,1.0,0.125,0.0,0.125,0.375,0.0,0.0,1.0,0.0,0.0,3.125,Low,clarkjasmine@example.net,India,2024-07-16 03:30:35,verified,True,167,1756.57,122.94
USR01023,0,0,0,False,verified,False,False,0.0,0.0,0.0,0.0,0.5,0.0,0.0,0.0,0.0,0.0,10.0,Low,pettysusan@example.com,India,2024-02-20 22:29:11,verified,False,314,0.0,0.0
USR01024,0,0,0,True,pending,False,False,0.0,0.0,0.0,0.0,0.2,0.0,0.0,1.0,0.0,0.0,5.8,Low,xjones@example.net,Nigeria,2024-05-19 21:49:30,pending,True,225,2715.7,0.0
USR01025,0,0,0,True,rejected,False,False,0.0,0.0,0.0,0.0,0.0,0.0,0.0,1.0,0.0,0.0,12.0,Low,christopherhill@example.com,India,2024-09-16 01:25:00,rejected,True,105,221.58,0.0
USR01026,0,0,0,False,verified,False,False,0.0,0.0,0.0,0.0,0.2,0.0,0.0,0.0,0.0,0.0,8.8,Low,smithchristopher@example.net,India,2024-07-10 17:51:04,verified,False,173,713.4,391.57
USR01027,0,0,0,True,verified,False,False,1.0,0.5,1.0,0.16666666666666666,0.5,0.0,0.0,1.0,0.0,0.0,9.833333333333332,Low,john51@example.org,USA,2024-03-02 14:18:36,verified,True,303,30545.97,0.0
USR01028,0,0,0,True,verified,False,False,0.0,0.0,0.0,0.0,0.0,0.0,0.0,0.0,0.0,0.0,0.0,Low,anthonygallagher@example.com,India,2024-03-29 00:54:22,verified,True,276,0.0,100.63
USR01029,0,0,0,True,pending,False,False,2.0,0.4,1.0,0.2,0.0,0.0,0.0,0.0,0.0,0.0,12.2,Low,wlin@example.com,UK,2024-08-04 07:49:28,pending,True,148,803.75,644.79
USR01030,0,0,0,True,verified,False,False,1.0,0.1111111111111111,0.0,0.1111111111111111,0.2222222222222222,0.0,0.0,0.0,0.0,0.0,2.333333333333333,Low,aimeephillips@example.com,Germany,2024-06-19 00:50:26,verified,True,194,215.16,1859.36
USR01031,0,0,0,True,pending,False,False,1.0,0.5,0.0,0.5,0.0,0.0,1.0,2.0,0.0,0.0,19.5,Low,angelamiller@example.org,India,2024-11-29 08:45:01,pending,True,31,0.0,367.3
USR01032,0,0,0,True,verified,False,False,0.0,0.0,0.0,0.0,0.16666666666666666,1.0,0.0,0.0,0.0,0.0,15.666666666666666,Low,jessica12@example.com,USA,2024-05-20 10:42:52,verified,True,224,281.55,1610.32
USR01033,0,0,0,False,pending,False,False,0.0,0.0,0.0,0.0,0.0,0.0,1.0,2.0,0.0,0.0,21.0,Medium,turnerderrick@example.com,India,2024-09-08 07:20:37,pending,False,113,0.0,0.0
USR01034,0,0,0,True,verified,False,False,1.0,0.375,1.0,0.125,0.125,0.0,0.0,0.0,0.0,0.0,7.125,Low,thomasvasquez@example.com,India,2024-01-03 13:24:02,verified,True,362,1189.3,170.69
USR01035,0,0,0,True,pending,False,False,0.0,0.0,0.0,0.0,0.0,0.0,0.0,1.0,0.0,0.0,5.0,Low,morrissarah@example.net,India,2024-10-20 03:40:02,pending,True,71,67.16,883.79
USR01036,0,0,0,False,pending,False,False,0.0,0.0,0.0,0.0,0.0,0.0,0.0,1.0,0.0,0.0,13.0,Low,timothy29@example.org,USA,2024-02-23 14:12:01,pending,False,311,1453.05,0.0
USR01037,0,0,0,True,verified,False,False,0.0,0.0,0.0,0.0,0.4,0.0,0.0,0.0,0.0,0.0,1.6,Low,simpsonamanda@example.org,Germany,2024-05-20 11:58:53,verified,True,224,184.04,0.0
USR01038,0,0,0,True,verified,False,False,0.0,0.0,0.0,0.0,0.5,0.0,0.0,0.0,0.0,0.0,2.0,Low,jacobperez@example.net,India,2024-05-11 09:13:06,verified,True,233,118.86,686.47
USR01039,1,0,0,True,pending,True,False,0.0,0.0,0.0,0.0,0.0,0.0,0.0,0.0,0.0,0.0,20.0,Low,diane66@example.net,Russia,2024-09-06 02:53:39,pending,True,115,2773.46,1862.57
USR01040,0,0,0,True,verified,False,False,1.0,0.5,1.0,0.16666666666666666,0.16666666666666666,0.0,0.0,0.0,0.0,0.0,8.5,Low,hlee@example.org,UK,2024-04-24 20:21:05,verified,True,250,60.26,1838.53
USR01041,0,0,0,True,pending,True,False,1.0,0.16666666666666666,0.0,0.16666666666666666,0.3333333333333333,0.0,0.0,2.0,0.0,0.0,8.5,Low,hharmon@example.org,USA,2024-05-13 15:46:44,pending,True,231,4999.24,196.4
USR01042,0,0,0,True,verified,False,False,1.0,0.2,0.0,0.2,0.2,0.0,0.0,0.0,0.0,0.0,3.4000000000000004,Low,tsimpson@example.org,UK,2024-08-30 11:27:14,verified,True,122,2285.54,1546.03
USR01043,0,0,0,True,pending,False,False,0.0,0.0,0.0,0.0,0.25,0.0,0.0,1.0,0.0,0.0,6.0,Low,sharonreed@example.org,USA,2024-03-17 14:55:46,pending,True,288,164.84,0.0
USR01044,0,0,0,True,pending,False,False,0.0,0.0,0.0,0.0,0.0,0.0,0.0,0.0,0.0,0.0,5.0,Low,josesantos@example.net,India,2024-07-21 03:07:45,pending,True,162,270.81,118.54
USR01045,0,1,0,True,verified,True,False,0.0,0.0,0.0,0.0,0.0,0.0,1.0,2.0,0.0,0.0,23.0,Medium,bryantmargaret@example.net,USA,2024-03-03 03:33:46,verified,True,302,0.0,1588.44
USR01046,0,0,0,True,verified,False,False,0.0,0.0,0.0,0.0,0.0,0.0,0.0,0.0,0.0,0.0,0.0,Low,milesdaniel@example.org,USA,2024-10-11 06:36:20,verified,True,80,0.0,515.75
USR01047,0,0,0,True,pending,False,False,0.0,0.0,0.0,0.0,0.25,0.0,0.0,1.0,0.0,0.0,6.0,Low,amyjackson@example.com,India,2024-02-18 10:45:08,pending,True,316,579.3,0.0
USR01048,0,0,0,True,verified,False,False,0.0,0.0,0.0,0.0,0.4,0.0,0.0,0.0,0.0,0.0,1.6,Low,tiffanyryan@example.org,USA,2024-08-13 20:50:50,verified,True,139,2608.43,539.03
USR01049,0,1,0,True,pending,False,False,0.0,0.0,0.0,0.0,0.14285714285714285,0.0,0.0,0.0,0.0,0.0,20.571428571428573,Medium,philipking@example.org,USA,2024-04-20 12:03:46,pending,True,254,644.02,1903.66
USR01050,0,0,0,True,pending,False,False,0.0,0.2,1.0,0.0,0.2,0.0,0.0,0.0,0.0,0.0,10.4,Low,dturner@example.com,Germany,2024-02-10 20:47:09,pending,True,324,932.36,241.65
USR01051,0,0,0,True,verified,False,False,1.0,0.4,1.0,0.2,0.2,0.0,0.0,1.0,0.0,0.0,8.0,Low,bensonalisha@example.org,USA,2024-11-17 17:35:54,verified,True,43,232.03,0.0
USR01052,0,0,0,True,verified,False,False,1.0,0.125,0.0,0.125,0.125,0.0,0.0,1.0,0.0,0.0,2.125,Low,zboyle@example.net,USA,2024-09-19 20:26:32,verified,True,102,4180.43,517.95
USR01053,0,0,0,True,verified,False,False,0.0,0.0,0.0,0.0,0.6666666666666666,0.0,0.0,0.0,0.0,0.0,2.6666666666666665,Low,hubersharon@example.org,Brazil,2024-06-13 10:34:51,verified,True,200,1129.63,143.25
USR01054,0,0,0,False,verified,False,False,1.0,0.16666666666666666,0.0,0.16666666666666666,0.16666666666666666,0.0,0.0,0.0,0.0,0.0,10.833333333333334,Low,caitlyn27@example.org,India,2024-07-15 10:15:58,verified,False,168,268.84,690.67
USR01055,0,0,0,False,verified,False,True,0.0,0.0,0.0,0.0,0.0,0.0,0.0,0.0,0.0,0.0,8.0,Low,mcdonaldmarc@example.com,India,2024-03-23 13:58:19,verified,False,282,168.63,2611.59
USR01056,0,0,0,True,verified,False,False,1.0,0.6,1.0,0.2,0.0,0.0,0.0,0.0,0.0,0.0,8.8,Low,reginald27@example.com,USA,2024-11-27 00:10:39,verified,True,33,432.07,0.0
USR01057,0,0,0,True,verified,False,False,1.0,0.5,1.0,0.25,0.5,0.0,0.0,0.0,0.0,0.0,10.25,Low,sanderson@example.org,Germany,2024-05-25 10:13:04,verified,True,219,0.0,0.0
USR01058,0,0,0,True,verified,False,False,0.0,0.0,0.0,0.0,0.16666666666666666,0.0,0.0,0.0,0.0,0.0,0.6666666666666666,Low,aliciajones@example.com,Germany,2024-04-28 12:20:03,verified,True,246,572.47,4523.83
USR01059,0,0,0,True,verified,False,False,0.0,0.0,0.0,0.0,0.25,0.0,0.0,0.0,0.0,0.0,1.0,Low,raymondallen@example.com,USA,2024-01-18 08:28:15,verified,True,347,862.33,946.63
USR01060,0,0,0,True,verified,False,False,1.0,1.0,1.0,0.25,0.0,0.0,0.0,1.0,0.0,0.0,12.25,Low,vegasamantha@example.net,India,2024-10-06 15:11:54,verified,True,85,0.0,95.7
USR01061,0,0,1,True,verified,False,False,0.0,0.0,0.0,0.0,0.25,0.0,0.0,0.0,0.0,0.0,11.0,Low,calebterrell@example.org,Germany,2024-02-27 20:37:06,verified,True,307,832.38,574.54
USR01062,0,0,0,True,verified,False,True,0.0,0.0,0.0,0.0,0.0,0.0,0.0,0.0,0.0,0.0,0.0,Low,xgonzalez@example.net,UK,2024-06-02 13:22:06,verified,True,211,1275.02,148.99
USR01063,0,0,0,True,verified,False,False,0.0,0.0,0.0,0.0,0.0,0.0,0.0,0.0,0.0,0.0,0.0,Low,michael36@example.net,Germany,2024-03-05 07:38:29,verified,True,300,148.67,467.79
USR01064,0,0,0,False,verified,False,False,0.0,0.0,0.0,0.0,0.25,0.0,1.0,2.0,0.0,0.0,17.0,Low,victoria73@example.com,USA,2024-08-05 05:32:46,verified,False,147,106.62,290.14
USR01065,0,0,0,True,verified,False,False,0.0,0.0,0.0,0.0,0.0,0.0,0.0,0.0,0.0,0.0,0.0,Low,floydjohnny@example.net,India,2024-10-18 11:42:46,verified,True,73,185.1,59.35
USR01066,0,0,0,True,verified,False,False,0.0,0.0,0.0,0.0,0.0,0.0,0.0,0.0,0.0,1.0,3.0,Low,abigailstone@example.com,Nigeria,2024-11-01 13:06:25,verified,True,59,2995.04,0.0
USR01067,0,0,0,True,verified,False,True,0.0,0.25,0.0,0.0,0.0,0.0,0.0,0.0,0.0,0.0,2.0,Low,wsimmons@example.net,Nigeria,2024-05-04 10:38:05,verified,True,240,4512.5,0.0
USR01068,0,0,0,True,verified,False,False,0.0,0.0,0.0,0.0,0.0,0.0,1.0,2.0,0.0,0.0,8.0,Low,guerreromarc@example.com,India,2024-11-29 20:30:14,verified,True,31,399.28,386.72
USR01069,0,0,0,True,verified,False,False,0.0,0.14285714285714285,1.0,0.0,0.14285714285714285,0.0,0.0,0.0,0.0,0.0,4.7142857142857135,Low,amy75@example.org,India,2024-03-11 22:35:52,verified,True,294,542.08,0.0
USR01070,0,0,0,True,pending,False,False,0.0,0.0,0.0,0.0,0.0,0.0,0.0,0.0,0.0,0.0,5.0,Low,wernermelissa@example.com,India,2024-05-06 07:55:44,pending,True,238,1496.61,218.75
USR01071,0,0,0,True,verified,False,False,0.0,0.0,0.0,0.0,0.0,0.0,1.0,2.0,0.0,0.0,8.0,Low,charlesdavis@example.com,India,2024-04-10 04:07:18,verified,True,264,26.05,0.0
USR01072,0,0,0,True,verified,False,False,0.0,0.0,0.0,0.0,0.2,0.0,1.0,2.0,0.0,0.0,8.8,Low,stevensonmelissa@example.net,Brazil,2024-07-10 10:54:05,verified,True,173,1116.46,70.17
USR01073,0,0,0,True,rejected,False,False,0.0,0.0,0.0,0.0,0.0,0.0,0.0,0.0,0.0,0.0,12.0,Low,erik14@example.org,India,2024-01-26 10:06:53,rejected,True,339,0.0,0.0
USR01074,0,0,0,True,verified,False,False,0.0,0.0,0.0,0.0,0.0,0.0,0.0,1.0,0.0,0.0,0.0,Low,ebony82@example.org,UK,2024-09-19 04:21:50,verified,True,102,0.0,0.0
USR01075,0,1,0,False,pending,True,False,0.0,0.0,0.0,0.0,0.0,0.0,0.0,0.0,0.0,0.0,28.0,Medium,omanning@example.org,Russia,2024-11-24 15:52:52,pending,False,36,356.43,0.0
USR01076,0,0,0,True,rejected,False,False,0.0,0.0,0.0,0.0,0.0,0.0,0.0,0.0,0.0,0.0,12.0,Low,tramos@example.net,USA,2024-07-27 18:11:42,rejected,True,156,0.0,521.68
USR01077,0,0,0,True,verified,False,False,0.0,0.0,0.0,0.0,0.3333333333333333,0.0,0.0,0.0,0.0,0.0,1.3333333333333333,Low,patrickwise@example.com,India,2024-08-29 01:37:19,verified,True,123,1227.62,940.91
USR01078,0,0,0,True,verified,False,False,0.0,0.0,0.0,0.0,0.0,0.0,1.0,2.0,0.0,0.0,8.0,Low,clarkamanda@example.net,Nigeria,2024-11-22 00:35:33,verified,True,38,488.59,254.33
USR01079,0,0,0,True,verified,False,False,0.0,0.1111111111111111,0.0,0.0,0.0,0.0,0.0,0.0,0.0,0.0,0.8888888888888888,Low,john60@example.com,India,2024-03-03 16:30:32,verified,True,302,0.0,842.06
USR01080,0,0,0,True,pending,False,False,0.0,0.0,0.0,0.0,0.0,0.0,0.0,0.0,0.0,0.0,5.0,Low,alexisbrown@example.net,India,2024-08-04 02:45:39,pending,True,148,266.75,0.0
USR01081,0,0,0,True,verified,False,False,1.0,0.25,0.0,0.25,0.25,0.0,0.0,1.0,0.0,0.0,4.25,Low,hernandeznichole@example.net,UK,2024-05-13 01:35:31,verified,True,231,228.25,1887.53
USR01082,0,0,0,True,verified,False,False,0.0,0.0,0.0,0.0,0.0,0.0,0.0,0.0,0.0,0.0,0.0,Low,charlescross@example.net,India,2024-03-22 19:09:25,verified,True,283,702.18,463.32
USR01083,0,0,0,True,verified,True,True,0.0,0.0,0.0,0.0,0.2,0.0,0.0,0.0,0.0,0.0,0.8,Low,grivera@example.net,India,2024-07-04 01:34:18,verified,True,179,1672.75,354.97
USR01084,0,0,0,True,verified,False,False,0.0,0.0,0.0,0.0,0.0,0.0,0.0,0.0,0.0,0.0,0.0,Low,kwhite@example.net,Nigeria,2024-09-09 02:01:30,verified,True,112,80.71,118.02
USR01085,0,0,0,True,rejected,False,False,0.0,0.0,0.0,0.0,0.0,0.0,0.0,0.0,0.0,0.0,12.0,Low,nancy16@example.net,India,2024-11-11 15:40:13,rejected,True,49,0.0,66.49
USR01086,0,0,0,True,verified,False,False,0.0,0.0,0.0,0.0,0.0,0.0,0.0,0.0,0.0,0.0,0.0,Low,johnwebster@example.com,USA,2024-02-18 10:53:00,verified,True,316,0.0,530.16
USR01087,0,0,1,True,verified,True,False,0.0,0.0,0.0,0.0,0.0,0.0,0.0,0.0,0.0,0.0,10.0,Low,pfletcher@example.org,USA,2024-10-02 10:12:08,verified,True,89,148.5,0.0
USR01088,0,0,0,True,verified,False,True,1.0,0.125,0.0,0.125,0.125,0.0,0.0,0.0,0.0,0.0,2.125,Low,meadowssonya@example.org,USA,2024-07-10 18:37:49,verified,True,173,927.81,284.05
USR01089,0,0,0,True,verified,False,False,0.0,0.0,0.0,0.0,0.0,0.0,0.0,0.0,0.0,0.0,0.0,Low,jonathan53@example.com,India,2024-11-14 21:25:31,verified,True,46,82.89,681.82
USR01090,0,0,0,True,verified,False,False,0.0,0.0,0.0,0.0,0.0,0.0,0.0,0.0,0.0,0.0,0.0,Low,drakemichelle@example.org,USA,2024-10-13 22:15:11,verified,True,78,0.0,0.0
USR01091,0,0,0,True,pending,False,False,0.0,0.0,0.0,0.0,0.0,0.0,1.0,2.0,0.0,0.0,13.0,Low,kimberlybeard@example.com,Nigeria,2024-04-10 19:52:31,pending,True,264,0.0,0.0
USR01092,0,0,0,True,verified,False,False,0.0,0.0,0.0,0.0,0.2857142857142857,0.0,0.0,0.0,0.0,0.0,1.1428571428571428,Low,kaylarush@example.com,USA,2024-01-09 23:28:14,verified,True,356,690.35,1323.88
USR01093,0,0,1,True,rejected,False,False,0.0,0.0,0.0,0.0,0.25,0.0,0.0,0.0,0.0,0.0,23.0,Medium,gtorres@example.com,India,2024-06-14 20:59:43,rejected,True,199,0.0,279.82
USR01094,0,0,0,True,pending,False,False,1.0,0.5,1.0,0.25,0.0,0.0,0.0,0.0,0.0,0.0,13.25,Low,samanthawhitaker@example.com,USA,2024-04-16 10:11:48,pending,True,258,1008.72,765.48
USR01095,0,0,0,True,verified,False,False,0.0,0.0,0.0,0.0,0.0,0.0,0.0,0.0,0.0,0.0,0.0,Low,jimmyayala@example.net,USA,2024-01-19 05:44:32,verified,True,346,389.27,0.0
USR01096,0,0,0,False,rejected,False,False,0.0,0.0,0.0,0.0,0.2,0.0,0.0,0.0,0.0,0.0,20.8,Medium,kevin93@example.net,India,2024-08-10 01:44:42,rejected,False,142,229.58,533.19
USR01097,0,0,0,True,pending,False,False,0.0,0.0,0.0,0.0,0.0,0.0,0.0,1.0,0.0,0.0,5.0,Low,melissa29@example.org,USA,2024-03-17 11:01:29,pending,True,288,247.22,213.24
USR01098,0,0,0,True,rejected,False,False,0.0,0.0,0.0,0.0,0.0,0.0,0.0,2.0,0.0,0.0,12.0,Low,ojohnson@example.net,Nigeria,2024-08-18 02:47:13,rejected,True,134,0.0,0.0
USR01099,0,0,0,True,verified,False,False,0.0,0.0,0.0,0.0,0.2,0.0,0.0,0.0,0.0,0.0,0.8,Low,morgandebra@example.com,Germany,2024-11-19 07:37:32,verified,True,41,0.0,3212.61
USR01100,0,0,0,False,verified,False,False,0.0,0.0,0.0,0.0,0.0,0.0,0.0,0.0,0.0,0.0,8.0,Low,amandabrown@example.com,India,2024-10-23 17:54:53,verified,False,68,0.0,23.05
USR01101,0,0,0,True,verified,False,False,0.0,0.0,0.0,0.0,0.2857142857142857,0.0,1.0,2.0,0.0,0.0,9.142857142857142,Low,diazyolanda@example.net,India,2024-11-25 05:03:48,verified,True,35,1647.09,1411.14
USR01102,0,0,0,True,verified,False,False,9.0,1.3333333333333333,8.0,0.0,0.0,8.0,1.0,2.0,0.0,0.0,48.666666666666664,High,kellytorres@example.net,USA,2024-06-16 17:01:52,verified,True,197,2120.29,0.0
USR01103,0,0,0,True,verified,False,False,0.0,0.0,0.0,0.0,0.25,0.0,0.0,0.0,0.0,0.0,1.0,Low,kelleypamela@example.net,Germany,2024-10-19 00:48:23,verified,True,72,820.36,527.77
USR01104,0,0,0,True,verified,False,False,0.0,0.0,0.0,0.0,0.42857142857142855,0.0,0.0,0.0,0.0,0.0,1.7142857142857142,Low,floresstephen@example.com,India,2024-06-15 06:14:04,verified,True,198,779.85,0.0
USR01105,0,0,0,True,pending,False,False,0.0,0.5,0.0,0.0,0.0,0.0,0.0,0.0,0.0,0.0,9.0,Low,qcarlson@example.com,India,2024-05-07 10:59:12,pending,True,237,1235.17,0.0
USR01106,0,0,0,True,verified,False,False,2.0,0.2857142857142857,0.0,0.2857142857142857,0.0,0.0,0.0,1.0,0.0,0.0,3.714285714285714,Low,youngjames@example.org,India,2024-08-10 14:43:27,verified,True,142,0.0,3480.72
USR01107,0,0,0,False,pending,False,False,1.0,0.5,0.0,0.25,0.0,0.0,0.0,0.0,0.0,0.0,18.25,Low,ramirezdiane@example.net,India,2024-02-23 11:12:09,pending,False,311,2650.95,1416.87
USR01108,0,0,0,True,verified,False,False,1.0,0.2857142857142857,1.0,0.14285714285714285,0.14285714285714285,0.0,1.0,2.0,0.0,0.0,14.571428571428571,Low,guzmanbenjamin@example.net,India,2024-04-30 20:29:04,verified,True,244,198.47,691.51
USR01109,0,0,0,True,verified,False,False,0.0,0.0,0.0,0.0,0.0,0.0,0.0,0.0,0.0,0.0,0.0,Low,hendersondorothy@example.net,India,2024-01-04 03:19:41,verified,True,361,2025.77,0.0
USR01110,1,0,0,True,verified,False,False,0.0,0.0,0.0,0.0,0.3333333333333333,0.0,0.0,0.0,0.0,0.0,16.333333333333332,Low,lynncampbell@example.com,India,2024-01-22 04:58:36,verified,True,343,1367.98,751.37
USR01111,0,0,0,False,verified,False,False,1.0,0.3333333333333333,1.0,0.16666666666666666,0.0,0.0,0.0,0.0,0.0,0.0,14.5,Low,melanieleonard@example.org,USA,2024-09-16 08:54:27,verified,False,105,260.47,198.87
USR01112,0,0,0,True,verified,False,False,0.0,0.0,0.0,0.0,0.5,0.0,0.0,0.0,0.0,0.0,2.0,Low,ellisduane@example.org,India,2024-05-10 08:34:56,verified,True,234,444.1,678.5
USR01113,0,0,0,True,verified,False,False,0.0,0.14285714285714285,0.0,0.0,0.2857142857142857,0.0,0.0,0.0,0.0,0.0,2.2857142857142856,Low,sholt@example.org,UK,2024-03-26 05:00:39,verified,True,279,2195.92,6765.72
USR01114,0,0,0,True,rejected,False,False,1.0,0.25,1.0,0.125,0.125,0.0,1.0,2.0,0.0,0.0,26.125,Medium,kingsamantha@example.org,UK,2024-10-25 09:31:34,rejected,True,66,2755.73,182.62
USR01115,0,0,0,True,pending,True,False,0.0,0.0,0.0,0.0,0.0,0.0,0.0,0.0,0.0,0.0,5.0,Low,wkhan@example.com,USA,2024-05-20 21:42:03,pending,True,224,1514.28,25.45
USR01116,0,0,0,True,verified,False,False,0.0,0.0,0.0,0.0,0.2857142857142857,0.0,1.0,2.0,0.0,0.0,9.142857142857142,Low,kathleen24@example.org,India,2024-01-18 01:13:21,verified,True,347,1102.38,262.93
USR01117,0,0,0,False,verified,False,False,1.0,0.6,1.0,0.2,0.4,0.0,0.0,1.0,0.0,0.0,18.400000000000002,Low,ericasimpson@example.net,India,2024-11-25 03:35:28,verified,False,35,852.41,12332.52
USR01118,0,0,0,True,verified,False,False,0.0,0.0,0.0,0.0,0.0,0.0,0.0,0.0,0.0,0.0,0.0,Low,lgreen@example.org,Nigeria,2024-09-20 02:18:49,verified,True,101,1011.72,0.0
USR01119,0,1,0,False,pending,True,False,0.0,0.0,0.0,0.0,0.0,0.0,0.0,1.0,0.0,0.0,28.0,Medium,mendozajason@example.com,Brazil,2024-05-23 13:18:02,pending,False,221,938.07,404.44
USR01120,0,0,0,True,verified,False,False,0.0,0.0,0.0,0.0,0.0,0.0,1.0,2.0,0.0,0.0,8.0,Low,wali@example.org,Brazil,2024-10-03 02:27:39,verified,True,88,2077.07,0.0
USR01121,0,0,0,True,verified,False,False,0.0,0.0,0.0,0.0,0.0,0.0,0.0,0.0,0.0,0.0,0.0,Low,hollygraham@example.org,USA,2024-05-25 08:18:44,verified,True,219,2863.43,124.2
USR01122,0,0,0,True,pending,False,False,0.0,0.125,0.0,0.0,0.0,0.0,0.0,0.0,0.0,0.0,6.0,Low,morganamanda@example.org,India,2024-11-27 19:54:55,pending,True,33,1788.72,921.54
USR01123,0,0,0,True,pending,False,False,0.0,0.0,0.0,0.0,0.25,0.0,0.0,0.0,0.0,0.0,6.0,Low,ricardo67@example.net,USA,2024-11-26 16:34:47,pending,True,34,528.66,3815.2
USR01124,0,0,0,True,verified,False,False,1.0,0.125,0.0,0.125,0.25,0.0,0.0,1.0,0.0,0.0,2.625,Low,zpaul@example.org,Germany,2024-08-26 19:09:25,verified,True,126,5441.27,1801.69
USR01125,0,0,0,False,verified,False,False,1.0,1.0,1.0,0.25,0.0,0.0,0.0,0.0,0.0,0.0,20.25,Medium,ashleyreed@example.org,USA,2024-06-29 07:17:04,verified,False,184,25171.24,0.0
USR01126,0,0,0,True,verified,False,False,2.0,0.4444444444444444,1.0,0.2222222222222222,0.0,0.0,0.0,0.0,0.0,0.0,7.666666666666666,Low,richardjason@example.net,USA,2024-08-13 17:03:09,verified,True,139,4195.39,0.0
USR01127,0,0,0,False,verified,False,False,2.0,0.5,1.0,0.3333333333333333,0.3333333333333333,0.0,1.0,2.0,0.0,0.0,26.0,Medium,mariadorsey@example.org,Nigeria,2024-04-01 00:37:21,verified,False,273,177.48,2850.58
USR01128,0,0,0,True,verified,False,False,1.0,0.25,0.0,0.25,0.25,0.0,0.0,0.0,0.0,0.0,4.25,Low,carla17@example.net,India,2024-08-01 19:30:58,verified,True,151,1406.6,1617.86
USR01129,0,0,0,True,verified,False,False,0.0,0.0,0.0,0.0,1.0,0.0,0.0,1.0,0.0,0.0,4.0,Low,downssheila@example.net,USA,2024-07-17 22:37:43,verified,True,166,117.52,0.0
USR01130,0,0,0,True,verified,True,False,0.0,0.0,0.0,0.0,0.0,0.0,0.0,0.0,0.0,0.0,0.0,Low,valeriebeck@example.com,India,2024-05-28 11:57:19,verified,True,216,670.06,90.17
USR01131,0,0,0,True,verified,False,False,0.0,0.0,0.0,0.0,0.5,0.0,0.0,0.0,0.0,0.0,2.0,Low,melissamyers@example.net,India,2024-01-31 08:29:41,verified,True,334,421.66,3781.9
USR01132,0,0,0,True,verified,False,False,0.0,0.0,0.0,0.0,0.2222222222222222,0.0,0.0,0.0,0.0,0.0,0.8888888888888888,Low,allenchase@example.com,UK,2024-03-17 08:52:35,verified,True,288,2924.61,1327.4
USR01133,0,0,0,False,verified,False,False,0.0,0.0,0.0,0.0,0.0,0.0,0.0,0.0,0.0,0.0,8.0,Low,bvang@example.com,Germany,2024-08-22 14:00:19,verified,False,130,26.03,0.0
USR01134,0,0,0,True,pending,False,False,0.0,0.0,0.0,0.0,0.0,0.0,0.0,0.0,0.0,0.0,5.0,Low,yhunter@example.com,Russia,2024-04-26 07:18:05,pending,True,248,1071.56,132.07
USR01135,0,0,0,True,verified,False,False,0.0,0.0,0.0,0.0,0.2857142857142857,0.0,0.0,0.0,0.0,0.0,1.1428571428571428,Low,yowens@example.net,Germany,2024-01-05 14:49:46,verified,True,360,425.63,1250.32
USR01136,0,0,0,True,pending,False,False,0.0,0.0,0.0,0.0,0.0,0.0,0.0,1.0,0.0,0.0,5.0,Low,delgadodarrell@example.com,USA,2024-10-17 22:27:49,pending,True,74,1554.39,0.0
USR01137,0,0,0,True,verified,False,False,0.0,0.0,0.0,0.0,0.0,0.0,1.0,2.0,0.0,0.0,8.0,Low,ballardstephanie@example.com,India,2024-05-12 07:10:38,verified,True,232,0.0,140.36
USR01138,0,0,0,True,pending,False,True,0.0,0.0,0.0,0.0,0.16666666666666666,0.0,0.0,0.0,0.0,0.0,5.666666666666667,Low,elawson@example.com,India,2024-06-23 18:02:32,pending,True,190,777.47,873.15
USR01139,0,0,0,True,verified,False,False,1.0,0.6,1.0,0.2,0.0,0.0,0.0,0.0,0.0,0.0,8.8,Low,christineortiz@example.net,India,2024-07-13 02:28:32,verified,True,170,1344.18,0.0
USR01140,0,0,0,True,verified,False,False,1.0,0.16666666666666666,0.0,0.16666666666666666,0.16666666666666666,0.0,1.0,2.0,0.0,0.0,10.833333333333332,Low,jonesdavid@example.com,USA,2024-10-29 09:28:57,verified,True,62,937.76,1321.06
USR01141,0,0,0,True,verified,False,False,0.0,0.0,0.0,0.0,0.3333333333333333,0.0,0.0,0.0,0.0,0.0,1.3333333333333333,Low,thomas02@example.net,Brazil,2024-05-08 06:09:28,verified,True,236,2736.99,0.0
USR01142,0,0,1,False,verified,True,False,0.0,0.0,0.0,0.0,0.2,1.0,0.0,1.0,0.0,0.0,33.8,Medium,samanthahoward@example.org,USA,2024-05-31 16:59:34,verified,False,213,1105.15,812.35
USR01143,0,0,0,True,verified,False,False,0.0,0.0,0.0,0.0,0.0,0.0,0.0,0.0,0.0,0.0,0.0,Low,shepherdkelly@example.org,USA,2024-04-28 07:30:05,verified,True,246,921.48,488.52
USR01144,0,0,0,True,verified,False,False,0.0,0.0,0.0,0.0,0.3333333333333333,0.0,0.0,0.0,0.0,0.0,1.3333333333333333,Low,wyattblanchard@example.net,India,2024-03-13 12:05:47,verified,True,292,1809.32,71.12
USR01145,0,0,0,True,verified,False,False,0.0,0.0,0.0,0.0,0.0,0.0,1.0,2.0,1.0,0.0,12.0,Low,madison51@example.net,India,2024-06-25 13:46:21,verified,True,188,983.64,1078.08
USR01146,0,0,0,False,verified,False,False,1.0,0.75,1.0,0.25,0.25,0.0,0.0,0.0,0.0,0.0,19.25,Low,garciacolleen@example.com,UK,2024-02-13 00:12:30,verified,False,321,13185.73,0.0
USR01147,0,1,0,True,verified,True,False,0.0,0.0,0.0,0.0,0.2222222222222222,0.0,1.0,2.0,0.0,0.0,23.88888888888889,Medium,rachelperez@example.com,UK,2024-03-20 21:02:55,verified,True,285,557.58,1305.0
USR01148,0,0,1,True,verified,False,False,0.0,0.0,0.0,0.0,0.125,0.0,0.0,0.0,0.0,1.0,13.5,Low,michael97@example.com,India,2024-03-19 19:50:38,verified,True,286,700.87,1380.06
USR01149,0,0,0,True,verified,False,False,1.0,0.2,0.0,0.2,0.0,0.0,0.0,0.0,0.0,0.0,2.6,Low,ylarsen@example.net,India,2024-06-04 01:09:27,verified,True,209,1391.41,739.4
USR01150,0,0,0,True,pending,False,False,0.0,0.0,0.0,0.0,0.0,0.0,0.0,0.0,0.0,0.0,5.0,Low,heatherbailey@example.org,Nigeria,2024-01-16 04:17:47,pending,True,349,148.19,295.81
USR01151,0,0,0,True,verified,False,False,0.0,0.0,0.0,0.0,0.0,0.0,0.0,1.0,0.0,0.0,0.0,Low,stevenhunt@example.com,Nigeria,2024-04-25 12:25:23,verified,True,249,0.0,0.0
USR01152,0,0,0,True,rejected,False,False,0.0,0.0,0.0,0.0,0.0,0.0,0.0,0.0,0.0,0.0,12.0,Low,smejia@example.net,India,2024-06-16 19:14:45,rejected,True,197,1127.7,0.0
USR01153,0,0,0,True,verified,False,False,2.0,0.42857142857142855,1.0,0.2857142857142857,0.14285714285714285,0.0,0.0,0.0,0.0,0.0,8.428571428571429,Low,shannonerika@example.com,Nigeria,2024-04-03 02:07:18,verified,True,271,0.0,502.16
USR01154,0,0,0,True,rejected,False,False,0.0,0.0,0.0,0.0,0.14285714285714285,0.0,0.0,1.0,0.0,0.0,12.571428571428571,Low,ncarrillo@example.com,USA,2024-10-09 03:49:21,rejected,True,82,126.08,998.21
USR01155,0,0,0,True,verified,False,False,1.0,0.5714285714285714,1.0,0.14285714285714285,0.0,0.0,0.0,0.0,0.0,0.0,8.285714285714285,Low,michelleallen@example.net,Germany,2024-01-30 17:20:42,verified,True,335,867.43,0.0
USR01156,0,0,0,True,pending,False,False,0.0,0.0,0.0,0.0,0.75,0.0,1.0,2.0,0.0,0.0,16.0,Low,julie01@example.org,UK,2024-01-18 08:01:47,pending,True,347,605.44,0.0
USR01157,0,0,0,True,verified,False,True,1.0,0.2857142857142857,1.0,0.14285714285714285,0.2857142857142857,0.0,0.0,0.0,0.0,0.0,7.142857142857142,Low,fishererica@example.com,India,2024-11-28 08:23:01,verified,True,32,840.78,38.42
USR01158,0,0,0,False,verified,False,False,0.0,0.25,1.0,0.0,0.125,0.0,0.0,0.0,0.0,0.0,13.5,Low,ehooper@example.net,USA,2024-06-29 07:04:55,verified,False,184,322.7,5423.53
USR01159,0,0,0,True,verified,False,False,0.0,0.0,0.0,0.0,0.0,0.0,0.0,0.0,0.0,0.0,0.0,Low,eatonrachel@example.com,Nigeria,2024-11-14 14:55:51,verified,True,46,25.34,836.04
USR01160,1,0,0,True,verified,False,False,0.0,0.0,0.0,0.0,0.2,0.0,0.0,1.0,0.0,0.0,15.8,Low,johnsonjoshua@example.org,Germany,2024-10-14 22:46:55,verified,True,77,215.73,1488.65
USR01161,0,0,0,True,verified,False,False,0.0,0.0,0.0,0.0,0.0,0.0,1.0,2.0,0.0,0.0,8.0,Low,jorgesmith@example.net,USA,2024-03-25 03:32:00,verified,True,280,292.78,881.71
USR01162,0,0,0,True,verified,False,False,0.0,0.0,0.0,0.0,0.25,0.0,1.0,2.0,0.0,0.0,9.0,Low,johnbradley@example.net,Nigeria,2024-07-22 01:32:35,verified,True,161,2997.06,0.0
USR01163,0,0,0,False,verified,False,False,0.0,0.0,0.0,0.0,0.4,0.0,0.0,1.0,0.0,0.0,9.6,Low,branchmark@example.org,India,2024-01-02 19:29:16,verified,False,363,457.92,1677.08
USR01164,0,0,0,True,verified,False,False,0.0,0.0,0.0,0.0,0.5,0.0,0.0,0.0,0.0,0.0,2.0,Low,robert57@example.com,India,2024-01-07 05:29:20,verified,True,358,365.05,74.59
USR01165,0,0,0,True,verified,False,False,0.0,0.0,0.0,0.0,0.14285714285714285,0.0,0.0,1.0,0.0,0.0,0.5714285714285714,Low,vburke@example.net,India,2024-02-07 12:24:25,verified,True,327,580.4,853.99
USR01166,0,0,0,True,verified,False,False,1.0,0.5,0.0,0.5,0.5,0.0,1.0,2.0,0.0,0.0,16.5,Low,perezjay@example.com,USA,2024-05-07 01:10:46,verified,True,237,0.0,1749.65
USR01167,0,0,0,True,verified,False,False,0.0,0.0,0.0,0.0,0.5,0.0,0.0,1.0,0.0,0.0,2.0,Low,marisalane@example.org,India,2024-03-31 06:12:03,verified,True,274,106.05,0.0
USR01168,0,0,0,True,pending,False,False,1.0,0.6666666666666666,1.0,0.16666666666666666,0.3333333333333333,0.0,0.0,0.0,2.0,0.0,23.5,Medium,sandraboyd@example.com,India,2024-06-27 04:06:05,pending,True,186,1132.17,25199.75
USR01169,0,0,1,True,rejected,True,False,0.0,0.0,0.0,0.0,0.1111111111111111,0.0,0.0,0.0,0.0,0.0,22.444444444444443,Medium,mitchellcharles@example.com,Russia,2024-06-08 15:42:00,rejected,True,205,361.22,162.09
USR01170,0,0,0,True,verified,False,False,0.0,0.0,0.0,0.0,0.3333333333333333,0.0,0.0,0.0,0.0,0.0,1.3333333333333333,Low,tpotter@example.com,India,2024-11-26 06:54:31,verified,True,34,2210.82,387.53
USR01171,0,0,0,True,pending,False,False,3.0,0.9,2.0,0.3,0.1,0.0,0.0,2.0,0.0,0.0,20.099999999999998,Medium,youngjose@example.com,USA,2024-10-26 14:01:43,pending,True,65,51940.41,957.8
USR01172,0,0,0,True,pending,False,True,0.0,0.0,0.0,0.0,0.0,0.0,0.0,0.0,0.0,0.0,5.0,Low,gwalker@example.net,Brazil,2024-07-06 05:46:51,pending,True,177,641.67,685.86
USR01173,0,0,0,False,verified,False,False,10.0,1.4615384615384615,10.0,0.0,0.0,9.0,0.0,1.0,0.0,0.0,49.69230769230769,High,andrew03@example.com,India,2024-07-14 12:12:53,verified,False,169,517.93,0.0
USR01174,0,0,0,True,verified,False,False,10.0,2.4166666666666665,10.0,0.8333333333333334,0.08333333333333333,9.0,0.0,0.0,0.0,0.0,53.83333333333333,High,jim81@example.net,India,2024-10-13 13:51:01,verified,True,78,105.76,0.0
USR01175,0,0,0,False,pending,False,True,1.0,0.3333333333333333,0.0,0.3333333333333333,0.3333333333333333,0.0,1.0,3.0,0.0,0.0,26.666666666666664,Medium,cruzjessica@example.com,Brazil,2024-05-25 22:13:28,pending,False,219,2218.32,72.84
USR01176,0,0,0,True,verified,False,False,0.0,0.0,0.0,0.0,0.16666666666666666,0.0,0.0,0.0,0.0,0.0,0.6666666666666666,Low,theresarodriguez@example.org,Germany,2024-05-07 15:36:41,verified,True,237,2057.33,173.18
USR01177,0,0,0,True,verified,False,True,1.0,0.375,1.0,0.125,0.0,0.0,1.0,8.0,0.0,0.0,14.625,Low,jacksonmary@example.com,Nigeria,2024-11-11 15:00:40,verified,True,49,47048.56,380.0
USR01178,0,0,0,False,verified,False,False,0.0,0.0,0.0,0.0,0.2,0.0,0.0,0.0,0.0,0.0,8.8,Low,christopherharrington@example.org,UK,2024-09-15 06:18:19,verified,False,106,554.26,0.0
USR01179,0,0,0,True,verified,False,True,0.0,0.0,0.0,0.0,0.375,0.0,1.0,5.0,0.0,0.0,9.5,Low,iluna@example.com,Nigeria,2024-03-12 06:46:04,verified,True,293,1240.47,987.3
USR01180,0,0,0,True,verified,False,False,0.0,0.0,0.0,0.0,0.1111111111111111,1.0,1.0,2.0,0.0,0.0,23.444444444444443,Medium,joshuapineda@example.com,India,2024-02-24 23:10:26,verified,True,310,0.0,3620.99
USR01181,0,0,0,True,verified,False,False,0.0,0.0,0.0,0.0,0.0,0.0,1.0,2.0,0.0,0.0,8.0,Low,wernerwilliam@example.org,India,2024-07-16 01:32:22,verified,True,167,718.01,1684.28
USR01182,0,0,0,False,verified,False,False,0.0,0.0,0.0,0.0,0.2,0.0,0.0,0.0,0.0,0.0,8.8,Low,juliejones@example.org,Russia,2024-04-06 16:33:47,verified,False,268,588.66,241.19
USR01183,0,0,0,True,pending,False,False,0.0,0.0,0.0,0.0,0.0,0.0,0.0,0.0,0.0,0.0,5.0,Low,blakekim@example.com,USA,2024-05-19 15:32:47,pending,True,225,0.0,0.0
USR01184,0,0,0,True,rejected,False,False,0.0,0.0,0.0,0.0,0.0,0.0,0.0,1.0,0.0,0.0,12.0,Low,tammyreilly@example.com,Germany,2024-11-14 07:15:40,rejected,True,46,136.16,0.0
USR01185,0,0,0,True,verified,False,False,0.0,0.0,0.0,0.0,0.4,0.0,0.0,0.0,0.0,0.0,1.6,Low,thomas22@example.net,UK,2024-04-26 14:21:39,verified,True,248,950.43,147.18
USR01186,0,0,0,True,rejected,False,False,0.0,0.0,0.0,0.0,0.375,0.0,0.0,0.0,0.0,0.0,13.5,Low,adamcopeland@example.net,India,2024-05-25 16:37:20,rejected,True,219,590.16,2430.37
USR01187,0,0,0,True,verified,True,False,0.0,0.0,0.0,0.0,0.0,0.0,0.0,0.0,0.0,0.0,0.0,Low,kennethfields@example.com,UK,2024-01-02 14:57:56,verified,True,363,987.04,1802.24
USR01188,0,0,0,False,verified,False,False,0.0,0.6666666666666666,1.0,0.0,0.0,0.0,0.0,0.0,0.0,0.0,16.333333333333332,Low,davidmichael@example.com,USA,2024-04-29 13:00:17,verified,False,245,0.0,5078.68
USR01189,0,0,0,True,verified,False,False,2.0,1.0,2.0,0.3333333333333333,0.0,0.0,0.0,0.0,0.0,0.0,15.666666666666666,Low,yrobinson@example.com,Russia,2024-08-07 15:51:15,verified,True,145,51632.32,491.36
USR01190,0,0,0,False,pending,False,False,0.0,0.0,0.0,0.0,0.16666666666666666,0.0,0.0,0.0,0.0,0.0,13.666666666666666,Low,vhill@example.net,UK,2024-10-02 09:33:22,pending,False,89,631.98,0.0
USR01191,0,0,0,True,verified,False,False,1.0,0.14285714285714285,0.0,0.14285714285714285,0.14285714285714285,0.0,0.0,0.0,0.0,0.0,2.4285714285714284,Low,michaelcooley@example.com,India,2024-04-04 02:53:32,verified,True,270,0.0,574.02
USR01192,0,0,0,True,rejected,False,False,0.0,0.0,0.0,0.0,0.0,0.0,0.0,0.0,0.0,0.0,12.0,Low,sandersapril@example.net,UK,2024-02-27 10:22:53,rejected,True,307,488.48,377.74
USR01193,0,1,0,True,pending,True,False,0.0,0.0,0.0,0.0,0.42857142857142855,0.0,0.0,0.0,0.0,0.0,21.714285714285715,Medium,christopher89@example.com,India,2024-11-22 19:29:48,pending,True,38,976.72,715.5
USR01194,0,0,0,True,verified,False,False,0.0,0.0,0.0,0.0,0.0,0.0,0.0,0.0,0.0,0.0,0.0,Low,tinascott@example.net,USA,2024-02-01 04:54:02,verified,True,333,896.4,199.68
USR01195,0,0,0,False,pending,False,False,1.0,0.16666666666666666,0.0,0.16666666666666666,0.5,0.0,0.0,0.0,0.0,0.0,17.166666666666668,Low,lynnharris@example.net,India,2024-07-26 01:47:47,pending,False,157,119.93,220.55
USR01196,0,0,0,True,verified,False,False,1.0,0.2857142857142857,1.0,0.14285714285714285,0.14285714285714285,0.0,0.0,0.0,0.0,0.0,6.571428571428571,Low,millerkenneth@example.org,Germany,2024-02-04 12:21:37,verified,True,330,138.2,3024.7
USR01197,0,0,0,True,verified,False,False,1.0,0.6666666666666666,1.0,0.3333333333333333,0.0,0.0,0.0,0.0,0.0,0.0,9.999999999999998,Low,evansaustin@example.org,Russia,2024-10-17 14:34:14,verified,True,74,609.24,84.07
USR01198,0,0,0,True,verified,False,False,2.0,0.8333333333333334,1.0,0.3333333333333333,0.16666666666666666,0.0,0.0,0.0,0.0,0.0,12.0,Low,owensjennifer@example.net,India,2024-09-27 10:08:31,verified,True,94,28614.43,807.01
USR01199,0,0,0,True,verified,False,False,1.0,0.36363636363636365,1.0,0.09090909090909091,0.09090909090909091,0.0,0.0,0.0,0.0,0.0,6.727272727272727,Low,moorestephen@example.com,Brazil,2024-02-22 04:03:56,verified,True,312,25452.63,732.82
USR01200,0,1,0,False,verified,True,False,0.0,0.2,1.0,0.0,0.0,0.0,1.0,2.0,0.0,0.0,35.6,Medium,catherineayers@example.org,India,2024-01-23 21:45:09,verified,False,342,129.2,0.0
USR01201,0,0,0,True,verified,False,False,0.0,0.0,0.0,0.0,0.25,0.0,0.0,1.0,0.0,0.0,1.0,Low,john06@example.org,India,2024-08-30 12:01:47,verified,True,122,287.63,1908.46
USR01202,0,0,0,True,pending,False,False,0.0,0.0,0.0,0.0,0.0,0.0,0.0,0.0,0.0,0.0,5.0,Low,hhowell@example.net,UK,2024-01-12 12:30:47,pending,True,353,2296.01,0.0
USR01203,0,0,0,True,verified,False,False,1.0,0.3333333333333333,0.0,0.3333333333333333,0.3333333333333333,0.0,0.0,0.0,0.0,0.0,5.666666666666666,Low,robinsonveronica@example.net,India,2024-01-03 19:21:26,verified,True,362,1106.72,0.0
USR01204,0,0,0,True,verified,False,False,1.0,0.5,1.0,0.25,0.0,0.0,0.0,0.0,0.0,0.0,8.25,Low,browncharles@example.net,Brazil,2024-07-20 23:26:31,verified,True,163,0.0,195.81
USR01205,0,0,0,True,verified,False,False,1.0,0.5714285714285714,1.0,0.14285714285714285,0.2857142857142857,0.0,0.0,1.0,1.0,0.0,13.428571428571427,Low,davidlucas@example.com,India,2024-05-23 23:58:04,verified,True,221,665.14,252.24
USR01206,0,0,0,True,verified,False,False,2.0,0.6666666666666666,0.0,0.6666666666666666,0.6666666666666666,0.0,1.0,2.0,0.0,0.0,19.333333333333332,Low,nbenson@example.net,India,2024-08-25 05:09:11,verified,True,127,2207.26,0.0
USR01207,0,0,0,True,rejected,False,False,0.0,0.0,0.0,0.0,0.1,1.0,0.0,0.0,0.0,0.0,27.4,Medium,groberts@example.com,India,2024-10-08 15:32:31,rejected,True,83,1720.0,313.46
USR01208,0,0,1,True,verified,False,False,1.0,0.5714285714285714,1.0,0.14285714285714285,0.0,0.0,0.0,0.0,0.0,0.0,18.285714285714285,Low,gonzaleskristi@example.com,USA,2024-10-18 19:55:33,verified,True,73,1049.89,1059.17
USR01209,0,0,0,True,pending,True,False,0.0,0.0,0.0,0.0,0.2,0.0,0.0,0.0,0.0,0.0,5.8,Low,thomasgardner@example.org,Brazil,2024-03-13 23:40:50,pending,True,292,1406.17,863.85
USR01210,0,0,0,True,verified,False,False,0.0,0.0,0.0,0.0,0.5,0.0,0.0,0.0,0.0,0.0,2.0,Low,amberjones@example.com,USA,2024-05-06 10:06:53,verified,True,238,0.0,882.32
USR01211,0,0,0,True,verified,False,False,0.0,0.0,0.0,0.0,0.25,0.0,0.0,1.0,0.0,0.0,1.0,Low,brittany51@example.org,Brazil,2024-07-03 21:46:40,verified,True,180,1616.6,113.04
USR01212,0,0,0,True,verified,False,False,0.0,0.0,0.0,0.0,0.0,0.0,0.0,0.0,0.0,0.0,0.0,Low,latasha13@example.com,Germany,2024-02-25 14:21:40,verified,True,309,0.0,582.54
USR01213,0,0,0,True,verified,False,False,1.0,0.4444444444444444,1.0,0.1111111111111111,0.3333333333333333,0.0,0.0,0.0,0.0,0.0,8.444444444444445,Low,hensleyjohn@example.net,USA,2024-02-03 19:44:11,verified,True,331,360.62,875.83
USR01214,0,0,0,False,verified,False,False,1.0,0.42857142857142855,1.0,0.14285714285714285,0.2857142857142857,0.0,1.0,2.0,0.0,0.0,24.285714285714285,Medium,howelljulie@example.net,India,2024-02-14 22:12:11,verified,False,320,5044.09,2354.25
USR01215,0,0,0,False,pending,False,False,0.0,0.0,0.0,0.0,0.0,0.0,1.0,2.0,0.0,0.0,21.0,Medium,gregory31@example.org,India,2024-02-10 23:02:55,pending,False,324,372.43,1025.37
USR01216,0,0,0,True,rejected,False,False,0.0,0.0,0.0,0.0,0.0,0.0,0.0,0.0,0.0,0.0,12.0,Low,alan78@example.com,Russia,2024-03-26 14:03:12,rejected,True,279,390.94,85.56
USR01217,0,0,0,False,pending,False,False,0.0,0.0,0.0,0.0,0.0,0.0,0.0,1.0,0.0,0.0,13.0,Low,ashleywallace@example.org,UK,2024-09-03 01:05:49,pending,False,118,4545.2,212.47
USR01218,0,0,0,True,verified,False,False,0.0,0.0,0.0,0.0,0.2857142857142857,0.0,0.0,0.0,0.0,0.0,1.1428571428571428,Low,kennethwalsh@example.org,Brazil,2024-08-21 06:44:16,verified,True,131,1402.79,651.07
USR01219,0,0,1,True,verified,False,False,1.0,0.3333333333333333,0.0,0.16666666666666666,0.16666666666666666,0.0,0.0,0.0,0.0,0.0,14.166666666666666,Low,jacobmaldonado@example.net,Germany,2024-10-31 21:29:36,verified,True,60,1060.03,6458.24
USR01220,0,0,0,True,verified,False,False,0.0,0.0,0.0,0.0,0.3333333333333333,0.0,0.0,0.0,0.0,0.0,1.3333333333333333,Low,johnjohnson@example.net,India,2024-02-04 14:50:22,verified,True,330,626.28,262.94
USR01221,0,0,0,True,pending,False,False,1.0,0.5714285714285714,1.0,0.14285714285714285,0.14285714285714285,0.0,0.0,0.0,0.0,0.0,13.857142857142856,Low,sarahwilkins@example.org,India,2024-05-01 16:50:29,pending,True,243,235.83,159.49
USR01222,0,0,0,True,verified,False,False,0.0,0.0,0.0,0.0,0.3333333333333333,0.0,0.0,0.0,0.0,0.0,1.3333333333333333,Low,martinezernest@example.net,UK,2024-06-13 13:09:22,verified,True,200,880.32,66.26
USR01223,0,0,0,True,verified,False,True,0.0,0.0,0.0,0.0,0.09090909090909091,0.0,0.0,0.0,0.0,0.0,0.36363636363636365,Low,michaelelliott@example.org,Nigeria,2024-03-27 06:30:33,verified,True,278,1411.51,1193.72
USR01224,0,0,0,True,pending,False,False,0.0,0.0,0.0,0.0,0.0,0.0,0.0,0.0,0.0,0.0,5.0,Low,ehernandez@example.com,USA,2024-03-26 00:20:07,pending,True,279,103.24,967.45
USR01225,0,0,0,True,verified,True,False,0.0,0.0,0.0,0.0,0.5,0.0,0.0,0.0,0.0,0.0,2.0,Low,weaton@example.net,USA,2024-09-30 00:07:32,verified,True,91,0.0,142.35
USR01226,0,0,0,True,pending,False,False,1.0,0.125,0.0,0.125,0.0,0.0,0.0,1.0,0.0,0.0,6.625,Low,parkmichael@example.net,Germany,2024-09-30 11:03:53,pending,True,91,363.23,1228.65
USR01227,0,0,1,False,pending,False,False,0.0,0.0,0.0,0.0,0.2,0.0,0.0,0.0,0.0,0.0,23.8,Medium,jamesking@example.com,Brazil,2024-11-10 17:38:57,pending,False,50,579.41,832.18
USR01228,0,0,0,True,verified,False,False,1.0,0.8,1.0,0.2,0.2,0.0,0.0,1.0,0.0,0.0,11.200000000000001,Low,jessica90@example.com,Nigeria,2024-04-26 03:49:50,verified,True,248,50385.79,0.0
USR01229,0,0,0,True,verified,False,False,0.0,0.0,0.0,0.0,0.16666666666666666,0.0,0.0,0.0,0.0,0.0,0.6666666666666666,Low,phillipsteele@example.org,India,2024-09-20 06:28:25,verified,True,101,2477.13,838.91
USR01230,0,0,0,True,pending,False,False,0.0,0.25,1.0,0.0,0.25,0.0,0.0,0.0,0.0,0.0,11.0,Low,gordonapril@example.net,India,2024-03-16 18:23:27,pending,True,289,360.99,6.62
USR01231,0,0,0,True,verified,False,False,0.0,0.0,0.0,0.0,0.4,0.0,0.0,0.0,0.0,0.0,1.6,Low,sharon18@example.com,USA,2024-01-22 00:27:56,verified,True,343,284.01,212.47
USR01232,0,0,0,True,verified,False,False,0.0,0.0,0.0,0.0,0.3333333333333333,0.0,0.0,0.0,0.0,0.0,1.3333333333333333,Low,morrisstephanie@example.com,Germany,2024-04-23 01:04:36,verified,True,251,25.79,0.0
USR01233,0,0,0,False,verified,False,False,0.0,0.0,0.0,0.0,0.16666666666666666,0.0,0.0,0.0,0.0,0.0,8.666666666666666,Low,leahreed@example.org,Russia,2024-11-28 11:48:54,verified,False,32,483.91,464.07
USR01234,0,0,0,False,verified,False,False,1.0,0.3333333333333333,1.0,0.1111111111111111,0.2222222222222222,0.0,1.0,2.0,0.0,0.0,23.11111111111111,Medium,kathleenbarrett@example.net,India,2024-11-22 20:50:26,verified,False,38,378.32,2628.34
USR01235,0,0,0,True,verified,False,False,0.0,0.0,0.0,0.0,0.2,0.0,1.0,2.0,0.0,0.0,8.8,Low,williamslorraine@example.net,Russia,2024-07-19 04:12:14,verified,True,164,0.0,283.09
USR01236,0,0,0,True,pending,False,False,1.0,0.8,1.0,0.2,0.2,0.0,1.0,2.0,0.0,0.0,24.2,Medium,david41@example.com,USA,2024-04-03 12:56:06,pending,True,271,351.75,5000.0
USR01237,0,0,0,True,verified,False,False,0.0,0.2,0.0,0.0,0.2,0.0,1.0,2.0,0.0,0.0,10.4,Low,david61@example.net,USA,2024-11-04 20:58:05,verified,True,56,335.76,0.0
USR01238,0,0,0,True,verified,False,False,0.0,0.0,0.0,0.0,0.0,0.0,1.0,2.0,0.0,0.0,8.0,Low,xskinner@example.com,India,2024-06-21 20:48:11,verified,True,192,0.0,316.24
USR01239,0,0,0,True,verified,False,False,0.0,0.0,0.0,0.0,0.0,0.0,1.0,2.0,0.0,0.0,8.0,Low,sarah34@example.com,USA,2024-01-09 22:37:29,verified,True,356,2331.06,765.04
USR01240,0,0,0,True,verified,False,False,0.0,0.0,0.0,0.0,0.14285714285714285,0.0,0.0,0.0,0.0,0.0,0.5714285714285714,Low,kyle40@example.com,USA,2024-05-29 02:45:55,verified,True,215,738.05,542.04
USR01241,0,1,1,True,verified,False,False,0.0,0.0,0.0,0.0,0.5,0.0,0.0,0.0,0.0,0.0,27.0,Medium,janetgonzalez@example.com,Germany,2024-11-30 20:23:03,verified,True,30,169.95,61.05
USR01242,0,0,0,True,verified,False,False,0.0,0.0,0.0,0.0,0.5,1.0,0.0,0.0,0.0,0.0,17.0,Low,xtanner@example.org,Nigeria,2024-11-11 10:13:04,verified,True,49,263.16,0.0
USR01243,1,0,0,True,verified,False,False,0.0,0.0,0.0,0.0,0.5,0.0,0.0,1.0,0.0,0.0,17.0,Low,debra44@example.org,Nigeria,2024-10-19 15:12:20,verified,True,72,200.72,896.53
USR01244,0,0,0,True,verified,False,False,0.0,0.0,0.0,0.0,0.42857142857142855,0.0,1.0,2.0,0.0,0.0,9.714285714285714,Low,joycesarah@example.org,India,2024-08-03 10:22:53,verified,True,149,2423.76,262.71
USR01245,0,0,0,True,verified,False,True,0.0,0.2,0.0,0.0,0.2,0.0,1.0,7.0,0.0,0.0,10.4,Low,santoskaitlyn@example.com,Russia,2024-04-09 17:10:52,verified,True,265,2463.33,0.0
USR01246,0,0,0,False,rejected,False,False,0.0,0.0,0.0,0.0,0.2,0.0,0.0,0.0,0.0,0.0,20.8,Medium,allison85@example.net,India,2024-06-13 07:07:26,rejected,False,200,152.38,0.0
USR01247,0,0,0,True,rejected,False,False,0.0,0.0,0.0,0.0,0.0,0.0,0.0,0.0,0.0,0.0,12.0,Low,zmorales@example.org,USA,2024-04-23 22:39:23,rejected,True,251,0.0,289.8
USR01248,0,0,0,True,verified,False,False,2.0,0.4,0.0,0.4,0.2,0.0,0.0,0.0,0.0,0.0,6.0,Low,reginaldrivera@example.com,UK,2024-05-16 17:58:10,verified,True,228,1389.05,4221.09
USR01249,0,0,0,True,verified,False,False,0.0,0.0,0.0,0.0,0.5,0.0,0.0,0.0,0.0,0.0,2.0,Low,bullockjennifer@example.org,Russia,2024-02-25 00:26:06,verified,True,309,953.23,268.33
USR01250,0,0,0,True,verified,False,False,1.0,0.5,1.0,0.16666666666666666,0.0,0.0,0.0,1.0,0.0,0.0,7.833333333333333,Low,imelendez@example.org,USA,2024-02-19 21:37:59,verified,True,315,50703.18,0.0
USR01251,0,0,0,True,verified,False,False,1.0,0.2,0.0,0.2,0.2,0.0,1.0,2.0,0.0,0.0,11.4,Low,william20@example.com,USA,2024-06-26 02:51:34,verified,True,187,2355.92,0.0
USR01252,0,0,0,True,verified,False,False,0.0,0.0,0.0,0.0,0.4444444444444444,0.0,1.0,2.0,0.0,0.0,9.777777777777779,Low,barbara65@example.org,USA,2024-10-11 13:01:30,verified,True,80,3304.96,1859.84
USR01253,0,0,0,True,verified,False,False,1.0,0.6666666666666666,1.0,0.16666666666666666,0.16666666666666666,0.0,1.0,2.0,0.0,0.0,17.833333333333332,Low,millerkatherine@example.org,India,2024-07-17 14:50:57,verified,True,166,1097.86,10743.53
USR01254,0,0,0,True,verified,False,False,1.0,0.75,1.0,0.25,0.25,0.0,0.0,0.0,0.0,0.0,11.25,Low,jhaynes@example.net,USA,2024-08-22 10:01:38,verified,True,130,478.18,0.0
USR01255,0,0,0,True,verified,False,False,1.0,0.125,0.0,0.125,0.25,0.0,1.0,2.0,0.0,0.0,10.625,Low,hkelley@example.com,India,2024-02-04 13:17:57,verified,True,330,791.88,1652.47
USR01256,0,0,0,True,verified,False,False,1.0,0.25,0.0,0.25,0.0,0.0,0.0,0.0,0.0,0.0,3.25,Low,tatedawn@example.org,Russia,2024-05-26 11:20:54,verified,True,218,393.45,3196.66
USR01257,0,0,0,True,verified,False,False,0.0,0.0,0.0,0.0,0.3333333333333333,0.0,1.0,2.0,0.0,0.0,9.333333333333334,Low,rpoole@example.net,India,2024-04-29 01:14:56,verified,True,245,588.89,547.82
USR01258,0,0,0,True,verified,False,False,0.0,0.0,0.0,0.0,0.0,0.0,0.0,1.0,0.0,0.0,0.0,Low,fbrown@example.org,India,2024-04-15 06:24:21,verified,True,259,1913.39,148.69
USR01259,0,0,0,True,verified,False,False,0.0,0.0,0.0,0.0,0.2,0.0,0.0,1.0,0.0,0.0,0.8,Low,courtneyproctor@example.com,USA,2024-10-14 21:23:24,verified,True,77,1023.35,0.0
USR01260,0,0,0,False,verified,True,False,0.0,0.0,0.0,0.0,0.16666666666666666,0.0,0.0,0.0,0.0,0.0,8.666666666666666,Low,melissa06@example.org,India,2024-04-10 14:37:25,verified,False,264,364.65,1139.49
USR01261,0,0,0,True,rejected,False,False,0.0,0.0,0.0,0.0,0.75,0.0,0.0,0.0,0.0,0.0,15.0,Low,tiffanyadams@example.net,USA,2024-05-23 18:03:16,rejected,True,221,3960.2,0.0
USR01262,0,0,0,True,rejected,False,False,1.0,0.4,0.0,0.2,0.0,0.0,0.0,0.0,0.0,0.0,16.2,Low,teresa01@example.com,Russia,2024-11-06 02:16:10,rejected,True,54,0.0,5270.38
USR01263,0,0,0,True,verified,False,False,0.0,0.2,0.0,0.0,0.0,0.0,1.0,2.0,0.0,0.0,9.6,Low,cwheeler@example.org,Brazil,2024-03-29 20:14:09,verified,True,276,4999.0,280.4
USR01264,0,0,1,True,verified,False,False,0.0,0.0,0.0,0.0,0.16666666666666666,0.0,0.0,0.0,1.0,0.0,14.666666666666666,Low,anthonyhernandez@example.org,India,2024-01-31 20:45:34,verified,True,334,848.84,0.0
USR01265,0,0,0,False,verified,False,True,0.0,0.0,0.0,0.0,0.3333333333333333,0.0,0.0,0.0,0.0,0.0,9.333333333333334,Low,stephensonbrian@example.net,Brazil,2024-07-10 09:41:59,verified,False,173,798.85,860.69
USR01266,0,0,0,True,verified,False,False,0.0,0.0,0.0,0.0,0.16666666666666666,0.0,0.0,1.0,0.0,0.0,0.6666666666666666,Low,colesamantha@example.com,Nigeria,2024-07-12 07:52:50,verified,True,171,1007.43,718.93
USR01267,0,0,0,True,pending,False,False,0.0,0.0,0.0,0.0,0.0,0.0,0.0,1.0,0.0,0.0,5.0,Low,christopherkelly@example.com,UK,2024-11-18 21:11:08,pending,True,42,0.0,292.36
USR01268,0,0,0,True,verified,False,False,0.0,0.0,0.0,0.0,0.5,0.0,0.0,0.0,0.0,0.0,2.0,Low,whernandez@example.org,UK,2024-11-15 18:18:10,verified,True,45,2486.59,847.02
USR01269,0,0,0,True,rejected,False,False,1.0,0.75,1.0,0.25,0.25,0.0,1.0,2.0,0.0,0.0,31.25,Medium,tonya64@example.org,India,2024-10-23 14:17:50,rejected,True,68,1380.68,169.13
USR01270,0,0,0,True,pending,False,False,0.0,0.0,0.0,0.0,0.3333333333333333,0.0,0.0,2.0,0.0,0.0,6.333333333333333,Low,gregorythompson@example.com,Russia,2024-06-13 04:03:25,pending,True,200,0.0,1873.84
USR01271,0,0,0,True,pending,False,False,0.0,0.0,0.0,0.0,0.16666666666666666,0.0,1.0,2.0,0.0,0.0,13.666666666666668,Low,wilsondavid@example.com,India,2024-11-26 09:49:00,pending,True,34,907.65,0.0
USR01272,0,0,0,True,pending,False,False,0.0,0.0,0.0,0.0,0.4,0.0,0.0,0.0,0.0,0.0,6.6,Low,joseph84@example.org,Brazil,2024-08-08 21:59:28,pending,True,144,597.23,127.37
USR01273,0,0,0,True,verified,False,False,0.0,0.0,0.0,0.0,0.0,0.0,0.0,1.0,0.0,0.0,0.0,Low,gregoryjulie@example.com,India,2024-06-28 20:00:13,verified,True,185,0.0,1027.25
USR01274,0,0,0,True,verified,True,False,0.0,0.0,0.0,0.0,0.25,0.0,0.0,0.0,0.0,0.0,1.0,Low,michaelcook@example.net,India,2024-02-11 14:50:29,verified,True,323,584.7,0.0
USR01275,0,0,0,True,verified,False,False,1.0,0.8333333333333334,1.0,0.16666666666666666,0.0,0.0,0.0,0.0,0.0,0.0,10.500000000000002,Low,adam48@example.net,India,2024-02-29 16:41:14,verified,True,305,10482.95,5087.95
USR01276,0,0,0,True,verified,False,False,1.0,0.42857142857142855,1.0,0.14285714285714285,0.0,0.0,0.0,0.0,0.0,0.0,7.142857142857143,Low,changina@example.com,India,2024-05-25 08:49:01,verified,True,219,920.26,0.0
USR01277,0,0,0,False,pending,False,False,0.0,0.0,0.0,0.0,0.3333333333333333,0.0,0.0,0.0,0.0,0.0,14.333333333333334,Low,yhernandez@example.com,UK,2024-11-21 23:22:42,pending,False,39,310.71,0.0
USR01278,0,0,0,False,verified,False,True,0.0,0.0,0.0,0.0,0.0,0.0,1.0,8.0,0.0,0.0,16.0,Low,sean77@example.com,India,2024-02-12 23:28:42,verified,False,322,250.17,0.0
USR01279,0,0,0,True,verified,False,False,0.0,0.0,0.0,0.0,0.16666666666666666,0.0,0.0,0.0,0.0,0.0,0.6666666666666666,Low,brandon69@example.org,Russia,2024-03-18 06:44:20,verified,True,287,491.8,0.0
USR01280,0,0,0,True,rejected,False,False,0.0,0.0,0.0,0.0,0.0,0.0,1.0,2.0,0.0,0.0,20.0,Low,cummingsmichelle@example.org,Germany,2024-09-21 18:14:40,rejected,True,100,392.28,464.72
USR01281,0,0,0,True,verified,False,False,2.0,1.0,1.0,0.5,0.5,0.0,0.0,2.0,0.0,0.0,15.5,Low,boyddavid@example.net,Russia,2024-11-23 09:54:57,verified,True,37,0.0,1193.26
USR01282,0,0,0,False,pending,False,False,0.0,0.3333333333333333,1.0,0.0,0.0,0.0,0.0,2.0,0.0,0.0,18.666666666666664,Low,dakota72@example.org,UK,2024-01-06 07:13:02,pending,False,359,275.85,120.87
USR01283,0,0,0,True,pending,False,False,1.0,0.75,1.0,0.25,0.0,0.0,0.0,0.0,0.0,0.0,15.25,Low,obell@example.org,India,2024-06-17 16:14:06,pending,True,196,26528.78,509.32
USR01284,0,1,0,True,pending,False,False,0.0,0.0,0.0,0.0,0.1,0.0,1.0,2.0,0.0,0.0,28.4,Medium,christopher01@example.org,Nigeria,2024-03-13 13:39:49,pending,True,292,1958.02,797.51
USR01285,0,0,0,True,verified,False,False,0.0,0.0,0.0,0.0,0.125,0.0,1.0,2.0,0.0,0.0,8.5,Low,qhickman@example.net,India,2024-03-18 01:20:17,verified,True,287,1556.35,833.24
USR01286,0,0,0,True,rejected,False,False,0.0,0.0,0.0,0.0,0.2,0.0,0.0,0.0,0.0,0.0,12.8,Low,owenssandra@example.com,India,2024-11-27 23:59:01,rejected,True,33,977.55,1239.06
USR01287,0,0,0,True,verified,False,False,0.0,0.0,0.0,0.0,0.4,0.0,0.0,0.0,0.0,0.0,1.6,Low,cameronrose@example.com,India,2024-02-26 18:46:04,verified,True,308,453.2,159.97
USR01288,0,0,0,True,verified,False,False,0.0,0.0,0.0,0.0,0.0,0.0,0.0,0.0,0.0,0.0,0.0,Low,samuelabbott@example.org,USA,2024-09-02 22:52:36,verified,True,119,0.0,0.0
USR01289,0,1,0,True,verified,False,False,3.0,0.8181818181818182,2.0,0.2727272727272727,0.09090909090909091,0.0,1.0,2.0,0.0,0.0,37.27272727272727,Medium,john50@example.net,India,2024-02-12 17:47:11,verified,True,322,1414.09,30060.16
USR01290,0,0,0,True,rejected,True,False,0.0,0.16666666666666666,0.0,0.0,0.16666666666666666,0.0,0.0,0.0,0.0,0.0,14.0,Low,vflores@example.org,India,2024-01-16 21:06:51,rejected,True,349,4780.58,275.66
USR01291,0,0,0,True,verified,False,False,0.0,0.0,0.0,0.0,0.5,0.0,0.0,1.0,0.0,0.0,2.0,Low,dmartinez@example.net,UK,2024-05-21 04:49:22,verified,True,223,423.84,235.82
USR01292,0,0,0,True,verified,False,False,0.0,0.0,0.0,0.0,0.0,0.0,0.0,0.0,0.0,0.0,0.0,Low,umartinez@example.org,Germany,2024-05-20 00:44:38,verified,True,224,0.0,0.0
USR01293,0,0,0,True,verified,False,False,0.0,0.0,0.0,0.0,0.14285714285714285,0.0,0.0,0.0,0.0,0.0,0.5714285714285714,Low,hughesmeagan@example.org,India,2024-03-22 13:39:08,verified,True,283,45.34,251.07
USR01294,0,0,0,False,verified,False,False,0.0,0.2,0.0,0.0,0.2,0.0,0.0,1.0,0.0,0.0,10.4,Low,jasmine56@example.com,USA,2024-09-11 03:01:55,verified,False,110,5209.63,0.0
USR01295,0,0,0,True,verified,False,False,0.0,0.0,0.0,0.0,0.0,0.0,0.0,0.0,0.0,0.0,0.0,Low,michael44@example.org,India,2024-04-27 01:57:49,verified,True,247,1087.66,0.0
USR01296,0,0,0,True,verified,False,False,0.0,0.0,0.0,0.0,0.14285714285714285,0.0,0.0,0.0,0.0,0.0,0.5714285714285714,Low,zcameron@example.net,Germany,2024-08-01 18:59:29,verified,True,151,2086.45,1584.74
USR01297,0,0,0,True,rejected,False,False,0.0,0.0,0.0,0.0,0.3333333333333333,0.0,1.0,2.0,0.0,0.0,21.333333333333336,Medium,harringtonnicholas@example.org,Brazil,2024-05-22 03:28:45,rejected,True,222,3531.9,123.21
USR01298,0,0,1,True,rejected,False,False,0.0,0.0,0.0,0.0,0.0,0.0,0.0,0.0,0.0,0.0,22.0,Medium,landryjeremy@example.com,India,2024-07-14 16:24:12,rejected,True,169,346.6,0.0
USR01299,0,0,0,True,pending,False,False,0.0,0.0,0.0,0.0,0.3333333333333333,0.0,0.0,0.0,0.0,0.0,6.333333333333333,Low,rachel49@example.com,UK,2024-01-24 14:38:07,pending,True,341,1622.5,1184.29
USR01300,0,0,0,True,verified,False,False,0.0,0.0,0.0,0.0,0.4,0.0,0.0,0.0,0.0,0.0,1.6,Low,rosebrenda@example.net,India,2024-01-30 02:54:56,verified,True,335,197.8,0.0
USR01301,0,0,0,True,verified,True,False,1.0,0.2,0.0,0.2,0.2,0.0,0.0,0.0,0.0,0.0,3.4000000000000004,Low,aellis@example.com,USA,2024-03-12 11:37:21,verified,True,293,114.4,140.15
USR01302,0,0,0,True,verified,False,False,0.0,0.0,0.0,0.0,0.3,0.0,0.0,0.0,0.0,0.0,1.2,Low,jennifer80@example.com,India,2024-04-27 19:59:15,verified,True,247,4049.18,0.0
USR01303,0,0,0,False,rejected,True,False,0.0,0.0,0.0,0.0,0.5,0.0,0.0,2.0,0.0,0.0,22.0,Medium,todd39@example.com,Nigeria,2024-04-23 08:10:36,rejected,False,251,0.0,692.64
USR01304,0,0,0,True,verified,False,True,0.0,0.0,0.0,0.0,0.0,0.0,0.0,0.0,0.0,0.0,0.0,Low,cunninghampaula@example.com,India,2024-03-22 13:05:04,verified,True,283,0.0,0.0
USR01305,0,0,0,True,rejected,False,False,0.0,0.0,0.0,0.0,0.0,0.0,0.0,1.0,0.0,0.0,12.0,Low,martinezrebecca@example.org,India,2024-09-30 23:22:47,rejected,True,91,1270.82,1734.77
USR01306,0,0,0,True,rejected,False,False,0.0,0.0,0.0,0.0,0.0,0.0,0.0,0.0,0.0,0.0,12.0,Low,josephmorales@example.net,India,2024-08-31 02:19:34,rejected,True,121,550.53,76.71
USR01307,0,0,0,True,verified,False,False,0.0,0.0,0.0,0.0,0.0,0.0,0.0,0.0,0.0,0.0,0.0,Low,spenceamanda@example.net,Brazil,2024-07-27 16:49:32,verified,True,156,315.04,69.44
USR01308,0,0,0,True,verified,False,False,0.0,0.0,0.0,0.0,0.25,0.0,0.0,0.0,0.0,0.0,1.0,Low,jamie65@example.net,USA,2024-09-10 22:05:17,verified,True,111,309.63,0.0
USR01309,0,0,0,True,pending,False,False,0.0,0.0,0.0,0.0,0.16666666666666666,0.0,0.0,1.0,0.0,0.0,5.666666666666667,Low,hschroeder@example.com,Germany,2024-03-20 04:39:33,pending,True,285,162.07,564.2
USR01310,0,0,0,True,verified,False,False,0.0,0.0,0.0,0.0,0.5,0.0,0.0,0.0,0.0,0.0,2.0,Low,sbarnes@example.org,USA,2024-05-23 03:58:26,verified,True,221,200.94,453.3
USR01311,0,0,0,True,verified,False,False,0.0,0.0,0.0,0.0,0.0,0.0,0.0,0.0,0.0,0.0,0.0,Low,isabeljennings@example.org,USA,2024-08-09 05:35:50,verified,True,143,0.0,0.0
USR01312,0,0,0,True,verified,False,False,0.0,0.0,0.0,0.0,0.3333333333333333,0.0,0.0,0.0,0.0,0.0,1.3333333333333333,Low,jillwallace@example.net,India,2024-06-02 02:11:07,verified,True,211,195.53,0.0
USR01313,1,0,0,True,verified,False,False,0.0,0.0,0.0,0.0,0.0,0.0,0.0,0.0,0.0,0.0,15.0,Low,usmith@example.com,UK,2024-06-05 07:36:43,verified,True,208,131.01,1006.84
USR01314,0,0,0,True,pending,False,True,0.0,0.0,0.0,0.0,0.0,0.0,0.0,0.0,0.0,0.0,5.0,Low,amandajackson@example.net,Nigeria,2024-01-09 01:05:10,pending,True,356,1261.22,474.84
USR01315,0,0,0,False,verified,False,False,0.0,0.0,0.0,0.0,0.0,0.0,0.0,0.0,0.0,0.0,8.0,Low,nathanthornton@example.com,India,2024-04-13 22:44:21,verified,False,261,464.83,0.0
USR01316,0,0,0,True,pending,False,False,1.0,0.2,0.0,0.2,0.2,0.0,0.0,0.0,0.0,0.0,8.4,Low,daniellegraham@example.com,India,2024-10-12 21:14:34,pending,True,79,1624.48,0.0
USR01317,0,0,0,True,verified,False,False,0.0,0.0,0.0,0.0,0.125,0.0,0.0,0.0,0.0,0.0,0.5,Low,leonard44@example.net,India,2024-11-12 16:41:02,verified,True,48,535.87,381.05
USR01318,0,0,0,False,verified,True,True,0.0,0.0,0.0,0.0,0.0,0.0,0.0,0.0,0.0,0.0,8.0,Low,wcarroll@example.org,USA,2024-02-17 19:08:49,verified,False,317,1166.33,371.46
USR01319,0,0,0,True,verified,False,False,0.0,0.0,0.0,0.0,0.5,0.0,0.0,0.0,0.0,0.0,2.0,Low,donna25@example.org,India,2024-06-14 21:11:26,verified,True,199,714.54,463.81
USR01320,0,0,0,True,rejected,False,False,0.0,0.0,0.0,0.0,0.3333333333333333,0.0,0.0,0.0,0.0,0.0,13.333333333333334,Low,porterallison@example.net,India,2024-10-04 14:53:45,rejected,True,87,0.0,353.27
USR01321,0,0,0,True,verified,False,False,0.0,0.0,0.0,0.0,0.4,0.0,1.0,2.0,0.0,0.0,9.6,Low,evanscrystal@example.net,India,2024-05-18 18:21:03,verified,True,226,0.0,279.51
USR01322,0,0,0,True,verified,False,False,0.0,0.0,0.0,0.0,0.2727272727272727,0.0,1.0,2.0,0.0,0.0,9.09090909090909,Low,lscott@example.org,USA,2024-02-28 16:22:54,verified,True,306,4836.37,0.0
USR01323,0,0,0,True,verified,False,False,0.0,0.0,0.0,0.0,0.14285714285714285,0.0,0.0,0.0,0.0,0.0,0.5714285714285714,Low,lmosley@example.org,Nigeria,2024-04-27 02:46:40,verified,True,247,539.03,0.0
USR01324,0,0,0,False,verified,False,False,0.0,0.0,0.0,0.0,0.5,0.0,0.0,0.0,0.0,0.0,10.0,Low,travisjones@example.com,India,2024-04-13 01:42:58,verified,False,261,0.0,0.0
USR01325,0,0,1,False,pending,False,False,1.0,0.25,1.0,0.125,0.25,0.0,0.0,0.0,0.0,0.0,29.625,Medium,banksdaniel@example.org,USA,2024-09-11 17:00:12,pending,False,110,533.91,3001.14
USR01326,0,0,0,False,verified,False,False,0.0,0.0,0.0,0.0,0.0,0.0,0.0,0.0,0.0,0.0,8.0,Low,thomas82@example.net,India,2024-02-13 22:45:54,verified,False,321,0.0,141.36
USR01327,0,0,0,True,verified,False,False,0.0,0.0,0.0,0.0,0.3333333333333333,0.0,0.0,0.0,0.0,0.0,1.3333333333333333,Low,hillkelli@example.org,USA,2024-05-29 12:37:20,verified,True,215,4265.93,465.91
USR01328,0,0,0,True,verified,False,False,1.0,0.1,0.0,0.1,0.1,0.0,1.0,2.0,0.0,0.0,9.7,Low,manuelbrandt@example.net,India,2024-02-23 16:18:56,verified,True,311,2248.44,1199.04
USR01329,0,0,0,True,pending,False,False,0.0,0.125,1.0,0.0,0.0,1.0,0.0,0.0,0.0,0.0,24.0,Medium,vgregory@example.net,India,2024-07-25 19:01:17,pending,True,158,1184.88,907.75
USR01330,0,0,0,False,verified,False,False,0.0,0.0,0.0,0.0,0.6666666666666666,0.0,0.0,1.0,0.0,0.0,10.666666666666666,Low,montesdavid@example.com,India,2024-11-11 01:47:25,verified,False,49,0.0,0.0
USR01331,0,0,0,True,pending,False,False,1.0,1.0,1.0,0.5,0.0,0.0,0.0,0.0,0.0,0.0,18.5,Low,grimesbrian@example.net,India,2024-08-04 20:25:38,pending,True,148,0.0,4905.16
USR01332,0,0,0,False,rejected,False,False,0.0,0.0,0.0,0.0,0.0,0.0,0.0,0.0,0.0,0.0,20.0,Low,haley32@example.net,India,2024-10-29 09:30:53,rejected,False,62,439.35,82.9
USR01333,0,1,0,True,verified,False,False,1.0,0.5,1.0,0.25,0.0,0.0,0.0,0.0,0.0,0.0,23.25,Medium,aaronjohnson@example.org,UK,2024-04-04 04:14:22,verified,True,270,0.0,0.0
USR01334,0,0,0,True,pending,True,False,0.0,0.0,0.0,0.0,0.4,0.0,0.0,1.0,0.0,0.0,6.6,Low,zgonzalez@example.com,India,2024-10-11 16:48:54,pending,True,80,552.03,0.0
USR01335,0,0,0,True,verified,False,False,0.0,0.0,0.0,0.0,0.5,0.0,0.0,0.0,0.0,0.0,2.0,Low,briannahughes@example.com,India,2024-01-12 17:21:05,verified,True,353,348.9,0.0
USR01336,0,0,0,True,verified,False,False,0.0,0.0,0.0,0.0,0.0,0.0,0.0,0.0,0.0,0.0,0.0,Low,ihenderson@example.net,UK,2024-10-24 06:12:36,verified,True,67,0.0,0.0
USR01337,0,0,0,True,verified,False,False,0.0,0.0,0.0,0.0,0.0,0.0,0.0,0.0,0.0,0.0,0.0,Low,eschroeder@example.net,India,2024-05-11 00:12:31,verified,True,233,362.24,0.0
USR01338,0,0,0,True,pending,False,False,0.0,0.0,0.0,0.0,0.0,0.0,0.0,0.0,0.0,0.0,5.0,Low,jpeters@example.com,India,2024-08-22 15:18:21,pending,True,130,129.22,174.34
USR01339,0,0,0,True,rejected,False,False,0.0,0.0,0.0,0.0,0.0,0.0,0.0,1.0,0.0,0.0,12.0,Low,andrewsmith@example.net,USA,2024-08-03 05:06:27,rejected,True,149,1214.67,204.54
USR01340,0,0,0,True,verified,False,False,0.0,0.2,1.0,0.0,0.2,0.0,0.0,1.0,0.0,0.0,5.3999999999999995,Low,jason71@example.net,Russia,2024-04-15 13:37:00,verified,True,259,206.63,765.95
USR01341,0,0,0,True,verified,False,False,1.0,1.5,1.0,0.5,0.5,0.0,0.0,0.0,0.0,0.0,19.5,Low,dominique59@example.com,Russia,2024-03-26 00:21:20,verified,True,279,38345.87,49.09
USR01342,0,0,0,True,verified,False,False,0.0,0.0,0.0,0.0,0.0,0.0,1.0,2.0,0.0,0.0,8.0,Low,seth76@example.org,Germany,2024-07-04 09:50:31,verified,True,179,624.09,257.13
USR01343,0,0,0,True,verified,False,False,1.0,0.75,1.0,0.25,0.25,0.0,0.0,1.0,0.0,0.0,11.25,Low,esmith@example.org,India,2024-03-16 15:01:14,verified,True,289,735.45,0.0
USR01344,0,0,0,True,verified,False,False,0.0,0.0,0.0,0.0,0.16666666666666666,0.0,0.0,1.0,0.0,0.0,0.6666666666666666,Low,cynthiafox@example.net,USA,2024-03-04 05:02:12,verified,True,301,63.52,1132.39
USR01345,1,0,0,True,rejected,True,False,0.0,0.0,0.0,0.0,0.25,0.0,1.0,2.0,0.0,0.0,36.0,Medium,fvalenzuela@example.net,India,2024-09-04 22:12:58,rejected,True,117,0.0,254.88
USR01346,0,0,0,True,verified,False,False,0.0,0.0,0.0,0.0,0.5,0.0,0.0,0.0,0.0,0.0,2.0,Low,paulnguyen@example.net,Brazil,2024-07-06 21:24:28,verified,True,177,0.0,355.59
USR01347,0,0,0,True,verified,False,False,11.0,1.2105263157894737,10.0,0.10526315789473684,0.15789473684210525,8.0,0.0,2.0,0.0,0.0,40.84210526315789,High,andrew89@example.com,India,2024-06-03 14:54:00,verified,True,210,365.69,21116.73
USR01348,0,0,0,True,verified,False,False,0.0,0.0,0.0,0.0,0.0,0.0,0.0,0.0,0.0,0.0,0.0,Low,tamaratownsend@example.org,India,2024-05-08 16:06:33,verified,True,236,0.0,0.0
USR01349,0,0,0,True,verified,False,False,1.0,0.14285714285714285,0.0,0.14285714285714285,0.14285714285714285,0.0,0.0,1.0,0.0,0.0,2.4285714285714284,Low,davidcontreras@example.org,India,2024-05-28 09:32:22,verified,True,216,35.6,750.44
USR01350,1,0,0,True,pending,False,False,1.0,2.0,1.0,0.5,0.5,0.0,1.0,2.0,0.0,0.0,51.5,High,brandonbentley@example.com,Nigeria,2024-08-31 02:18:08,pending,True,121,5149.34,0.0
USR01351,0,0,0,True,pending,False,False,0.0,0.0,0.0,0.0,0.0,0.0,0.0,0.0,0.0,0.0,5.0,Low,khart@example.org,Russia,2024-03-03 13:04:01,pending,True,302,653.89,148.92
USR01352,0,0,1,True,pending,True,False,1.0,0.25,0.0,0.25,0.0,0.0,1.0,2.0,0.0,0.0,26.25,Medium,joseph63@example.com,India,2024-06-22 18:49:04,pending,True,191,135.8,991.18
USR01353,0,0,0,False,verified,False,False,0.0,0.0,0.0,0.0,0.25,0.0,0.0,0.0,0.0,0.0,9.0,Low,rbutler@example.org,Russia,2024-10-27 15:50:02,verified,False,64,2184.43,1338.16
USR01354,0,0,0,False,pending,False,True,0.0,0.0,0.0,0.0,0.0,0.0,0.0,0.0,0.0,0.0,13.0,Low,martinrachel@example.com,Germany,2024-07-12 05:14:55,pending,False,171,97.64,0.0
USR01355,0,0,1,True,verified,False,False,0.0,0.0,0.0,0.0,0.0,0.0,0.0,1.0,0.0,0.0,10.0,Low,christopher32@example.com,India,2024-02-03 20:27:42,verified,True,331,383.31,493.19
USR01356,0,0,0,True,verified,False,False,0.0,0.0,0.0,0.0,0.0,0.0,0.0,2.0,0.0,0.0,0.0,Low,liurobert@example.net,Germany,2024-05-17 05:37:58,verified,True,227,241.68,42.97
USR01357,0,0,0,True,pending,False,False,0.0,0.0,0.0,0.0,0.0,0.0,0.0,0.0,0.0,0.0,5.0,Low,bradleybridges@example.org,India,2024-06-20 16:09:41,pending,True,193,1376.83,660.29
USR01358,0,0,0,True,verified,False,False,0.0,0.0,0.0,0.0,0.0,0.0,0.0,1.0,0.0,0.0,0.0,Low,bryan74@example.com,UK,2024-06-04 17:01:27,verified,True,209,477.82,235.39
USR01359,1,0,0,False,verified,False,False,0.0,0.0,0.0,0.0,0.2,0.0,1.0,2.0,0.0,0.0,31.8,Medium,rjones@example.com,USA,2024-05-01 19:23:13,verified,False,243,326.56,953.37
USR01360,0,0,1,True,verified,True,False,0.0,0.0,0.0,0.0,0.0,0.0,0.0,0.0,0.0,0.0,10.0,Low,karen22@example.net,Germany,2024-08-29 00:32:20,verified,True,123,3818.76,1062.76
USR01361,0,0,0,True,verified,False,False,0.0,0.6666666666666666,1.0,0.0,0.0,0.0,0.0,0.0,0.0,0.0,8.333333333333332,Low,elizabeth58@example.org,India,2024-02-10 21:26:54,verified,True,324,22.47,0.0
USR01362,0,1,0,True,verified,True,False,0.0,0.0,0.0,0.0,0.2,0.0,0.0,0.0,0.0,0.0,15.8,Low,gmunoz@example.org,USA,2024-02-06 07:30:44,verified,True,328,100.84,640.36
USR01363,0,0,0,True,verified,False,False,0.0,0.0,0.0,0.0,0.25,0.0,0.0,1.0,0.0,0.0,1.0,Low,erik41@example.com,Germany,2024-02-12 01:52:46,verified,True,322,55.14,133.14
USR01364,0,1,0,True,verified,True,False,1.0,0.16666666666666666,0.0,0.16666666666666666,0.3333333333333333,0.0,0.0,0.0,0.0,0.0,18.499999999999996,Low,josephhampton@example.com,USA,2024-08-22 17:07:52,verified,True,130,338.51,4877.27
USR01365,0,0,0,True,verified,False,False,0.0,0.0,0.0,0.0,0.0,0.0,0.0,0.0,0.0,0.0,0.0,Low,haleyshelton@example.com,USA,2024-07-01 12:24:54,verified,True,182,0.0,64.08
USR01366,0,0,0,False,rejected,False,False,1.0,0.25,0.0,0.25,0.0,0.0,0.0,0.0,0.0,0.0,23.25,Medium,robyn33@example.net,USA,2024-11-10 00:04:45,rejected,False,50,0.0,1916.23
USR01367,0,0,0,True,verified,False,False,0.0,0.0,0.0,0.0,0.0,0.0,0.0,0.0,0.0,0.0,0.0,Low,johnherrera@example.org,India,2024-09-22 12:16:46,verified,True,99,881.88,553.09
USR01368,0,0,0,True,verified,False,False,0.0,0.0,0.0,0.0,0.2,0.0,0.0,0.0,0.0,0.0,0.8,Low,fwhitaker@example.org,India,2024-10-03 14:14:51,verified,True,88,35.97,185.44
USR01369,0,0,0,True,verified,False,False,0.0,0.0,0.0,0.0,0.0,0.0,0.0,0.0,0.0,0.0,0.0,Low,garciadanielle@example.org,India,2024-06-15 10:13:44,verified,True,198,746.43,3013.52
USR01370,0,0,0,True,pending,False,False,0.0,0.0,0.0,0.0,0.0,0.0,0.0,0.0,0.0,0.0,5.0,Low,christinamorgan@example.org,USA,2024-09-24 12:21:55,pending,True,97,0.0,0.0
USR01371,0,0,0,True,verified,False,False,0.0,0.0,0.0,0.0,0.125,0.0,0.0,0.0,0.0,0.0,0.5,Low,henryowen@example.com,India,2024-08-05 20:02:44,verified,True,147,4308.71,2562.13
USR01372,0,0,0,True,verified,False,False,0.0,0.0,0.0,0.0,0.0,0.0,0.0,0.0,0.0,0.0,0.0,Low,lturner@example.com,UK,2024-11-15 19:36:42,verified,True,45,2663.7,294.16
USR01373,0,0,0,True,pending,False,False,0.0,0.0,0.0,0.0,0.0,0.0,1.0,2.0,0.0,0.0,13.0,Low,jackie84@example.net,Germany,2024-02-27 06:40:28,pending,True,307,343.31,1288.12
USR01374,0,0,0,True,verified,False,False,0.0,0.0,0.0,0.0,0.5,0.0,1.0,2.0,0.0,0.0,10.0,Low,erik20@example.com,USA,2024-06-23 23:30:50,verified,True,190,69.36,49.91
USR01375,0,0,0,True,verified,False,False,0.0,0.0,0.0,0.0,0.0,0.0,0.0,0.0,0.0,0.0,0.0,Low,hlee@example.net,USA,2024-10-16 14:29:52,verified,True,75,286.76,760.71
USR01376,0,0,1,True,pending,False,False,0.0,0.0,0.0,0.0,0.5,0.0,1.0,2.0,0.0,0.0,25.0,Medium,jennifermason@example.org,India,2024-03-15 05:43:51,pending,True,290,111.82,156.53
USR01377,0,0,0,True,verified,False,False,0.0,0.0,0.0,0.0,0.0,0.0,0.0,2.0,0.0,0.0,0.0,Low,sonyakennedy@example.net,USA,2024-07-13 23:46:23,verified,True,170,0.0,235.0
USR01378,0,0,0,True,verified,False,False,0.0,0.16666666666666666,1.0,0.0,0.3333333333333333,0.0,1.0,2.0,0.0,0.0,13.666666666666666,Low,lcalhoun@example.net,Germany,2024-11-17 15:15:06,verified,True,43,0.0,308.63
USR01379,0,0,0,True,verified,False,False,0.0,0.0,0.0,0.0,0.0,0.0,0.0,0.0,0.0,0.0,0.0,Low,timothymercado@example.com,USA,2024-03-09 16:46:56,verified,True,296,771.97,1082.41
USR01380,0,0,0,False,pending,False,False,0.0,0.0,0.0,0.0,0.3333333333333333,0.0,0.0,0.0,0.0,0.0,14.333333333333334,Low,mendozapeter@example.com,Brazil,2024-09-03 06:18:28,pending,False,118,395.95,90.97
USR01381,0,0,0,True,verified,False,True,1.0,0.42857142857142855,1.0,0.14285714285714285,0.42857142857142855,0.0,1.0,5.0,0.0,0.0,16.857142857142858,Low,gmiddleton@example.org,Brazil,2024-02-10 07:35:54,verified,True,324,14912.39,0.0
USR01382,0,0,0,True,verified,False,False,0.0,0.0,0.0,0.0,0.0,0.0,0.0,0.0,0.0,0.0,0.0,Low,pamelamartin@example.org,USA,2024-07-30 13:17:11,verified,True,153,0.0,0.0
USR01383,0,0,0,False,verified,False,False,0.0,0.0,0.0,0.0,0.0,0.0,0.0,0.0,0.0,0.0,8.0,Low,williamhernandez@example.net,India,2024-03-27 13:23:10,verified,False,278,0.0,73.01
USR01384,0,0,0,True,verified,False,False,1.0,0.6666666666666666,1.0,0.16666666666666666,0.0,0.0,1.0,2.0,0.0,0.0,17.166666666666664,Low,qclarke@example.com,Germany,2024-11-04 06:17:51,verified,True,56,52837.32,220.61
USR01385,0,0,0,True,rejected,False,False,0.0,0.0,0.0,0.0,0.4,0.0,0.0,0.0,0.0,0.0,13.6,Low,bsolis@example.net,India,2024-05-25 11:55:59,rejected,True,219,720.11,929.38
USR01386,0,0,0,True,pending,False,True,0.0,0.0,0.0,0.0,0.2,0.0,1.0,3.0,0.0,0.0,13.8,Low,timothy78@example.com,Brazil,2024-06-10 01:26:17,pending,True,203,187.56,835.85
USR01387,0,0,0,False,rejected,False,False,0.0,0.1111111111111111,1.0,0.0,0.0,0.0,0.0,0.0,0.0,0.0,23.88888888888889,Medium,cfranklin@example.org,USA,2024-11-22 12:32:27,rejected,False,38,428.24,0.0
USR01388,0,0,0,True,rejected,False,False,0.0,0.0,0.0,0.0,0.2857142857142857,0.0,0.0,0.0,0.0,0.0,13.142857142857142,Low,briantate@example.com,USA,2024-04-03 22:01:45,rejected,True,271,347.5,466.45
USR01389,0,0,0,False,verified,False,False,0.0,0.0,0.0,0.0,0.25,0.0,0.0,0.0,0.0,0.0,9.0,Low,nathanstafford@example.com,Russia,2024-06-15 15:31:28,verified,False,198,417.2,0.0
USR01390,0,0,0,True,verified,False,False,12.0,1.6923076923076923,11.0,0.0,0.0,11.0,0.0,0.0,0.0,0.0,43.53846153846154,High,ohill@example.org,India,2024-06-18 20:52:41,verified,True,195,218.62,0.0
USR01391,0,0,0,True,verified,False,False,0.0,0.0,0.0,0.0,0.0,0.0,0.0,0.0,0.0,0.0,0.0,Low,enelson@example.org,USA,2024-10-22 23:57:24,verified,True,69,1921.49,0.0
USR01392,0,0,0,True,pending,True,False,0.0,0.0,0.0,0.0,0.16666666666666666,0.0,0.0,1.0,0.0,0.0,5.666666666666667,Low,vjacobs@example.org,India,2024-06-18 21:03:34,pending,True,195,67.82,468.52
USR01393,0,0,0,True,verified,False,False,0.0,0.0,0.0,0.0,0.0,0.0,0.0,0.0,0.0,0.0,0.0,Low,eward@example.org,Germany,2024-02-20 16:47:44,verified,True,314,157.1,1466.61
USR01394,0,0,0,True,verified,False,False,0.0,0.0,0.0,0.0,0.16666666666666666,0.0,1.0,2.0,0.0,0.0,8.666666666666666,Low,robert89@example.org,Germany,2024-03-16 06:36:59,verified,True,289,0.0,829.13
USR01395,0,0,0,False,verified,False,False,0.0,0.0,0.0,0.0,0.0,0.0,0.0,0.0,0.0,0.0,8.0,Low,reneegreen@example.net,India,2024-04-16 18:51:28,verified,False,258,1483.94,1228.91
USR01396,0,0,0,True,pending,False,False,0.0,0.0,0.0,0.0,0.25,0.0,0.0,0.0,0.0,0.0,6.0,Low,james79@example.org,India,2024-08-19 10:08:19,pending,True,133,187.24,660.25
USR01397,1,0,0,True,verified,False,False,0.0,0.0,0.0,0.0,0.0,0.0,0.0,0.0,0.0,0.0,15.0,Low,sandra66@example.org,Germany,2024-11-21 13:40:13,verified,True,39,879.72,0.0
USR01398,0,0,0,True,verified,False,False,0.0,0.0,0.0,0.0,0.0,0.0,0.0,0.0,0.0,0.0,0.0,Low,adamschristina@example.org,India,2024-03-22 16:06:01,verified,True,283,143.88,0.0
USR01399,0,0,0,True,verified,False,False,0.0,0.0,0.0,0.0,0.0,0.0,0.0,1.0,0.0,0.0,0.0,Low,xwright@example.org,USA,2024-01-04 22:30:51,verified,True,361,900.78,0.0
USR01400,0,0,0,True,rejected,False,False,0.0,0.0,0.0,0.0,0.0,0.0,0.0,1.0,0.0,0.0,12.0,Low,sanchezangela@example.net,USA,2024-05-14 16:15:30,rejected,True,230,394.38,0.0
USR01401,0,0,0,True,verified,False,False,0.0,0.0,0.0,0.0,0.25,0.0,1.0,2.0,0.0,0.0,9.0,Low,aliciaedwards@example.net,USA,2024-03-15 21:26:53,verified,True,290,0.0,315.01
USR01402,0,0,0,True,rejected,True,False,1.0,0.16666666666666666,0.0,0.16666666666666666,0.5,0.0,0.0,0.0,0.0,0.0,16.166666666666668,Low,rodonnell@example.org,India,2024-03-25 06:11:35,rejected,True,280,1285.46,0.0
USR01403,0,0,0,True,rejected,False,False,1.0,0.3,1.0,0.1,0.0,0.0,0.0,0.0,0.0,0.0,17.9,Low,robertsonjohn@example.org,USA,2024-05-15 08:45:10,rejected,True,229,38117.88,1291.67
USR01404,0,0,0,False,verified,False,False,0.0,0.0,0.0,0.0,0.0,0.0,0.0,0.0,0.0,0.0,8.0,Low,meltonmark@example.com,Nigeria,2024-03-15 23:23:45,verified,False,290,734.8,1091.06
USR01405,0,0,0,True,pending,False,False,0.0,0.0,0.0,0.0,0.14285714285714285,0.0,0.0,0.0,0.0,0.0,5.571428571428571,Low,moralesnathaniel@example.net,Germany,2024-11-04 00:43:26,pending,True,56,1187.41,588.9
USR01406,0,0,0,True,verified,False,False,0.0,0.0,0.0,0.0,0.0,0.0,0.0,0.0,0.0,0.0,0.0,Low,xkeith@example.org,India,2024-06-13 13:31:05,verified,True,200,243.28,591.2
USR01407,0,0,0,True,verified,False,False,0.0,0.0,0.0,0.0,0.3333333333333333,0.0,0.0,0.0,0.0,0.0,1.3333333333333333,Low,samuel72@example.org,India,2024-05-17 01:24:39,verified,True,227,1766.95,341.05
USR01408,0,0,0,True,verified,False,False,1.0,0.42857142857142855,1.0,0.14285714285714285,0.14285714285714285,0.0,0.0,0.0,0.0,0.0,7.714285714285714,Low,doughertyheather@example.net,Nigeria,2024-08-15 22:01:04,verified,True,137,379.99,24424.75
USR01409,0,0,1,True,verified,False,False,0.0,0.0,0.0,0.0,0.2857142857142857,0.0,0.0,0.0,0.0,0.0,11.142857142857142,Low,kaylaabbott@example.org,Germany,2024-02-14 12:36:54,verified,True,320,866.95,352.14
USR01410,0,0,0,True,verified,False,False,3.0,0.875,2.0,0.375,0.0,0.0,0.0,1.0,0.0,0.0,14.875,Low,mortondaniel@example.com,India,2024-05-24 10:57:30,verified,True,220,27139.99,9293.1
USR01411,0,0,0,True,verified,False,False,1.0,0.125,0.0,0.125,0.375,0.0,0.0,0.0,0.0,0.0,3.125,Low,jason64@example.com,USA,2024-08-08 09:11:48,verified,True,144,2699.44,75.28
USR01412,0,0,0,True,verified,False,False,0.0,0.5,0.0,0.0,0.0,0.0,0.0,1.0,0.0,0.0,4.0,Low,goodwinchristopher@example.org,Brazil,2024-02-09 23:17:08,verified,True,325,0.0,4999.0
USR01413,0,0,0,True,pending,False,False,0.0,0.0,0.0,0.0,0.0,0.0,0.0,0.0,0.0,0.0,5.0,Low,kenneth40@example.com,India,2024-09-07 23:40:26,pending,True,114,0.0,105.38
USR01414,0,0,0,True,verified,False,False,1.0,0.6666666666666666,1.0,0.16666666666666666,0.3333333333333333,0.0,0.0,0.0,0.0,0.0,10.5,Low,jessica58@example.net,India,2024-07-12 15:45:50,verified,True,171,5600.28,45.84
USR01415,0,0,0,False,rejected,False,False,2.0,0.18181818181818182,0.0,0.18181818181818182,0.09090909090909091,0.0,0.0,1.0,0.0,0.0,22.727272727272727,Medium,brittany09@example.com,USA,2024-04-01 19:36:43,rejected,False,273,2538.66,1023.6
USR01416,0,0,0,True,verified,False,False,0.0,0.0,0.0,0.0,0.0,0.0,0.0,1.0,0.0,0.0,0.0,Low,cookanthony@example.net,India,2024-04-20 10:28:53,verified,True,254,1650.68,1010.04
USR01417,0,0,0,True,pending,False,False,0.0,0.0,0.0,0.0,0.16666666666666666,0.0,1.0,2.0,0.0,0.0,13.666666666666668,Low,jenniferanderson@example.org,Germany,2024-01-07 07:40:07,pending,True,358,581.35,42.89
USR01418,0,1,0,True,rejected,False,False,0.0,0.0,0.0,0.0,0.0,0.0,0.0,0.0,0.0,0.0,27.0,Medium,melissarodriguez@example.net,USA,2024-06-04 11:28:47,rejected,True,209,378.29,0.0
USR01419,0,0,0,True,verified,False,False,0.0,0.0,0.0,0.0,0.0,0.0,0.0,0.0,0.0,0.0,0.0,Low,marcusanthony@example.com,India,2024-07-10 14:13:50,verified,True,173,167.97,0.0
USR01420,0,0,0,True,verified,False,False,0.0,0.0,0.0,0.0,0.0,0.0,0.0,0.0,0.0,0.0,0.0,Low,jeffery73@example.net,Russia,2024-01-19 13:50:50,verified,True,346,41.62,0.0
USR01421,0,0,0,False,rejected,False,False,1.0,0.25,0.0,0.25,0.25,0.0,1.0,2.0,0.0,0.0,32.25,Medium,harrissarah@example.net,India,2024-02-04 04:22:31,rejected,False,330,1533.24,980.63
USR01422,0,0,0,True,verified,False,False,1.0,0.2,0.0,0.2,0.0,0.0,0.0,0.0,0.0,0.0,2.6,Low,ashley75@example.net,India,2024-01-21 09:15:05,verified,True,344,0.0,2267.11
USR01423,0,0,0,True,verified,False,False,0.0,0.0,0.0,0.0,0.16666666666666666,0.0,0.0,0.0,0.0,0.0,0.6666666666666666,Low,nelsonsarah@example.net,UK,2024-08-25 23:14:59,verified,True,127,1649.45,195.21
USR01424,0,0,0,True,verified,False,False,1.0,0.5,1.0,0.16666666666666666,0.5,0.0,1.0,2.0,0.0,0.0,17.833333333333332,Low,ronaldarmstrong@example.com,Nigeria,2024-05-04 00:23:46,verified,True,240,37.45,1226.42
USR01425,0,0,0,True,pending,False,False,0.0,0.0,0.0,0.0,0.5,0.0,0.0,0.0,0.0,0.0,7.0,Low,gomezkevin@example.org,USA,2024-02-17 12:36:06,pending,True,317,0.0,55.72
USR01426,0,0,0,True,pending,False,False,0.0,0.0,0.0,0.0,0.2,0.0,1.0,2.0,0.0,0.0,13.8,Low,jordanmario@example.net,India,2024-07-06 11:08:56,pending,True,177,2255.16,1300.24
USR01427,0,0,0,True,verified,False,False,1.0,0.125,0.0,0.125,0.125,0.0,0.0,0.0,0.0,0.0,2.125,Low,nathaniel65@example.org,UK,2024-09-13 02:48:22,verified,True,108,2133.4,2179.29
USR01428,0,0,0,True,verified,False,False,1.0,0.5714285714285714,1.0,0.14285714285714285,0.0,0.0,0.0,0.0,0.0,0.0,8.285714285714285,Low,brandoncole@example.net,India,2024-09-17 09:30:11,verified,True,104,494.58,87.14
USR01429,0,0,0,True,pending,False,False,0.0,0.0,0.0,0.0,0.0,0.0,0.0,0.0,0.0,0.0,5.0,Low,jbishop@example.net,Brazil,2024-07-23 22:00:16,pending,True,160,1883.63,159.34
USR01430,0,0,0,False,verified,False,False,0.0,0.3333333333333333,1.0,0.0,0.0,0.0,0.0,0.0,0.0,0.0,13.666666666666666,Low,raymond05@example.net,India,2024-02-11 00:49:37,verified,False,323,544.49,7.48
USR01431,0,0,0,False,verified,False,False,0.0,0.0,0.0,0.0,0.5,0.0,0.0,0.0,0.0,0.0,10.0,Low,mhanson@example.org,USA,2024-10-29 22:19:23,verified,False,62,0.0,1178.77
USR01432,0,0,0,False,verified,False,False,0.0,0.0,0.0,0.0,0.0,0.0,0.0,0.0,0.0,0.0,8.0,Low,robert98@example.com,UK,2024-02-09 15:18:31,verified,False,325,0.0,2168.25
USR01433,0,0,0,True,verified,False,False,2.0,0.5714285714285714,1.0,0.2857142857142857,0.14285714285714285,0.0,0.0,0.0,0.0,0.0,9.571428571428571,Low,abryant@example.com,India,2024-01-12 02:26:35,verified,True,353,32988.67,0.0
USR01434,0,0,0,True,verified,False,False,0.0,0.0,0.0,0.0,0.0,0.0,0.0,1.0,0.0,0.0,0.0,Low,ygonzalez@example.org,USA,2024-03-23 08:35:55,verified,True,282,56.38,0.0
USR01435,0,0,0,True,verified,False,False,0.0,0.0,0.0,0.0,0.0,0.0,0.0,0.0,0.0,0.0,0.0,Low,michaelcastro@example.com,India,2024-09-08 21:35:34,verified,True,113,0.0,0.0
USR01436,0,0,0,False,verified,False,False,1.0,1.0,1.0,0.2,0.2,0.0,0.0,0.0,0.0,0.0,20.8,Medium,michellemcguire@example.org,UK,2024-08-23 21:49:37,verified,False,129,10272.18,714.17
USR01437,0,0,1,True,pending,True,False,0.0,0.0,0.0,0.0,0.5,0.0,0.0,1.0,0.0,0.0,17.0,Low,josecline@example.com,India,2024-01-21 15:16:47,pending,True,344,0.0,166.53
USR01438,0,0,1,False,verified,True,False,1.0,0.2,0.0,0.2,0.0,0.0,0.0,0.0,0.0,0.0,20.6,Medium,bwallace@example.net,India,2024-09-28 15:55:37,verified,False,93,0.0,0.0
USR01439,0,0,0,True,verified,False,False,0.0,0.0,0.0,0.0,0.2,0.0,1.0,2.0,0.0,0.0,8.8,Low,brooksshelly@example.net,USA,2024-03-20 21:18:47,verified,True,285,283.35,118.03
USR01440,0,0,0,False,verified,False,False,0.0,0.0,0.0,0.0,0.0,0.0,1.0,2.0,0.0,0.0,16.0,Low,fharper@example.org,USA,2024-03-12 21:03:34,verified,False,293,629.18,475.12
USR01441,0,0,0,False,verified,False,False,0.0,0.0,0.0,0.0,0.125,0.0,1.0,2.0,0.0,0.0,16.5,Low,melissa56@example.com,India,2024-05-02 09:03:40,verified,False,242,807.06,2031.2
USR01442,0,0,0,True,pending,False,False,0.0,0.0,0.0,0.0,0.5,0.0,1.0,2.0,0.0,0.0,15.0,Low,portermark@example.com,India,2024-06-15 04:31:38,pending,True,198,114.68,0.0
USR01443,0,0,0,True,verified,False,False,8.0,2.3,8.0,0.8,0.0,7.0,0.0,0.0,0.0,0.0,52.4,High,jennifer51@example.com,India,2024-08-18 16:31:45,verified,True,134,0.0,366.98
USR01444,0,0,0,True,verified,False,False,1.0,0.16666666666666666,0.0,0.16666666666666666,0.16666666666666666,0.0,0.0,0.0,0.0,0.0,2.833333333333333,Low,lferrell@example.com,Nigeria,2024-01-07 18:05:39,verified,True,358,1512.12,356.0
USR01445,0,0,0,True,verified,False,False,1.0,2.0,1.0,1.0,0.0,0.0,0.0,0.0,0.0,0.0,24.0,Medium,janice53@example.net,India,2024-02-06 11:18:20,verified,True,328,740.01,0.0
USR01446,0,0,0,True,pending,False,False,0.0,0.0,0.0,0.0,0.25,0.0,0.0,0.0,0.0,0.0,6.0,Low,johnlambert@example.com,India,2024-09-14 15:24:56,pending,True,107,488.34,359.09
USR01447,0,0,0,True,verified,False,False,1.0,0.5714285714285714,1.0,0.14285714285714285,0.14285714285714285,0.0,0.0,0.0,0.0,0.0,8.857142857142856,Low,michelle53@example.net,Nigeria,2024-10-27 19:06:29,verified,True,64,1700.55,53128.33
USR01448,0,0,0,True,verified,True,False,0.0,0.0,0.0,0.0,0.0,0.0,0.0,0.0,0.0,0.0,0.0,Low,kmoss@example.net,Nigeria,2024-09-05 11:22:16,verified,True,116,0.0,0.0
USR01449,0,0,0,False,verified,False,False,0.0,0.2,0.0,0.0,0.0,0.0,1.0,2.0,0.0,0.0,17.6,Low,kstein@example.com,UK,2024-09-27 05:22:57,verified,False,94,196.14,161.32
USR01450,0,0,0,False,verified,False,False,0.0,0.0,0.0,0.0,0.0,0.0,0.0,1.0,0.0,0.0,8.0,Low,ashleymitchell@example.org,Nigeria,2024-04-16 09:09:20,verified,False,258,0.0,0.0
USR01451,0,0,0,False,verified,False,False,0.0,0.0,0.0,0.0,0.0,0.0,0.0,0.0,0.0,0.0,8.0,Low,ryork@example.net,India,2024-04-13 00:51:43,verified,False,261,2451.15,0.0
USR01452,0,0,0,True,verified,False,False,1.0,0.75,1.0,0.25,0.0,0.0,0.0,2.0,0.0,0.0,10.25,Low,joecharles@example.net,India,2024-03-15 00:15:57,verified,True,290,0.0,388.98
USR01453,0,0,0,True,verified,False,False,1.0,0.5,1.0,0.25,0.0,0.0,0.0,0.0,0.0,0.0,8.25,Low,harrisonsarah@example.org,Russia,2024-11-03 18:52:25,verified,True,57,2026.43,75.82
USR01454,0,0,0,True,verified,False,False,0.0,0.0,0.0,0.0,0.0,0.0,0.0,0.0,0.0,0.0,0.0,Low,dorothyrichmond@example.org,USA,2024-02-28 08:13:26,verified,True,306,991.0,0.0
USR01455,0,0,0,True,verified,True,True,1.0,0.5,1.0,0.25,0.25,0.0,0.0,0.0,0.0,0.0,9.25,Low,uchaney@example.com,India,2024-04-24 11:03:08,verified,True,250,124.35,385.73
USR01456,0,0,0,True,verified,True,False,0.0,0.0,0.0,0.0,0.0,0.0,0.0,1.0,0.0,0.0,0.0,Low,luke86@example.net,India,2024-11-19 22:28:09,verified,True,41,115.51,190.87
USR01457,0,0,0,True,verified,False,False,0.0,0.0,0.0,0.0,0.25,0.0,0.0,1.0,0.0,0.0,1.0,Low,ashley80@example.com,India,2024-10-11 16:33:01,verified,True,80,560.45,216.51
USR01458,0,0,0,False,rejected,False,False,0.0,0.2,0.0,0.0,0.2,0.0,0.0,0.0,0.0,0.0,22.400000000000002,Medium,tsmith@example.net,India,2024-11-11 05:40:37,rejected,False,49,1818.23,2770.43
USR01459,0,0,0,True,verified,False,False,0.0,0.0,0.0,0.0,0.3333333333333333,0.0,0.0,1.0,0.0,0.0,1.3333333333333333,Low,billberg@example.net,UK,2024-08-19 20:48:17,verified,True,133,1663.92,0.0
USR01460,0,0,0,True,rejected,False,False,0.0,0.0,0.0,0.0,0.0,0.0,0.0,1.0,0.0,0.0,12.0,Low,william82@example.org,India,2024-03-18 11:32:12,rejected,True,287,83.22,199.92
USR01461,0,0,0,True,verified,False,False,0.0,0.0,0.0,0.0,0.5,0.0,0.0,0.0,0.0,0.0,2.0,Low,pattyvaldez@example.org,Nigeria,2024-06-28 02:16:13,verified,True,185,685.04,0.0
USR01462,0,0,0,True,rejected,False,False,0.0,0.0,0.0,0.0,0.3333333333333333,0.0,0.0,0.0,0.0,0.0,13.333333333333334,Low,mnguyen@example.org,India,2024-05-01 15:47:56,rejected,True,243,0.0,270.26
USR01463,0,0,0,False,pending,True,False,1.0,0.42857142857142855,1.0,0.14285714285714285,0.2857142857142857,0.0,0.0,1.0,0.0,0.0,21.285714285714285,Medium,foxheidi@example.net,Russia,2024-06-28 03:28:42,pending,False,185,122.22,654.85
USR01464,0,0,0,True,pending,False,False,1.0,0.5,1.0,0.16666666666666666,0.16666666666666666,0.0,0.0,0.0,0.0,0.0,13.5,Low,aallen@example.net,USA,2024-08-13 08:59:49,pending,True,139,1187.99,783.51
USR01465,0,0,0,True,pending,False,False,0.0,0.0,0.0,0.0,0.4,0.0,0.0,0.0,0.0,0.0,6.6,Low,jacqueline78@example.org,USA,2024-06-01 11:51:00,pending,True,212,1239.48,261.96
USR01466,0,0,0,True,verified,False,False,0.0,0.0,0.0,0.0,0.0,0.0,0.0,0.0,0.0,0.0,0.0,Low,bdudley@example.com,USA,2024-02-02 21:04:47,verified,True,332,588.91,577.8
USR01467,0,0,0,True,pending,False,False,0.0,0.0,0.0,0.0,0.0,0.0,0.0,0.0,1.0,0.0,9.0,Low,salazarmonica@example.com,India,2024-07-05 23:36:21,pending,True,178,0.0,0.0
USR01468,0,0,0,True,verified,False,False,1.0,0.2,0.0,0.2,0.0,0.0,0.0,0.0,0.0,0.0,2.6,Low,cynthia74@example.org,UK,2024-09-29 11:07:52,verified,True,92,349.36,1609.78
USR01469,0,0,0,True,verified,False,False,2.0,1.0,1.0,0.5,0.25,0.0,0.0,0.0,0.0,0.0,14.5,Low,alan26@example.com,UK,2024-11-26 23:35:55,verified,True,34,0.0,50106.99
USR01470,0,0,0,True,verified,False,True,0.0,0.2,1.0,0.0,0.2,0.0,0.0,0.0,0.0,0.0,5.3999999999999995,Low,kurtvillanueva@example.net,USA,2024-03-18 22:39:30,verified,True,287,188.59,1224.98
USR01471,0,0,0,False,pending,True,False,0.0,0.0,0.0,0.0,0.0,0.0,0.0,0.0,0.0,0.0,13.0,Low,lewisjeremy@example.net,India,2024-07-02 23:35:57,pending,False,181,0.0,695.68
USR01472,0,0,0,True,verified,False,False,0.0,0.0,0.0,0.0,0.0,0.0,0.0,0.0,0.0,0.0,0.0,Low,tvance@example.net,USA,2024-11-22 21:24:23,verified,True,38,1242.21,223.68
USR01473,0,0,0,True,pending,False,False,0.0,0.0,0.0,0.0,0.75,0.0,1.0,2.0,0.0,0.0,16.0,Low,matthewclark@example.org,Germany,2024-02-26 19:06:53,pending,True,308,589.44,0.0
USR01474,0,0,0,True,verified,False,False,0.0,0.0,0.0,0.0,0.0,0.0,1.0,2.0,0.0,0.0,8.0,Low,crichardson@example.net,India,2024-07-31 07:26:11,verified,True,152,614.57,361.31
USR01475,0,0,0,True,verified,False,False,0.0,0.0,0.0,0.0,0.0,0.0,0.0,0.0,0.0,0.0,0.0,Low,vmiller@example.net,India,2024-04-16 20:52:33,verified,True,258,0.0,771.1
USR01476,0,0,0,True,verified,False,False,2.0,0.4,0.0,0.4,0.0,0.0,0.0,1.0,0.0,0.0,5.2,Low,michael70@example.com,USA,2024-06-26 12:18:56,verified,True,187,4393.81,0.0
USR01477,0,0,0,True,verified,False,False,0.0,0.0,0.0,0.0,0.5,0.0,0.0,2.0,0.0,0.0,2.0,Low,michael88@example.net,Russia,2024-06-21 14:50:53,verified,True,192,0.0,263.03
USR01478,0,0,0,True,verified,False,False,0.0,0.0,0.0,0.0,0.0,0.0,0.0,0.0,0.0,0.0,0.0,Low,pauldodson@example.com,USA,2024-03-02 11:35:54,verified,True,303,291.81,246.38
USR01479,0,0,0,True,pending,False,False,0.0,0.0,0.0,0.0,0.0,0.0,0.0,0.0,0.0,0.0,5.0,Low,jeffrey10@example.com,UK,2024-01-25 09:01:09,pending,True,340,633.5,0.0
USR01480,0,0,0,False,verified,False,False,0.0,0.0,0.0,0.0,0.0,0.0,0.0,2.0,0.0,0.0,8.0,Low,yschmitt@example.org,India,2024-02-24 09:15:39,verified,False,310,422.7,826.47
USR01481,0,0,0,True,verified,False,False,0.0,0.0,0.0,0.0,0.0,0.0,1.0,2.0,0.0,0.0,8.0,Low,justin10@example.com,India,2024-05-26 05:26:46,verified,True,218,1805.46,1505.24
USR01482,0,0,0,True,verified,False,False,1.0,0.14285714285714285,0.0,0.14285714285714285,0.2857142857142857,0.0,0.0,0.0,0.0,0.0,3.0,Low,pjohnson@example.org,Russia,2024-04-10 16:09:41,verified,True,264,2089.16,536.64
USR01483,0,0,0,True,rejected,True,False,0.0,0.0,0.0,0.0,0.0,0.0,0.0,1.0,0.0,0.0,12.0,Low,leah85@example.net,India,2024-01-18 10:46:11,rejected,True,347,482.29,1102.6
USR01484,0,0,0,True,verified,False,False,0.0,0.0,0.0,0.0,0.0,0.0,0.0,0.0,0.0,0.0,0.0,Low,jessica38@example.net,India,2024-11-10 00:16:59,verified,True,50,0.0,614.83
USR01485,0,0,0,True,verified,False,False,0.0,0.0,0.0,0.0,0.0,0.0,0.0,0.0,0.0,0.0,0.0,Low,andre04@example.org,India,2024-06-12 03:12:25,verified,True,201,0.0,0.0
USR01486,0,0,0,True,verified,False,False,2.0,0.6666666666666666,1.0,0.3333333333333333,0.0,0.0,0.0,2.0,0.0,0.0,9.999999999999998,Low,allenedwards@example.org,Brazil,2024-05-25 08:56:05,verified,True,219,32442.17,1325.69
USR01487,0,0,0,True,verified,False,False,0.0,0.0,0.0,0.0,1.0,0.0,0.0,1.0,0.0,0.0,4.0,Low,susanlee@example.org,India,2024-09-04 12:57:33,verified,True,117,0.0,89.58
USR01488,0,0,0,True,rejected,False,False,0.0,0.0,0.0,0.0,0.5,0.0,0.0,1.0,0.0,0.0,14.0,Low,ibailey@example.net,Germany,2024-03-03 22:47:03,rejected,True,302,0.0,113.15
USR01489,0,0,0,True,verified,False,False,0.0,0.0,0.0,0.0,0.2,0.0,0.0,2.0,0.0,0.0,0.8,Low,amanda27@example.com,Nigeria,2024-02-07 08:42:21,verified,True,327,301.96,0.0
USR01490,0,0,0,True,verified,False,False,1.0,1.0,2.0,0.2,0.2,0.0,0.0,0.0,0.0,0.0,15.8,Low,mullenrobert@example.org,Russia,2024-01-28 22:45:48,verified,True,337,320.07,11.42
USR01491,0,0,0,True,verified,False,False,0.0,0.0,0.0,0.0,0.2,0.0,0.0,0.0,0.0,0.0,0.8,Low,dukeleroy@example.net,India,2024-03-21 13:48:18,verified,True,284,735.37,0.0
USR01492,0,0,0,True,verified,False,False,0.0,0.0,0.0,0.0,0.5,0.0,0.0,0.0,0.0,0.0,2.0,Low,elizabeth98@example.org,Nigeria,2024-01-27 01:55:37,verified,True,338,3257.15,1294.66
USR01493,0,0,0,True,rejected,False,False,0.0,0.0,0.0,0.0,0.16666666666666666,0.0,1.0,2.0,0.0,0.0,20.666666666666664,Medium,jessica09@example.net,USA,2024-02-09 04:34:38,rejected,True,325,505.28,409.13
USR01494,0,0,0,False,verified,False,False,0.0,0.0,0.0,0.0,0.5,0.0,0.0,0.0,0.0,0.0,10.0,Low,braychristopher@example.org,India,2024-11-17 14:54:12,verified,False,43,0.0,0.0
USR01495,0,0,0,True,verified,False,False,0.0,0.0,0.0,0.0,0.0,0.0,0.0,1.0,0.0,0.0,0.0,Low,sheilamartinez@example.com,USA,2024-08-11 10:42:19,verified,True,141,0.0,260.26
USR01496,0,0,0,True,verified,False,False,0.0,0.0,0.0,0.0,0.25,0.0,0.0,0.0,0.0,0.0,1.0,Low,welchjonathan@example.net,Russia,2024-02-13 01:25:29,verified,True,321,262.87,13.17
USR01497,0,0,0,True,rejected,False,False,0.0,0.0,0.0,0.0,0.2,0.0,0.0,1.0,0.0,0.0,12.8,Low,bryan35@example.net,India,2024-03-18 20:54:01,rejected,True,287,870.78,101.36
USR01498,0,0,0,True,verified,False,False,0.0,0.0,0.0,0.0,0.0,0.0,0.0,0.0,0.0,0.0,0.0,Low,joelowens@example.com,USA,2024-09-14 14:44:26,verified,True,107,459.08,0.0
USR01499,0,0,0,True,verified,False,True,1.0,0.3333333333333333,1.0,0.16666666666666666,0.3333333333333333,0.0,0.0,0.0,0.0,0.0,7.833333333333332,Low,douglaswebb@example.org,Russia,2024-11-20 06:47:46,verified,True,40,698.64,461.81
USR01500,0,0,0,True,verified,False,False,0.0,0.0,0.0,0.0,0.0,0.0,1.0,2.0,0.0,0.0,8.0,Low,vanganthony@example.net,India,2024-02-01 07:11:08,verified,True,333,0.0,216.13
USR01501,0,0,0,False,verified,False,False,0.0,0.0,0.0,0.0,0.14285714285714285,0.0,1.0,2.0,0.0,0.0,16.57142857142857,Low,gcruz@example.com,India,2024-03-28 11:26:09,verified,False,277,0.0,524.13
USR01502,0,0,0,True,verified,True,False,0.0,0.0,0.0,0.0,0.3333333333333333,0.0,0.0,1.0,0.0,0.0,1.3333333333333333,Low,chaddavis@example.com,India,2024-01-22 11:57:37,verified,True,343,1218.51,756.67
USR01503,0,0,0,True,pending,False,False,0.0,0.0,0.0,0.0,0.0,0.0,0.0,1.0,0.0,0.0,5.0,Low,browningsierra@example.org,USA,2024-05-26 12:01:04,pending,True,218,857.01,506.8
USR01504,0,0,0,True,verified,False,False,1.0,0.6,1.0,0.2,0.2,0.0,0.0,0.0,0.0,0.0,9.600000000000001,Low,james87@example.com,Brazil,2024-05-22 19:17:35,verified,True,222,564.73,756.51
USR01505,0,0,0,False,verified,False,False,1.0,0.2,0.0,0.2,0.2,0.0,0.0,0.0,0.0,0.0,11.4,Low,jserrano@example.com,Germany,2024-06-09 10:02:57,verified,False,204,431.5,0.0
USR01506,0,0,0,True,verified,False,False,0.0,0.0,0.0,0.0,0.2,0.0,1.0,2.0,0.0,0.0,8.8,Low,ztaylor@example.net,India,2024-10-06 13:16:21,verified,True,85,3652.54,44.61
USR01507,0,0,0,True,verified,False,False,0.0,0.0,0.0,0.0,0.0,0.0,1.0,2.0,0.0,0.0,8.0,Low,xsampson@example.com,India,2024-08-21 22:55:27,verified,True,131,0.0,0.0
USR01508,0,0,0,True,pending,False,False,0.0,0.2,0.0,0.0,0.0,0.0,0.0,1.0,0.0,0.0,6.6,Low,fbell@example.net,India,2024-01-30 19:51:49,pending,True,335,407.19,5036.5
USR01509,0,0,0,True,verified,False,False,0.0,0.0,0.0,0.0,0.0,0.0,0.0,1.0,0.0,0.0,0.0,Low,wgriffin@example.com,Brazil,2024-11-29 12:13:29,verified,True,31,92.05,0.0
USR01510,0,0,0,True,verified,False,False,1.0,0.2,0.0,0.2,0.2,0.0,0.0,1.0,0.0,0.0,3.4000000000000004,Low,vjenkins@example.com,USA,2024-07-23 14:32:37,verified,True,160,2810.93,333.31
USR01511,0,0,0,True,verified,False,False,0.0,0.2,1.0,0.0,0.2,0.0,0.0,1.0,0.0,0.0,5.3999999999999995,Low,andrew98@example.com,Brazil,2024-08-29 12:15:54,verified,True,123,629.23,1977.07
USR01512,0,0,0,False,verified,False,False,0.0,0.0,0.0,0.0,0.0,0.0,0.0,0.0,0.0,0.0,8.0,Low,bobby59@example.com,Germany,2024-08-02 18:00:48,verified,False,150,1057.48,937.75
USR01513,0,0,0,True,verified,False,False,0.0,0.0,0.0,0.0,0.0,0.0,0.0,1.0,0.0,0.0,0.0,Low,lucaskim@example.com,India,2024-09-09 09:34:56,verified,True,112,0.0,0.0
USR01514,0,0,0,True,pending,False,False,0.0,0.0,0.0,0.0,0.0,0.0,0.0,0.0,0.0,0.0,5.0,Low,munozlisa@example.net,India,2024-04-26 16:03:02,pending,True,248,333.59,0.0
USR01515,0,0,0,True,verified,False,False,1.0,0.25,0.0,0.25,0.0,0.0,0.0,1.0,0.0,0.0,3.25,Low,carrieward@example.com,India,2024-05-29 09:19:16,verified,True,215,859.64,1232.83
USR01516,0,0,0,False,rejected,False,False,0.0,0.0,0.0,0.0,0.5,0.0,0.0,1.0,0.0,0.0,22.0,Medium,jamesnovak@example.org,India,2024-01-13 03:47:38,rejected,False,352,2537.82,235.13
USR01517,0,0,0,True,verified,False,False,1.0,0.16666666666666666,0.0,0.16666666666666666,0.16666666666666666,0.0,0.0,0.0,0.0,0.0,2.833333333333333,Low,brianna82@example.com,Germany,2024-04-11 22:58:56,verified,True,263,1503.81,0.0
USR01518,0,0,0,True,rejected,False,False,0.0,0.0,0.0,0.0,0.1,0.0,0.0,0.0,0.0,0.0,12.4,Low,jameshawkins@example.com,Germany,2024-06-15 01:02:50,rejected,True,198,3726.43,2552.91
USR01519,0,0,0,True,pending,False,False,0.0,0.0,0.0,0.0,0.0,0.0,1.0,2.0,0.0,0.0,13.0,Low,james48@example.com,USA,2024-09-20 07:08:02,pending,True,101,0.0,23.13
USR01520,0,0,0,True,verified,False,False,0.0,0.0,0.0,0.0,0.5555555555555556,0.0,0.0,0.0,0.0,0.0,2.2222222222222223,Low,tina67@example.com,UK,2024-04-11 00:18:51,verified,True,263,1640.95,1892.23
USR01521,0,0,0,True,verified,False,False,0.0,0.0,0.0,0.0,0.0,0.0,0.0,0.0,0.0,0.0,0.0,Low,chavezamanda@example.net,Russia,2024-11-06 12:42:32,verified,True,54,781.52,300.56
USR01522,0,0,0,True,verified,False,False,1.0,0.5,1.0,0.16666666666666666,0.0,0.0,0.0,0.0,0.0,0.0,7.833333333333333,Low,gonzalezanthony@example.net,UK,2024-01-15 23:50:09,verified,True,350,14453.53,926.4
USR01523,0,0,0,True,verified,False,False,0.0,0.0,0.0,0.0,0.0,0.0,0.0,0.0,0.0,0.0,0.0,Low,robertbrown@example.net,Nigeria,2024-02-18 06:37:11,verified,True,316,63.57,0.0
USR01524,0,0,0,True,verified,False,False,1.0,0.2,0.0,0.2,0.0,0.0,0.0,0.0,0.0,0.0,2.6,Low,khayes@example.net,USA,2024-01-04 10:40:51,verified,True,361,529.75,251.18
USR01525,0,0,0,True,pending,False,False,0.0,0.0,0.0,0.0,0.0,0.0,0.0,0.0,0.0,0.0,5.0,Low,laura44@example.org,India,2024-01-31 21:25:50,pending,True,334,820.17,0.0
USR01526,0,0,0,False,verified,False,False,1.0,0.375,1.0,0.125,0.25,0.0,1.0,2.0,0.0,0.0,23.625,Medium,ylara@example.net,India,2024-04-17 05:51:06,verified,False,257,368.69,403.9
USR01527,0,0,0,True,verified,False,True,1.0,0.2222222222222222,1.0,0.1111111111111111,0.1111111111111111,0.0,0.0,0.0,1.0,0.0,9.777777777777779,Low,lpatel@example.org,UK,2024-03-31 08:39:52,verified,True,274,706.24,189.4
USR01528,0,0,0,True,pending,False,False,0.0,0.0,0.0,0.0,0.0,0.0,0.0,1.0,0.0,0.0,5.0,Low,shawnnichols@example.com,Russia,2024-10-05 14:15:30,pending,True,86,145.8,0.0
USR01529,0,0,0,True,verified,False,False,0.0,0.0,0.0,0.0,0.5,0.0,0.0,0.0,0.0,0.0,2.0,Low,sfrench@example.net,USA,2024-11-25 21:03:00,verified,True,35,597.66,770.41
USR01530,0,0,1,True,verified,True,False,2.0,0.7142857142857143,1.0,0.2857142857142857,0.0,0.0,0.0,0.0,0.0,0.0,20.142857142857142,Medium,kross@example.net,USA,2024-07-17 11:11:46,verified,True,166,915.47,1902.7
USR01531,0,0,0,True,verified,False,False,0.0,0.0,0.0,0.0,0.0,0.0,0.0,1.0,0.0,0.0,0.0,Low,vmaxwell@example.net,India,2024-06-14 15:02:17,verified,True,199,379.97,0.0
USR01532,0,0,0,True,verified,False,False,0.0,0.0,0.0,0.0,0.16666666666666666,0.0,0.0,0.0,0.0,0.0,0.6666666666666666,Low,sdavila@example.org,India,2024-09-10 04:52:38,verified,True,111,1574.7,0.0
USR01533,0,0,0,True,pending,False,True,1.0,0.25,0.0,0.125,0.0,0.0,0.0,0.0,0.0,0.0,7.625,Low,hstone@example.org,USA,2024-02-28 06:41:27,pending,True,306,648.57,6423.67
USR01534,0,0,0,True,verified,False,False,1.0,0.18181818181818182,1.0,0.09090909090909091,0.09090909090909091,0.0,1.0,2.0,0.0,0.0,13.272727272727273,Low,petermitchell@example.net,Brazil,2024-07-16 08:36:07,verified,True,167,780.82,6742.27
USR01535,1,0,0,False,verified,False,False,0.0,0.0,0.0,0.0,0.0,0.0,0.0,1.0,0.0,0.0,23.0,Medium,dylanbrooks@example.org,India,2024-02-28 06:47:50,verified,False,306,0.0,845.89
USR01536,0,0,0,True,pending,False,False,0.0,0.0,0.0,0.0,0.0,0.0,0.0,0.0,0.0,0.0,5.0,Low,richard52@example.com,UK,2024-07-14 12:55:18,pending,True,169,0.0,583.94
USR01537,0,0,0,True,pending,False,False,0.0,0.0,0.0,0.0,0.3333333333333333,0.0,0.0,1.0,0.0,0.0,6.333333333333333,Low,veronica60@example.org,USA,2024-11-05 23:48:53,pending,True,55,1099.72,1404.9
USR01538,0,0,0,True,verified,False,False,0.0,0.0,0.0,0.0,1.0,0.0,0.0,0.0,0.0,0.0,4.0,Low,henry23@example.org,Germany,2024-04-23 19:33:59,verified,True,251,253.49,0.0
USR01539,0,0,0,True,verified,False,False,0.0,0.0,0.0,0.0,0.0,0.0,0.0,0.0,0.0,0.0,0.0,Low,olsonrebecca@example.com,Russia,2024-02-14 19:45:49,verified,True,320,0.0,349.95
USR01540,0,0,0,True,verified,False,False,1.0,0.18181818181818182,0.0,0.09090909090909091,0.18181818181818182,0.0,0.0,0.0,0.0,0.0,2.6363636363636367,Low,dflores@example.org,USA,2024-01-30 16:30:27,verified,True,335,946.91,481.46
USR01541,0,1,0,True,verified,False,False,0.0,0.0,0.0,0.0,0.0,0.0,0.0,0.0,0.0,0.0,15.0,Low,rodriguezstephen@example.net,India,2024-11-17 02:11:04,verified,True,43,0.0,644.32
USR01542,0,0,0,True,rejected,False,False,0.0,0.14285714285714285,1.0,0.0,0.0,0.0,0.0,1.0,0.0,0.0,16.142857142857142,Low,thomas08@example.com,India,2024-08-23 04:05:40,rejected,True,129,667.38,67.14
USR01543,0,0,0,True,verified,False,False,0.0,0.0,0.0,0.0,0.0,0.0,1.0,2.0,0.0,0.0,8.0,Low,lzuniga@example.net,India,2024-08-11 16:49:07,verified,True,141,91.23,155.0
USR01544,0,0,0,True,verified,False,False,0.0,0.0,0.0,0.0,0.0,0.0,0.0,0.0,0.0,0.0,0.0,Low,liglen@example.net,Brazil,2024-06-11 13:52:24,verified,True,202,171.75,595.25
USR01545,0,0,0,True,verified,True,False,1.0,0.7142857142857143,2.0,0.14285714285714285,0.2857142857142857,0.0,0.0,0.0,0.0,0.0,13.571428571428571,Low,vhudson@example.org,India,2024-06-16 13:07:28,verified,True,197,1318.63,5087.53
USR01546,0,0,0,False,verified,False,False,1.0,0.6666666666666666,1.0,0.3333333333333333,0.3333333333333333,0.0,0.0,0.0,0.0,0.0,19.333333333333332,Low,kevin83@example.org,India,2024-09-27 15:50:46,verified,False,94,0.0,1773.46
USR01547,0,0,0,False,rejected,False,False,0.0,0.0,0.0,0.0,0.0,0.0,0.0,1.0,0.0,0.0,20.0,Low,xgarcia@example.net,India,2024-08-27 11:24:15,rejected,False,125,783.73,158.17
USR01548,0,0,0,True,verified,False,False,0.0,0.0,0.0,0.0,0.0,0.0,0.0,0.0,0.0,0.0,0.0,Low,scott76@example.com,India,2024-09-01 23:46:49,verified,True,120,0.0,0.0
USR01549,0,0,0,True,verified,False,False,0.0,0.0,0.0,0.0,0.0,0.0,0.0,0.0,0.0,0.0,0.0,Low,shelleytaylor@example.net,USA,2024-10-24 11:13:28,verified,True,67,127.66,0.0
USR01550,0,0,0,True,rejected,False,False,1.0,0.25,0.0,0.25,0.0,0.0,0.0,0.0,0.0,0.0,15.25,Low,ktodd@example.com,USA,2024-09-18 17:16:09,rejected,True,103,3320.25,0.0
USR01551,0,0,0,True,verified,False,False,0.0,0.0,0.0,0.0,0.0,0.0,0.0,0.0,0.0,0.0,0.0,Low,nicolehunter@example.com,India,2024-02-07 15:09:37,verified,True,327,0.0,430.89
USR01552,0,0,0,True,rejected,False,False,0.0,0.0,0.0,0.0,0.14285714285714285,0.0,0.0,0.0,0.0,0.0,12.571428571428571,Low,traviscruz@example.org,Germany,2024-06-14 17:02:04,rejected,True,199,989.18,0.0
USR01553,0,0,0,True,verified,False,False,0.0,0.125,0.0,0.0,0.5,0.0,0.0,0.0,0.0,0.0,3.0,Low,kimberly55@example.com,USA,2024-10-10 21:16:22,verified,True,81,3072.45,0.0
USR01554,0,0,0,False,verified,False,False,1.0,0.5,1.0,0.125,0.25,0.0,0.0,1.0,0.0,0.0,16.625,Low,lisa73@example.org,India,2024-02-16 00:58:34,verified,False,318,424.03,441.88
USR01555,0,0,0,True,pending,False,False,0.0,0.0,0.0,0.0,0.0,0.0,0.0,0.0,0.0,0.0,5.0,Low,rfleming@example.net,UK,2024-08-23 09:54:56,pending,True,129,1312.57,48.28
USR01556,0,0,0,True,verified,False,False,1.0,0.5,1.0,0.25,0.0,0.0,0.0,0.0,0.0,0.0,8.25,Low,alewis@example.com,India,2024-10-20 03:50:57,verified,True,71,333.57,157.16
USR01557,0,0,0,True,pending,False,True,0.0,0.0,0.0,0.0,0.0,0.0,0.0,0.0,0.0,0.0,5.0,Low,bwiley@example.net,India,2024-07-08 15:54:00,pending,True,175,703.35,155.25
USR01558,0,0,0,False,verified,False,False,1.0,0.375,1.0,0.125,0.25,0.0,0.0,1.0,0.0,0.0,15.625,Low,wschmidt@example.net,Brazil,2024-07-21 07:04:58,verified,False,162,1722.24,1346.33
USR01559,0,0,0,True,rejected,False,False,0.0,0.0,0.0,0.0,0.0,0.0,0.0,1.0,0.0,0.0,12.0,Low,dcolon@example.org,India,2024-06-16 21:00:38,rejected,True,197,0.0,31.21
USR01560,0,0,0,True,verified,False,False,0.0,0.0,0.0,0.0,0.0,0.0,0.0,0.0,0.0,0.0,0.0,Low,michael32@example.com,UK,2024-11-08 02:28:40,verified,True,52,1235.23,2978.55
USR01561,0,0,0,False,verified,False,False,2.0,0.8333333333333334,1.0,0.3333333333333333,0.0,0.0,0.0,1.0,0.0,0.0,19.333333333333336,Low,evanskathy@example.com,India,2024-09-01 21:50:28,verified,False,120,2569.42,0.0
USR01562,0,0,0,True,pending,False,False,1.0,0.2727272727272727,2.0,0.09090909090909091,0.09090909090909091,0.0,0.0,0.0,0.0,0.0,14.0,Low,imcdonald@example.org,India,2024-02-09 00:09:26,pending,True,325,722.22,752.51
USR01563,0,0,0,False,verified,False,False,0.0,0.3333333333333333,0.0,0.0,0.3333333333333333,0.0,0.0,0.0,0.0,0.0,12.0,Low,christiejohnson@example.net,India,2024-01-14 20:09:11,verified,False,351,1018.07,0.0
USR01564,0,0,0,True,verified,False,False,0.0,0.0,0.0,0.0,0.2,0.0,0.0,0.0,0.0,0.0,0.8,Low,matthewlam@example.com,Germany,2024-03-16 23:51:14,verified,True,289,4232.86,62.77
USR01565,0,0,0,True,verified,False,False,2.0,0.3333333333333333,1.0,0.2222222222222222,0.1111111111111111,0.0,0.0,0.0,0.0,0.0,7.222222222222221,Low,sanderson@example.net,UK,2024-02-04 10:51:10,verified,True,330,1826.27,1499.88
USR01566,0,0,0,True,verified,False,True,0.0,0.0,0.0,0.0,0.125,0.0,0.0,0.0,0.0,0.0,0.5,Low,sergio28@example.net,UK,2024-03-21 23:47:55,verified,True,284,814.48,865.55
USR01567,0,0,0,True,verified,False,False,1.0,0.375,1.0,0.125,0.0,0.0,0.0,1.0,0.0,0.0,6.625,Low,lisasanders@example.com,India,2024-05-15 10:09:17,verified,True,229,2519.22,38462.67
USR01568,0,0,0,True,verified,False,False,0.0,0.0,0.0,0.0,0.2857142857142857,0.0,0.0,0.0,0.0,0.0,1.1428571428571428,Low,ohunt@example.org,USA,2024-07-07 09:05:11,verified,True,176,1241.98,442.65
USR01569,0,0,0,True,verified,False,False,0.0,0.2,0.0,0.0,0.4,0.0,0.0,2.0,0.0,0.0,3.2,Low,fitzgeraldkirsten@example.net,USA,2024-10-20 04:44:50,verified,True,71,5209.86,227.1
USR01570,0,0,0,False,pending,False,False,0.0,0.0,0.0,0.0,0.3333333333333333,0.0,0.0,1.0,0.0,0.0,14.333333333333334,Low,fschwartz@example.net,India,2024-05-03 20:25:08,pending,False,241,558.65,637.52
USR01571,0,0,0,True,pending,False,False,0.0,0.0,0.0,0.0,0.0,0.0,0.0,0.0,0.0,0.0,5.0,Low,wcruz@example.org,India,2024-07-08 23:26:08,pending,True,175,254.74,510.16
USR01572,0,0,0,True,verified,False,False,0.0,0.0,0.0,0.0,0.0,0.0,0.0,0.0,0.0,0.0,0.0,Low,ljenkins@example.net,India,2024-06-07 20:12:38,verified,True,206,2511.4,0.0
USR01573,0,0,0,True,verified,False,False,12.0,1.4,10.0,0.06666666666666667,0.06666666666666667,10.0,0.0,1.0,0.0,0.0,41.8,High,fhall@example.net,USA,2024-06-03 19:57:44,verified,True,210,1688.92,0.0
USR01574,0,0,0,True,rejected,False,False,0.0,0.1111111111111111,0.0,0.0,0.1111111111111111,0.0,0.0,1.0,0.0,0.0,13.333333333333334,Low,jerome07@example.org,India,2024-06-22 20:16:23,rejected,True,191,5432.19,1724.68
USR01575,0,0,1,True,verified,False,False,0.0,0.0,0.0,0.0,0.25,0.0,0.0,0.0,0.0,0.0,11.0,Low,pricekelly@example.org,USA,2024-08-26 04:24:26,verified,True,126,0.0,803.77
USR01576,0,0,0,True,verified,False,False,0.0,0.0,0.0,0.0,0.2857142857142857,0.0,0.0,1.0,0.0,0.0,1.1428571428571428,Low,qcrawford@example.com,Germany,2024-10-30 02:10:03,verified,True,61,401.55,1591.95
USR01577,0,0,0,True,verified,False,False,0.0,0.0,0.0,0.0,0.0,0.0,0.0,0.0,0.0,0.0,0.0,Low,nbrown@example.com,Nigeria,2024-05-20 14:59:44,verified,True,224,87.1,0.0
USR01578,0,0,0,False,verified,False,False,0.0,0.3333333333333333,1.0,0.0,0.0,0.0,0.0,0.0,0.0,0.0,13.666666666666666,Low,ooneill@example.org,India,2024-03-03 16:23:45,verified,False,302,228.62,0.0
USR01579,0,0,0,True,verified,False,False,0.0,0.0,0.0,0.0,0.0,0.0,0.0,0.0,0.0,0.0,0.0,Low,wcoleman@example.com,USA,2024-01-08 18:40:40,verified,True,357,239.85,0.0
USR01580,0,0,0,True,pending,False,False,1.0,0.2,0.0,0.2,0.2,0.0,0.0,1.0,0.0,0.0,8.4,Low,qschaefer@example.org,India,2024-01-10 09:58:25,pending,True,355,0.0,184.22
USR01581,0,0,0,True,verified,False,False,0.0,0.0,0.0,0.0,0.0,0.0,0.0,1.0,0.0,0.0,0.0,Low,usims@example.org,Nigeria,2024-09-11 11:36:52,verified,True,110,898.52,1696.72
USR01582,0,0,0,True,verified,False,False,0.0,0.2,0.0,0.0,0.2,0.0,0.0,0.0,0.0,0.0,2.4000000000000004,Low,jamesramirez@example.org,India,2024-09-30 04:59:41,verified,True,91,6091.0,0.0
USR01583,0,0,0,True,verified,False,False,1.0,0.5714285714285714,1.0,0.14285714285714285,0.0,0.0,0.0,0.0,0.0,0.0,8.285714285714285,Low,tracy29@example.org,Nigeria,2024-10-12 18:50:13,verified,True,79,83.05,42887.48
USR01584,0,0,1,True,verified,True,False,0.0,0.0,0.0,0.0,0.16666666666666666,0.0,0.0,0.0,0.0,0.0,10.666666666666666,Low,ohouston@example.org,India,2024-10-15 17:46:01,verified,True,76,0.0,2259.81
USR01585,1,0,0,True,verified,False,False,0.0,0.0,0.0,0.0,0.25,0.0,0.0,0.0,0.0,0.0,16.0,Low,steve76@example.org,Brazil,2024-06-06 19:16:36,verified,True,207,814.02,75.28
USR01586,0,0,0,True,verified,False,False,0.0,0.0,0.0,0.0,0.0,0.0,0.0,0.0,0.0,0.0,0.0,Low,raymond92@example.com,Germany,2024-07-12 00:42:03,verified,True,171,27.94,0.0
USR01587,0,0,0,True,verified,False,False,0.0,0.0,0.0,0.0,0.3333333333333333,0.0,0.0,0.0,0.0,0.0,1.3333333333333333,Low,rmiller@example.net,India,2024-01-10 16:00:32,verified,True,355,1368.19,300.48
USR01588,0,0,0,False,verified,False,False,0.0,0.0,0.0,0.0,0.0,0.0,0.0,0.0,0.0,0.0,8.0,Low,brendajackson@example.com,USA,2024-11-10 10:46:18,verified,False,50,0.0,320.03
USR01589,0,0,0,True,verified,False,False,0.0,0.0,0.0,0.0,0.0,0.0,0.0,0.0,0.0,0.0,0.0,Low,kwilliamson@example.com,USA,2024-02-02 13:54:00,verified,True,332,278.07,0.0
USR01590,0,0,0,True,verified,False,False,0.0,0.09090909090909091,0.0,0.0,0.09090909090909091,0.0,0.0,1.0,0.0,0.0,1.0909090909090908,Low,jasonallen@example.com,UK,2024-10-25 00:45:55,verified,True,66,847.54,32.94
USR01591,0,0,0,True,verified,False,True,1.0,1.0,1.0,0.3333333333333333,0.3333333333333333,0.0,1.0,6.0,0.0,0.0,22.0,Medium,ericking@example.org,UK,2024-08-20 12:34:08,verified,True,132,39789.45,2891.05
USR01592,0,0,0,True,pending,False,False,0.0,0.0,0.0,0.0,0.0,0.0,0.0,0.0,0.0,1.0,8.0,Low,pgarcia@example.net,USA,2024-05-01 13:31:19,pending,True,243,87.05,0.0
USR01593,0,0,0,True,verified,False,False,0.0,0.0,0.0,0.0,0.0,0.0,1.0,2.0,0.0,0.0,8.0,Low,bryanfuentes@example.org,UK,2024-10-11 16:42:04,verified,True,80,0.0,45.72
USR01594,0,0,0,False,verified,False,False,1.0,1.0,1.0,0.3333333333333333,0.0,0.0,0.0,0.0,0.0,0.0,20.666666666666668,Medium,dcontreras@example.com,Nigeria,2024-10-17 13:15:06,verified,False,74,46445.68,995.77
USR01595,0,0,0,True,verified,False,False,1.0,0.375,1.0,0.125,0.375,0.0,0.0,1.0,0.0,0.0,8.125,Low,diazjessica@example.com,UK,2024-08-31 04:16:47,verified,True,121,215.63,2477.16
USR01596,0,0,0,True,pending,False,False,0.0,0.0,0.0,0.0,0.0,0.0,0.0,0.0,0.0,0.0,5.0,Low,stevenalvarez@example.org,Nigeria,2024-06-18 02:57:43,pending,True,195,152.2,1279.66
USR01597,0,0,0,True,pending,False,False,0.0,0.0,0.0,0.0,0.0,0.0,0.0,0.0,0.0,0.0,5.0,Low,stephensonspencer@example.com,USA,2024-08-06 23:05:37,pending,True,146,0.0,0.0
USR01598,0,0,0,True,rejected,False,False,0.0,0.16666666666666666,0.0,0.0,0.0,0.0,1.0,2.0,0.0,0.0,21.333333333333336,Medium,hyork@example.net,India,2024-07-20 16:58:13,rejected,True,163,1421.85,0.0
USR01599,0,1,0,True,verified,False,False,1.0,0.2222222222222222,1.0,0.1111111111111111,0.1111111111111111,0.0,0.0,1.0,0.0,0.0,20.77777777777778,Medium,nancy85@example.net,USA,2024-02-22 13:27:11,verified,True,312,3465.48,1070.86
USR01600,0,0,0,True,verified,False,False,0.0,0.0,0.0,0.0,0.0,0.0,0.0,0.0,0.0,0.0,0.0,Low,clayton18@example.org,UK,2024-01-03 04:13:06,verified,True,362,810.43,919.62
USR01601,0,0,0,True,verified,False,False,0.0,0.0,0.0,0.0,0.42857142857142855,0.0,0.0,0.0,0.0,0.0,1.7142857142857142,Low,michaeljohnson@example.org,USA,2024-07-01 00:32:44,verified,True,182,3921.96,1124.3
USR01602,0,0,0,True,verified,False,False,1.0,0.75,1.0,0.25,0.0,0.0,0.0,0.0,0.0,0.0,10.25,Low,davidvalenzuela@example.net,Nigeria,2024-03-15 19:32:28,verified,True,290,962.44,0.0
USR01603,0,0,0,True,verified,False,False,1.0,0.3333333333333333,1.0,0.1111111111111111,0.0,0.0,0.0,2.0,0.0,0.0,6.222222222222221,Low,rachelmorrow@example.net,USA,2024-06-05 14:44:00,verified,True,208,583.86,40528.13
USR01604,0,0,0,True,pending,False,False,0.0,0.0,0.0,0.0,0.3333333333333333,0.0,0.0,2.0,0.0,0.0,6.333333333333333,Low,paul65@example.org,India,2024-03-25 01:22:50,pending,True,280,30.16,47.44
USR01605,0,0,0,True,verified,False,False,1.0,0.2,0.0,0.2,0.2,0.0,0.0,0.0,0.0,1.0,6.4,Low,mjohnson@example.com,USA,2024-05-08 05:18:57,verified,True,236,60.6,882.46
USR01606,0,0,0,False,verified,False,True,0.0,0.0,0.0,0.0,1.0,0.0,1.0,8.0,0.0,0.0,20.0,Low,whiteryan@example.net,India,2024-07-02 20:28:17,verified,False,181,187.3,420.51
USR01607,0,0,0,True,verified,False,False,0.0,0.0,0.0,0.0,0.2857142857142857,0.0,0.0,0.0,0.0,0.0,1.1428571428571428,Low,kbenson@example.com,India,2024-02-25 15:57:48,verified,True,309,646.8,2558.13
USR01608,0,0,0,True,verified,False,False,0.0,0.16666666666666666,1.0,0.0,0.16666666666666666,0.0,0.0,0.0,0.0,0.0,5.0,Low,nicolelewis@example.org,India,2024-06-19 18:11:55,verified,True,194,1039.28,810.91
USR01609,0,0,0,True,pending,False,False,0.0,0.0,0.0,0.0,0.0,0.0,0.0,0.0,0.0,0.0,5.0,Low,cwalker@example.com,India,2024-10-27 13:27:13,pending,True,64,373.47,388.74
USR01610,0,0,0,True,verified,False,False,0.0,0.0,0.0,0.0,0.2,0.0,0.0,1.0,0.0,0.0,0.8,Low,dharrington@example.com,USA,2024-11-23 01:47:28,verified,True,37,283.4,616.81
USR01611,0,0,0,True,verified,False,False,1.0,0.2,0.0,0.2,0.4,0.0,1.0,2.0,0.0,0.0,12.2,Low,cherylphillips@example.com,UK,2024-06-20 12:26:48,verified,True,193,4208.38,0.0
USR01612,0,0,0,True,verified,False,False,0.0,0.0,0.0,0.0,0.5,0.0,0.0,0.0,0.0,0.0,2.0,Low,brownrobert@example.net,Germany,2024-01-10 19:46:17,verified,True,355,193.91,0.0
USR01613,0,0,0,True,verified,False,False,0.0,0.0,0.0,0.0,0.0,0.0,0.0,1.0,0.0,0.0,0.0,Low,jenniferbenson@example.net,UK,2024-03-15 04:06:00,verified,True,290,0.0,978.69
USR01614,0,0,0,True,verified,False,False,0.0,0.0,0.0,0.0,0.0,0.0,0.0,0.0,0.0,0.0,0.0,Low,reedmaria@example.com,Brazil,2024-01-03 04:19:52,verified,True,362,2904.14,40.1
USR01615,0,1,0,True,rejected,True,False,0.0,0.0,0.0,0.0,0.25,0.0,1.0,2.0,0.0,0.0,36.0,Medium,award@example.com,USA,2024-04-16 00:48:13,rejected,True,258,120.19,803.03
USR01616,0,0,0,True,pending,True,False,3.0,0.5714285714285714,1.0,0.42857142857142855,0.0,0.0,0.0,0.0,0.0,0.0,14.714285714285714,Low,jeffrey57@example.com,USA,2024-11-15 17:57:06,pending,True,45,3372.9,3508.83
USR01617,0,0,0,True,pending,False,False,0.0,0.0,0.0,0.0,0.2857142857142857,0.0,0.0,1.0,0.0,0.0,6.142857142857142,Low,hneal@example.org,India,2024-10-18 11:58:18,pending,True,73,1440.09,0.0
USR01618,0,0,1,True,verified,True,False,0.0,0.0,0.0,0.0,0.5,0.0,1.0,2.0,0.0,0.0,20.0,Low,amandawilkinson@example.com,USA,2024-03-09 16:53:56,verified,True,296,1221.96,20.15
USR01619,0,0,0,True,pending,False,False,1.0,0.2857142857142857,1.0,0.14285714285714285,0.2857142857142857,0.0,0.0,1.0,0.0,0.0,12.14285714285714,Low,austin41@example.net,India,2024-01-25 04:54:55,pending,True,340,525.2,219.5
USR01620,0,0,0,False,verified,False,False,0.0,0.0,0.0,0.0,0.0,0.0,0.0,2.0,0.0,0.0,8.0,Low,benderjacob@example.com,India,2024-05-09 04:39:44,verified,False,235,799.28,0.0
USR01621,0,0,0,True,verified,False,False,2.0,0.5714285714285714,1.0,0.2857142857142857,0.0,0.0,0.0,1.0,0.0,0.0,9.0,Low,nunezchristine@example.net,USA,2024-05-22 05:45:31,verified,True,222,15062.49,0.0
USR01622,0,0,0,True,verified,False,False,0.0,0.0,0.0,0.0,0.125,0.0,0.0,1.0,0.0,0.0,0.5,Low,dawsonmarie@example.org,India,2024-11-16 10:00:01,verified,True,44,1061.23,1475.05
USR01623,0,0,0,True,verified,False,False,0.0,0.0,0.0,0.0,0.3333333333333333,0.0,0.0,0.0,0.0,0.0,1.3333333333333333,Low,michaeloconnor@example.org,UK,2024-09-24 11:18:17,verified,True,97,458.01,1155.28
USR01624,0,0,0,False,verified,False,False,1.0,0.2,0.0,0.2,0.0,0.0,0.0,0.0,0.0,0.0,10.6,Low,ijones@example.com,Nigeria,2024-05-16 04:37:08,verified,False,228,1972.17,0.0
USR01625,0,0,0,True,verified,False,False,1.0,0.16666666666666666,0.0,0.16666666666666666,0.0,0.0,0.0,0.0,0.0,0.0,2.1666666666666665,Low,scottashley@example.org,India,2024-02-05 04:05:47,verified,True,329,3057.48,474.22
USR01626,1,0,0,True,pending,False,False,0.0,0.0,0.0,0.0,0.0,0.0,0.0,1.0,0.0,0.0,20.0,Low,jessicawilliams@example.org,India,2024-01-05 01:17:44,pending,True,360,1248.5,0.0
USR01627,0,0,0,True,verified,False,False,15.0,2.588235294117647,15.0,0.8823529411764706,0.058823529411764705,13.0,0.0,0.0,0.0,0.0,55.35294117647059,High,thomasortiz@example.net,UK,2024-09-06 10:49:55,verified,True,115,71.59,14889.7
USR01628,0,0,0,True,pending,False,False,0.0,0.0,0.0,0.0,0.13333333333333333,0.0,0.0,0.0,0.0,0.0,5.533333333333333,Low,ortegalaurie@example.net,India,2024-04-21 11:44:50,pending,True,253,7012.87,0.0
USR01629,0,0,0,True,verified,False,False,2.0,0.3333333333333333,0.0,0.3333333333333333,0.16666666666666666,0.0,0.0,1.0,0.0,0.0,5.0,Low,chavezashley@example.com,USA,2024-03-09 18:48:15,verified,True,296,1726.04,1160.25
USR01630,0,0,0,True,pending,False,False,0.0,0.0,0.0,0.0,0.0,0.0,1.0,2.0,0.0,0.0,13.0,Low,russell46@example.com,USA,2024-10-26 23:00:54,pending,True,65,305.35,399.32
USR01631,0,0,0,True,verified,False,False,0.0,0.0,0.0,0.0,0.2222222222222222,0.0,0.0,0.0,0.0,0.0,0.8888888888888888,Low,brendasantana@example.com,Russia,2024-05-29 18:48:16,verified,True,215,1471.15,1055.57
USR01632,0,0,0,True,verified,False,False,0.0,0.0,0.0,0.0,0.3333333333333333,0.0,0.0,1.0,0.0,0.0,1.3333333333333333,Low,hilllinda@example.org,USA,2024-04-22 02:46:35,verified,True,252,1200.43,0.0
USR01633,0,0,0,True,verified,False,False,1.0,0.16666666666666666,0.0,0.16666666666666666,0.0,0.0,0.0,0.0,0.0,0.0,2.1666666666666665,Low,murillojonathan@example.org,India,2024-10-27 08:41:39,verified,True,64,170.21,2085.53
USR01634,0,0,0,True,verified,False,False,1.0,0.75,1.0,0.25,0.0,0.0,0.0,1.0,0.0,0.0,10.25,Low,alowe@example.org,India,2024-07-03 13:16:35,verified,True,180,0.0,139.04
USR01635,0,0,0,True,verified,False,False,12.0,1.9444444444444444,12.0,0.6666666666666666,0.0,11.0,0.0,1.0,0.0,0.0,48.88888888888889,High,gerald91@example.net,Brazil,2024-09-29 08:28:50,verified,True,92,70.05,928.06
USR01636,0,0,0,True,verified,False,False,0.0,0.0,0.0,0.0,0.0,0.0,1.0,2.0,0.0,0.0,8.0,Low,rebecca40@example.com,India,2024-02-08 22:00:12,verified,True,326,275.04,43.33
USR01637,0,0,0,True,verified,False,False,11.0,1.4285714285714286,10.0,0.0,0.07142857142857142,10.0,0.0,0.0,0.0,0.0,41.714285714285715,High,qbuck@example.com,USA,2024-08-27 11:14:36,verified,True,125,241.11,0.0
USR01638,0,0,0,False,verified,False,False,0.0,0.0,0.0,0.0,0.0,0.0,0.0,2.0,0.0,0.0,8.0,Low,dennisadam@example.org,USA,2024-05-24 22:36:49,verified,False,220,0.0,105.47
USR01639,0,0,0,True,verified,False,False,0.0,0.0,0.0,0.0,0.0,0.0,0.0,0.0,0.0,0.0,0.0,Low,ogonzalez@example.net,India,2024-07-15 21:13:00,verified,True,168,746.25,0.0
USR01640,0,0,0,True,rejected,False,False,0.0,0.0,0.0,0.0,0.3333333333333333,0.0,0.0,0.0,0.0,0.0,13.333333333333334,Low,stephenwalters@example.org,Russia,2024-03-05 14:49:05,rejected,True,300,202.77,0.0
USR01641,1,0,0,True,pending,True,False,0.0,0.0,0.0,0.0,0.25,0.0,0.0,0.0,0.0,0.0,21.0,Medium,brandonbentley@example.com,Germany,2024-10-18 23:45:02,pending,True,73,28.15,0.0
USR01642,0,0,0,True,pending,False,False,1.0,0.75,1.0,0.25,0.25,0.0,0.0,1.0,0.0,0.0,16.25,Low,ppatel@example.org,India,2024-02-24 22:30:41,pending,True,310,661.95,1000.0
USR01643,0,0,0,True,verified,False,False,1.0,0.5,1.0,0.125,0.25,0.0,1.0,2.0,0.0,0.0,16.625,Low,thompsonlisa@example.com,Nigeria,2024-04-27 00:09:17,verified,True,247,11516.54,0.0
USR01644,0,0,1,True,verified,False,False,1.0,0.6666666666666666,1.0,0.16666666666666666,0.3333333333333333,0.0,0.0,0.0,0.0,0.0,20.499999999999996,Medium,brucethompson@example.net,USA,2024-08-03 16:13:14,verified,True,149,1929.23,50000.0
USR01645,0,0,0,True,rejected,False,False,0.0,0.0,0.0,0.0,0.25,0.0,0.0,0.0,0.0,0.0,13.0,Low,misty24@example.net,India,2024-09-28 09:05:57,rejected,True,93,549.43,1120.81
USR01646,0,0,0,False,pending,False,False,0.0,0.0,0.0,0.0,0.2,0.0,0.0,0.0,0.0,0.0,13.8,Low,madison52@example.org,India,2024-05-30 12:27:02,pending,False,214,1042.09,209.85
USR01647,0,0,0,True,rejected,False,False,0.0,0.16666666666666666,1.0,0.0,0.16666666666666666,0.0,0.0,1.0,0.0,0.0,17.000000000000004,Low,mannbrian@example.com,USA,2024-10-10 15:33:41,rejected,True,81,187.13,2058.42
USR01648,0,0,0,True,pending,False,False,1.0,0.2,0.0,0.2,0.4,0.0,0.0,1.0,0.0,0.0,9.2,Low,ftodd@example.org,Germany,2024-01-11 10:41:29,pending,True,354,3315.14,497.79
USR01649,0,0,0,True,verified,False,False,0.0,0.0,0.0,0.0,0.6666666666666666,0.0,0.0,0.0,0.0,0.0,2.6666666666666665,Low,wsoto@example.net,India,2024-08-25 02:53:32,verified,True,127,0.0,1925.01
USR01650,0,0,0,True,verified,False,False,0.0,0.0,0.0,0.0,0.0,0.0,0.0,0.0,0.0,0.0,0.0,Low,regina27@example.com,UK,2024-04-27 06:15:55,verified,True,247,0.0,0.0
USR01651,0,0,0,True,verified,False,False,1.0,0.25,0.0,0.25,0.0,0.0,0.0,0.0,0.0,0.0,3.25,Low,greenjonathon@example.com,Russia,2024-11-14 22:50:16,verified,True,46,2168.14,170.96
USR01652,0,0,0,False,pending,False,False,0.0,0.16666666666666666,0.0,0.0,0.16666666666666666,0.0,0.0,0.0,0.0,0.0,15.0,Low,roachmatthew@example.org,UK,2024-02-11 08:00:16,pending,False,323,10435.4,0.0
USR01653,0,0,0,True,verified,False,False,0.0,0.0,0.0,0.0,0.2,0.0,0.0,0.0,0.0,0.0,0.8,Low,dmorton@example.org,USA,2024-01-05 17:56:25,verified,True,360,3007.88,0.0
USR01654,0,0,0,True,verified,False,False,0.0,0.0,0.0,0.0,0.25,0.0,0.0,0.0,0.0,0.0,1.0,Low,llandry@example.net,India,2024-09-17 06:40:10,verified,True,104,0.0,116.17
USR01655,0,0,0,True,rejected,False,False,0.0,0.0,0.0,0.0,0.5,0.0,0.0,0.0,0.0,0.0,14.0,Low,gwalker@example.com,Germany,2024-11-07 15:04:53,rejected,True,53,490.52,0.0
USR01656,0,0,0,True,verified,False,False,0.0,0.0,0.0,0.0,0.0,0.0,0.0,0.0,0.0,0.0,0.0,Low,orangel@example.net,USA,2024-02-13 08:51:35,verified,True,321,780.94,0.0
USR01657,0,0,0,True,pending,False,False,1.0,1.0,1.0,0.25,0.0,0.0,1.0,2.0,0.0,0.0,25.25,Medium,nunezrichard@example.net,India,2024-05-10 22:08:45,pending,True,234,25844.88,1240.5
USR01658,0,0,0,True,pending,False,False,0.0,0.0,0.0,0.0,0.5,0.0,0.0,0.0,0.0,0.0,7.0,Low,jennifer42@example.org,India,2024-06-17 21:27:01,pending,True,196,306.54,0.0
USR01659,0,0,0,True,verified,False,False,0.0,0.0,0.0,0.0,0.2222222222222222,0.0,0.0,1.0,0.0,0.0,0.8888888888888888,Low,michaelnorton@example.com,UK,2024-09-23 13:35:47,verified,True,98,1773.7,659.8
USR01660,0,0,0,True,verified,False,True,0.0,0.0,0.0,0.0,0.0,0.0,1.0,7.0,0.0,0.0,8.0,Low,tracy13@example.org,India,2024-04-23 21:11:31,verified,True,251,68.91,78.15
USR01661,0,0,0,True,verified,False,False,0.0,0.0,0.0,0.0,0.16666666666666666,0.0,0.0,0.0,0.0,0.0,0.6666666666666666,Low,carpenterkevin@example.org,India,2024-01-15 05:15:06,verified,True,350,0.0,566.1
USR01662,1,0,0,True,pending,True,False,0.0,0.0,0.0,0.0,0.0,0.0,0.0,0.0,0.0,0.0,20.0,Low,johnsonjoshua@example.org,Russia,2024-07-10 15:17:24,pending,True,173,962.0,971.19
USR01663,0,0,0,True,verified,False,False,0.0,0.0,0.0,0.0,0.2,0.0,0.0,1.0,0.0,0.0,0.8,Low,nluna@example.org,USA,2024-11-20 05:59:55,verified,True,40,5063.15,2446.61
USR01664,0,0,0,False,verified,False,False,0.0,0.0,0.0,0.0,0.16666666666666666,0.0,0.0,0.0,0.0,0.0,8.666666666666666,Low,wlee@example.com,Nigeria,2024-08-24 15:35:10,verified,False,128,2009.67,474.51
USR01665,0,0,0,True,verified,False,False,0.0,0.1111111111111111,0.0,0.0,0.1111111111111111,0.0,0.0,0.0,0.0,0.0,1.3333333333333333,Low,carrie05@example.net,India,2024-09-04 06:51:24,verified,True,117,732.81,1679.23
USR01666,0,0,0,True,verified,False,False,0.0,0.0,0.0,0.0,0.0,0.0,0.0,0.0,0.0,0.0,0.0,Low,bartonmary@example.net,India,2024-01-31 18:58:25,verified,True,334,890.69,617.07
USR01667,0,0,0,True,verified,False,False,0.0,0.0,0.0,0.0,0.0,0.0,0.0,0.0,2.0,0.0,8.0,Low,smithmichelle@example.net,UK,2024-07-18 15:11:45,verified,True,165,499.55,522.64
USR01668,0,0,0,True,verified,False,False,0.0,0.0,0.0,0.0,0.3,0.0,0.0,0.0,0.0,0.0,1.2,Low,rachelrobinson@example.com,India,2024-06-18 16:37:42,verified,True,195,1977.62,1434.84
USR01669,0,0,0,True,verified,False,False,0.0,0.0,0.0,0.0,0.0,0.0,0.0,0.0,0.0,0.0,0.0,Low,richamanda@example.com,USA,2024-03-11 09:28:10,verified,True,294,405.42,131.87
USR01670,0,0,0,True,pending,False,False,0.0,0.0,0.0,0.0,0.3333333333333333,0.0,0.0,1.0,0.0,0.0,6.333333333333333,Low,ralph34@example.com,USA,2024-04-13 17:07:01,pending,True,261,372.13,1706.79
USR01671,0,0,0,True,verified,False,False,0.0,0.0,0.0,0.0,0.0,0.0,0.0,0.0,0.0,0.0,0.0,Low,parrishmorgan@example.net,UK,2024-03-26 20:24:26,verified,True,279,243.24,328.25
USR01672,0,0,0,True,pending,False,False,0.0,0.0,0.0,0.0,0.4,0.0,0.0,0.0,0.0,0.0,6.6,Low,emilyadams@example.net,USA,2024-05-07 16:11:27,pending,True,237,134.68,1570.24
USR01673,0,0,0,True,verified,False,False,0.0,0.0,0.0,0.0,0.0,0.0,0.0,0.0,0.0,0.0,0.0,Low,hannahlyons@example.org,India,2024-02-28 22:40:45,verified,True,306,1257.53,715.92
USR01674,0,0,0,False,verified,False,False,0.0,0.0,0.0,0.0,0.2,0.0,0.0,1.0,0.0,0.0,8.8,Low,estradalarry@example.com,India,2024-01-13 12:44:44,verified,False,352,773.14,388.81
USR01675,0,0,0,True,verified,False,False,1.0,0.14285714285714285,0.0,0.14285714285714285,0.2857142857142857,0.0,0.0,1.0,0.0,0.0,3.0,Low,jamesromero@example.org,India,2024-10-17 11:58:00,verified,True,74,677.32,2897.75
USR01676,0,0,0,True,pending,False,False,0.0,0.0,0.0,0.0,1.0,0.0,0.0,0.0,0.0,0.0,9.0,Low,melissahill@example.com,USA,2024-08-30 16:08:32,pending,True,122,174.21,203.1
USR01677,0,0,0,True,verified,False,False,0.0,0.0,0.0,0.0,0.0,0.0,0.0,2.0,0.0,0.0,0.0,Low,marshallcynthia@example.com,India,2024-04-20 06:01:29,verified,True,254,137.17,0.0
USR01678,0,0,0,True,pending,False,False,1.0,1.0,1.0,0.25,0.25,0.0,0.0,0.0,0.0,0.0,18.25,Low,williamwest@example.net,India,2024-11-25 23:28:53,pending,True,35,1173.99,979.66
USR01679,0,0,0,True,verified,False,False,0.0,0.0,0.0,0.0,0.0,0.0,1.0,2.0,0.0,0.0,8.0,Low,gonzalezkathy@example.com,USA,2024-10-24 19:47:22,verified,True,67,0.0,84.46
USR01680,0,0,0,True,verified,False,False,1.0,0.1111111111111111,0.0,0.1111111111111111,0.1111111111111111,0.0,1.0,2.0,0.0,0.0,9.88888888888889,Low,kcampbell@example.com,USA,2024-08-20 17:24:04,verified,True,132,1624.8,3340.38
USR01681,0,0,0,True,verified,False,False,0.0,0.0,0.0,0.0,0.0,0.0,1.0,2.0,0.0,0.0,8.0,Low,ericfernandez@example.org,India,2024-09-04 01:55:47,verified,True,117,122.45,613.69
USR01682,0,0,0,True,pending,False,False,0.0,0.0,0.0,0.0,0.0,0.0,0.0,0.0,0.0,0.0,5.0,Low,harveysarah@example.net,Nigeria,2024-11-16 20:10:05,pending,True,44,758.83,88.5
USR01683,0,0,0,True,rejected,False,False,1.0,0.6,1.0,0.2,0.0,0.0,0.0,1.0,0.0,0.0,20.8,Medium,foxjesse@example.net,Brazil,2024-10-23 07:04:07,rejected,True,68,607.73,5689.23
USR01684,0,0,0,True,verified,False,True,0.0,0.25,1.0,0.0,0.25,0.0,0.0,0.0,0.0,0.0,6.0,Low,rebeccaadams@example.com,India,2024-06-08 08:12:55,verified,True,205,494.84,140.11
USR01685,0,0,0,True,verified,False,False,0.0,0.0,0.0,0.0,0.3333333333333333,0.0,0.0,0.0,0.0,0.0,1.3333333333333333,Low,loriadkins@example.net,India,2024-08-09 14:14:05,verified,True,143,464.38,68.76
USR01686,0,0,0,True,verified,False,True,0.0,0.14285714285714285,1.0,0.0,0.0,0.0,0.0,0.0,0.0,0.0,4.142857142857142,Low,guerrerojohn@example.org,USA,2024-02-05 07:52:07,verified,True,329,375.22,0.0
USR01687,0,0,0,True,rejected,False,False,0.0,0.0,0.0,0.0,0.14285714285714285,0.0,0.0,1.0,0.0,0.0,12.571428571428571,Low,jhull@example.org,India,2024-03-15 23:11:04,rejected,True,290,194.46,2221.54
USR01688,0,0,0,True,verified,False,False,0.0,0.0,0.0,0.0,0.0,0.0,1.0,2.0,0.0,0.0,8.0,Low,vbrooks@example.com,Nigeria,2024-03-18 14:08:02,verified,True,287,1233.04,0.0
USR01689,0,0,0,True,pending,False,False,1.0,0.75,1.0,0.25,0.0,0.0,0.0,0.0,0.0,0.0,15.25,Low,wcurtis@example.com,India,2024-08-22 06:41:17,pending,True,130,32518.31,86.46
USR01690,0,0,0,False,verified,False,False,0.0,0.0,0.0,0.0,0.0,0.0,1.0,2.0,0.0,0.0,16.0,Low,christina16@example.net,India,2024-11-21 09:33:54,verified,False,39,821.23,63.81
USR01691,0,0,0,True,pending,False,False,1.0,0.375,1.0,0.125,0.25,0.0,0.0,0.0,0.0,0.0,12.625,Low,evelynbest@example.org,USA,2024-01-13 13:16:05,pending,True,352,20.52,20522.61
USR01692,0,0,0,False,pending,False,False,1.0,1.0,1.0,0.3333333333333333,0.0,0.0,0.0,2.0,0.0,0.0,25.666666666666668,Medium,ramirezlori@example.org,UK,2024-04-10 23:38:53,pending,False,264,0.0,0.0
USR01693,0,0,0,True,pending,False,False,0.0,0.0,0.0,0.0,0.0,0.0,0.0,0.0,0.0,0.0,5.0,Low,oconnorangela@example.com,India,2024-06-19 07:18:47,pending,True,194,2507.57,0.0
USR01694,0,0,0,True,verified,False,False,0.0,0.0,0.0,0.0,0.0,0.0,0.0,1.0,0.0,0.0,0.0,Low,egonzalez@example.org,USA,2024-05-21 02:53:03,verified,True,223,45.24,0.0
USR01695,0,0,0,True,verified,False,False,0.0,0.16666666666666666,1.0,0.0,0.16666666666666666,0.0,1.0,2.0,0.0,0.0,13.0,Low,jamespetersen@example.com,Germany,2024-11-24 23:16:05,verified,True,36,958.46,873.0
USR01696,0,0,0,True,verified,False,False,1.0,0.16666666666666666,0.0,0.16666666666666666,0.16666666666666666,0.0,0.0,0.0,0.0,0.0,2.833333333333333,Low,jerry54@example.net,USA,2024-05-11 23:29:17,verified,True,233,420.94,2315.79
USR01697,0,1,0,True,verified,False,False,0.0,0.0,0.0,0.0,0.2,0.0,1.0,2.0,0.0,0.0,23.8,Medium,berrylisa@example.com,India,2024-06-26 23:07:30,verified,True,187,1233.84,4215.73
USR01698,0,0,0,True,verified,False,False,0.0,0.0,0.0,0.0,0.0,0.0,0.0,1.0,0.0,0.0,0.0,Low,daniel59@example.com,India,2024-11-01 18:51:25,verified,True,59,1609.97,1212.77
USR01699,0,0,0,False,verified,False,False,1.0,0.2857142857142857,0.0,0.14285714285714285,0.0,0.0,0.0,0.0,0.0,0.0,10.999999999999998,Low,bwilson@example.net,India,2024-01-11 01:46:58,verified,False,354,2033.86,116.61
USR01700,0,0,0,True,verified,False,False,1.0,0.4,1.0,0.2,0.0,0.0,0.0,0.0,0.0,0.0,7.2,Low,bstephens@example.org,UK,2024-09-03 04:19:32,verified,True,118,120.32,1062.79
USR01701,0,0,0,True,verified,False,False,1.0,0.2857142857142857,1.0,0.14285714285714285,0.0,0.0,0.0,0.0,0.0,0.0,6.0,Low,butlerkevin@example.org,USA,2024-08-23 21:50:20,verified,True,129,525.92,143.34
USR01702,0,0,0,True,verified,True,False,0.0,0.0,0.0,0.0,0.0,0.0,1.0,2.0,0.0,0.0,8.0,Low,theresathompson@example.net,USA,2024-08-14 21:27:46,verified,True,138,1969.33,0.0
USR01703,0,0,0,True,rejected,False,False,0.0,0.0,0.0,0.0,0.0,0.0,0.0,0.0,0.0,0.0,12.0,Low,robertlittle@example.net,USA,2024-05-13 16:18:09,rejected,True,231,0.0,0.0
USR01704,0,0,0,True,rejected,False,False,1.0,0.6666666666666666,1.0,0.3333333333333333,0.3333333333333333,0.0,0.0,2.0,0.0,0.0,23.333333333333332,Medium,douglas04@example.com,India,2024-09-08 19:18:25,rejected,True,113,815.72,199.82
USR01705,0,0,0,True,verified,False,False,0.0,0.0,0.0,0.0,0.25,0.0,0.0,1.0,0.0,0.0,1.0,Low,gibsonmartin@example.com,India,2024-05-12 23:05:30,verified,True,232,2578.86,732.38
USR01706,0,0,0,True,pending,False,False,0.0,0.0,0.0,0.0,0.0,0.0,0.0,1.0,0.0,0.0,5.0,Low,zturner@example.net,Brazil,2024-03-17 11:38:03,pending,True,288,0.0,41.58
USR01707,0,0,0,True,verified,False,False,0.0,0.0,0.0,0.0,0.5,0.0,0.0,1.0,0.0,0.0,2.0,Low,gonzalezamber@example.com,UK,2024-10-31 02:54:14,verified,True,60,0.0,1010.57
USR01708,0,0,0,True,verified,False,False,1.0,0.6666666666666666,1.0,0.3333333333333333,0.0,0.0,0.0,0.0,1.0,0.0,13.999999999999998,Low,kwilliams@example.net,Russia,2024-05-07 23:18:11,verified,True,237,1202.42,0.0
USR01709,0,0,0,True,verified,False,False,0.0,0.0,0.0,0.0,0.0,0.0,0.0,0.0,0.0,0.0,0.0,Low,greenrobert@example.net,India,2024-11-05 21:07:58,verified,True,55,2174.95,208.22
USR01710,0,0,0,False,verified,False,False,0.0,0.0,0.0,0.0,0.0,0.0,0.0,0.0,0.0,0.0,8.0,Low,joshuabryant@example.org,UK,2024-09-09 17:57:46,verified,False,112,351.74,1165.0
USR01711,0,0,0,False,verified,False,False,0.0,0.0,0.0,0.0,0.3333333333333333,0.0,0.0,1.0,0.0,0.0,9.333333333333334,Low,pricejane@example.net,Nigeria,2024-04-17 18:16:08,verified,False,257,0.0,1245.74
USR01712,0,0,0,True,pending,False,False,0.0,0.0,0.0,0.0,0.6666666666666666,0.0,1.0,2.0,0.0,0.0,15.666666666666666,Low,kelly64@example.com,Germany,2024-01-24 15:18:14,pending,True,341,427.72,914.87
USR01713,0,0,0,True,verified,False,False,1.0,0.25,0.0,0.25,0.0,0.0,0.0,0.0,0.0,0.0,3.25,Low,colton65@example.org,India,2024-01-20 20:07:34,verified,True,345,0.0,2305.52
USR01714,0,0,0,True,rejected,False,False,0.0,0.0,0.0,0.0,0.0,0.0,0.0,0.0,0.0,0.0,12.0,Low,watersjennifer@example.com,India,2024-07-29 15:14:38,rejected,True,154,0.0,171.22
USR01715,0,0,0,True,verified,False,False,0.0,0.0,0.0,0.0,0.0,0.0,0.0,0.0,0.0,0.0,0.0,Low,summer95@example.org,India,2024-10-06 14:42:48,verified,True,85,487.11,155.35
USR01716,0,0,0,True,verified,False,False,0.0,0.0,0.0,0.0,0.0,0.0,1.0,2.0,0.0,0.0,8.0,Low,romeroheather@example.com,India,2024-01-01 04:36:53,verified,True,364,1380.94,0.0
USR01717,0,0,0,True,verified,False,False,0.0,0.0,0.0,0.0,0.0,0.0,0.0,1.0,0.0,0.0,0.0,Low,megan07@example.org,Nigeria,2024-04-20 04:47:41,verified,True,254,1806.1,0.0
USR01718,0,0,0,True,pending,False,False,0.0,0.0,0.0,0.0,0.3333333333333333,0.0,0.0,0.0,0.0,0.0,6.333333333333333,Low,hoffmanmonique@example.net,Germany,2024-04-29 22:15:43,pending,True,245,2820.91,774.53
USR01719,0,0,0,True,rejected,False,False,1.0,0.3333333333333333,0.0,0.3333333333333333,0.3333333333333333,0.0,0.0,0.0,0.0,0.0,17.666666666666664,Low,dunnjustin@example.com,India,2024-07-16 21:19:51,rejected,True,167,520.56,1610.96
USR01720,0,0,0,True,verified,False,False,0.0,0.0,0.0,0.0,0.0,0.0,0.0,0.0,0.0,0.0,0.0,Low,steinjames@example.net,Germany,2024-06-21 02:54:28,verified,True,192,1129.17,0.0
USR01721,0,0,1,True,verified,False,False,0.0,0.0,0.0,0.0,0.125,0.0,0.0,0.0,0.0,0.0,10.5,Low,hunterjennifer@example.org,USA,2024-04-29 07:18:52,verified,True,245,1365.4,118.54
USR01722,0,0,0,True,verified,False,False,0.0,0.0,0.0,0.0,0.0,0.0,0.0,0.0,0.0,0.0,0.0,Low,rlarson@example.org,India,2024-08-09 18:11:03,verified,True,143,2047.64,515.33
USR01723,0,0,0,True,pending,False,False,0.0,0.0,0.0,0.0,0.0,0.0,0.0,0.0,0.0,0.0,5.0,Low,caselaurie@example.net,Russia,2024-09-14 07:47:36,pending,True,107,0.0,366.19
USR01724,0,0,0,True,verified,False,False,0.0,0.0,0.0,0.0,0.0,0.0,0.0,0.0,0.0,0.0,0.0,Low,dustinmarks@example.com,Brazil,2024-04-14 14:49:59,verified,True,260,0.0,504.91
USR01725,0,0,0,True,verified,False,False,0.0,0.0,0.0,0.0,0.0,0.0,0.0,0.0,0.0,0.0,0.0,Low,nmccoy@example.com,USA,2024-10-09 05:25:29,verified,True,82,1324.94,0.0
USR01726,0,0,0,True,verified,False,False,0.0,0.0,0.0,0.0,0.5,0.0,1.0,2.0,0.0,0.0,10.0,Low,xday@example.com,USA,2024-10-23 00:25:51,verified,True,68,628.34,457.39
USR01727,0,0,0,True,pending,True,False,0.0,0.14285714285714285,0.0,0.0,0.0,0.0,0.0,0.0,0.0,0.0,6.142857142857142,Low,mitchell67@example.com,India,2024-04-16 11:47:50,pending,True,258,2157.59,4936.01
USR01728,0,0,0,True,verified,False,False,1.0,0.42857142857142855,1.0,0.14285714285714285,0.14285714285714285,0.0,0.0,0.0,0.0,0.0,7.714285714285714,Low,murphymichael@example.org,Germany,2024-05-06 11:36:19,verified,True,238,129.39,15532.8
USR01729,0,0,0,True,rejected,False,False,0.0,0.0,0.0,0.0,0.16666666666666666,0.0,0.0,0.0,0.0,0.0,12.666666666666666,Low,bjones@example.com,USA,2024-01-29 21:42:32,rejected,True,336,138.61,520.1
USR01730,0,0,0,True,rejected,False,False,0.0,0.0,0.0,0.0,0.0,0.0,0.0,0.0,0.0,1.0,15.0,Low,nnelson@example.com,Russia,2024-01-18 20:45:02,rejected,True,347,619.9,608.25
USR01731,0,0,0,True,rejected,False,False,0.0,0.0,0.0,0.0,0.0,0.0,0.0,0.0,0.0,0.0,12.0,Low,fgilbert@example.com,USA,2024-08-15 14:58:54,rejected,True,137,159.63,0.0
USR01732,0,0,0,True,pending,False,False,0.0,0.0,0.0,0.0,0.0,0.0,0.0,0.0,0.0,0.0,5.0,Low,fshannon@example.com,India,2024-02-13 02:52:55,pending,True,321,270.14,0.0
USR01733,0,0,0,True,verified,False,False,1.0,0.25,0.0,0.25,0.0,0.0,0.0,0.0,0.0,1.0,6.25,Low,monica83@example.org,USA,2024-02-28 10:00:43,verified,True,306,1962.99,1500.03
USR01734,0,0,0,True,verified,False,False,0.0,0.0,0.0,0.0,0.5,0.0,0.0,0.0,0.0,0.0,2.0,Low,ywilson@example.com,India,2024-09-13 14:05:04,verified,True,108,0.0,0.0
USR01735,0,0,0,True,pending,False,False,0.0,0.0,0.0,0.0,0.0,0.0,0.0,2.0,0.0,0.0,5.0,Low,johnmarshall@example.org,Russia,2024-11-01 05:07:31,pending,True,59,3417.39,0.0
USR01736,0,0,0,True,pending,False,False,0.0,0.0,0.0,0.0,0.5,0.0,0.0,0.0,0.0,0.0,7.0,Low,danieldavis@example.com,USA,2024-03-24 10:12:02,pending,True,281,0.0,0.0
USR01737,0,0,0,True,pending,False,False,0.0,0.0,0.0,0.0,0.25,0.0,0.0,0.0,0.0,0.0,6.0,Low,blaireric@example.net,India,2024-04-09 04:06:25,pending,True,265,608.29,0.0
USR01738,0,0,0,True,verified,False,False,0.0,0.0,0.0,0.0,0.0,0.0,0.0,1.0,0.0,0.0,0.0,Low,parkersarah@example.org,Brazil,2024-11-05 22:48:11,verified,True,55,34.59,290.5
USR01739,0,0,0,True,verified,False,False,0.0,0.0,0.0,0.0,0.0,0.0,1.0,2.0,0.0,0.0,8.0,Low,johnfernandez@example.org,India,2024-01-13 11:02:40,verified,True,352,63.01,310.95
USR01740,0,0,0,True,pending,False,False,0.0,0.0,0.0,0.0,0.0,0.0,0.0,1.0,0.0,0.0,5.0,Low,daniel79@example.com,Russia,2024-01-27 01:30:20,pending,True,338,0.0,2948.05
USR01741,0,0,0,True,verified,False,False,0.0,0.0,0.0,0.0,0.0,1.0,0.0,0.0,0.0,0.0,15.0,Low,wreyes@example.net,USA,2024-11-24 16:04:53,verified,True,36,2878.1,60.61
USR01742,0,0,0,True,verified,False,False,0.0,0.125,1.0,0.0,0.125,0.0,1.0,2.0,0.0,0.0,12.5,Low,jamieanderson@example.org,USA,2024-09-22 14:54:19,verified,True,99,1589.82,137.94
USR01743,0,0,0,True,rejected,False,False,0.0,0.0,0.0,0.0,0.0,1.0,1.0,2.0,0.0,0.0,35.0,Medium,robertsmonica@example.org,USA,2024-01-29 08:38:58,rejected,True,336,2335.36,0.0
USR01744,0,0,0,True,verified,False,False,0.0,0.0,0.0,0.0,0.3333333333333333,0.0,0.0,0.0,0.0,0.0,1.3333333333333333,Low,kiara36@example.org,USA,2024-01-09 08:14:27,verified,True,356,2036.39,827.79
USR01745,0,0,0,True,verified,False,False,0.0,0.0,0.0,0.0,0.0,0.0,0.0,0.0,0.0,0.0,0.0,Low,wblack@example.net,UK,2024-02-28 10:42:51,verified,True,306,0.0,0.0
USR01746,0,0,0,True,verified,False,False,1.0,0.16666666666666666,0.0,0.16666666666666666,0.3333333333333333,0.0,1.0,2.0,0.0,0.0,11.5,Low,carlcarpenter@example.com,Nigeria,2024-10-26 00:14:50,verified,True,65,428.9,2138.36
USR01747,0,0,0,True,pending,False,False,0.0,0.0,0.0,0.0,0.1111111111111111,0.0,0.0,0.0,0.0,0.0,5.444444444444445,Low,sarah17@example.org,India,2024-02-27 14:06:18,pending,True,307,608.03,169.12
USR01748,0,0,0,True,verified,False,False,0.0,0.0,0.0,0.0,0.0,0.0,1.0,2.0,0.0,0.0,8.0,Low,crystalcastaneda@example.org,Nigeria,2024-07-28 17:52:31,verified,True,155,635.18,27.01
USR01749,0,0,0,True,verified,False,False,0.0,0.0,0.0,0.0,0.2,0.0,0.0,0.0,0.0,0.0,0.8,Low,xphillips@example.com,Brazil,2024-03-04 09:57:46,verified,True,301,72.96,129.72
USR01750,0,0,0,False,verified,False,False,0.0,0.0,0.0,0.0,1.0,0.0,0.0,0.0,0.0,0.0,12.0,Low,heather34@example.org,India,2024-06-19 17:45:02,verified,False,194,75.97,0.0
USR01751,0,0,0,True,verified,False,False,0.0,0.5,1.0,0.0,0.0,0.0,0.0,0.0,0.0,0.0,7.0,Low,mmason@example.net,India,2024-01-20 02:42:37,verified,True,345,0.0,63.75
USR01752,0,0,0,True,rejected,False,False,0.0,0.0,0.0,0.0,0.0,0.0,0.0,1.0,0.0,0.0,12.0,Low,joanna92@example.com,USA,2024-03-09 00:01:13,rejected,True,296,0.0,121.92
USR01753,0,1,0,False,pending,False,False,0.0,0.0,0.0,0.0,0.0,0.0,0.0,0.0,0.0,0.0,28.0,Medium,elliottjose@example.org,India,2024-10-14 15:17:01,pending,False,77,936.23,791.06
USR01754,0,0,0,True,verified,False,False,1.0,0.8,1.0,0.2,0.2,0.0,1.0,2.0,0.0,0.0,19.200000000000003,Low,wrightelizabeth@example.org,Brazil,2024-05-19 18:07:26,verified,True,225,5120.56,45.65
USR01755,0,0,0,False,verified,False,False,1.0,1.0,1.0,0.25,0.0,0.0,0.0,1.0,0.0,0.0,20.25,Medium,odeleon@example.com,India,2024-11-29 00:24:53,verified,False,31,6424.91,0.0
USR01756,0,0,0,True,rejected,False,False,1.0,0.2,0.0,0.2,0.2,0.0,0.0,0.0,0.0,0.0,15.4,Low,wilsonstacey@example.net,USA,2024-03-30 01:46:45,rejected,True,275,75.62,2203.39
USR01757,0,0,0,True,verified,False,False,0.0,0.0,0.0,0.0,0.0,0.0,0.0,0.0,0.0,0.0,0.0,Low,james10@example.net,India,2024-04-16 16:32:23,verified,True,258,0.0,426.64
USR01758,0,0,0,True,pending,False,False,0.0,0.0,0.0,0.0,0.0,0.0,0.0,1.0,0.0,0.0,5.0,Low,tiffany42@example.com,Germany,2024-07-20 09:54:27,pending,True,163,905.98,532.0
USR01759,0,0,0,True,verified,False,False,0.0,0.0,0.0,0.0,0.16666666666666666,0.0,0.0,1.0,0.0,0.0,0.6666666666666666,Low,keithmelissa@example.org,Germany,2024-09-13 16:31:15,verified,True,108,635.67,103.01
USR01760,0,0,0,True,verified,False,False,0.0,0.0,0.0,0.0,0.2,0.0,1.0,2.0,0.0,0.0,8.8,Low,jessicasanchez@example.org,India,2024-02-28 18:58:06,verified,True,306,3350.58,1220.75
USR01761,0,0,0,True,verified,False,False,1.0,0.25,0.0,0.25,0.25,0.0,0.0,1.0,0.0,0.0,4.25,Low,gdurham@example.org,India,2024-07-12 05:33:08,verified,True,171,255.12,156.0
USR01762,0,0,0,False,verified,False,False,0.0,0.0,0.0,0.0,0.25,0.0,0.0,0.0,0.0,0.0,9.0,Low,mortontracy@example.net,India,2024-01-11 00:45:12,verified,False,354,572.51,1323.25
USR01763,0,0,1,True,verified,True,False,0.0,0.0,0.0,0.0,0.3333333333333333,0.0,0.0,0.0,0.0,0.0,11.333333333333334,Low,kurtgrant@example.net,India,2024-05-26 10:14:14,verified,True,218,1335.33,503.94
USR01764,0,0,0,False,verified,False,False,0.0,0.0,0.0,0.0,0.14285714285714285,0.0,0.0,0.0,0.0,0.0,8.571428571428571,Low,douglashopkins@example.com,USA,2024-06-12 01:35:31,verified,False,201,46.38,915.81
USR01765,0,0,0,False,verified,False,False,1.0,0.2,0.0,0.2,0.4,0.0,1.0,2.0,0.0,0.0,20.2,Medium,pacejamie@example.net,India,2024-02-22 04:44:56,verified,False,312,945.37,849.45
USR01766,0,0,0,True,pending,False,False,0.0,0.0,0.0,0.0,0.125,0.0,0.0,1.0,0.0,0.0,5.5,Low,scottedwards@example.net,USA,2024-05-05 09:25:36,pending,True,239,4468.12,0.0
USR01767,0,0,0,True,verified,False,False,0.0,0.0,0.0,0.0,0.5,0.0,0.0,1.0,0.0,0.0,2.0,Low,xreyes@example.com,USA,2024-11-26 20:55:18,verified,True,34,1338.56,281.62
USR01768,0,0,0,True,verified,False,False,12.0,2.25,12.0,0.75,0.0,11.0,0.0,0.0,0.0,0.0,51.75,High,mrodriguez@example.com,Nigeria,2024-10-15 14:59:18,verified,True,76,65.99,5015.51
USR01769,0,0,0,True,rejected,False,False,0.0,0.0,0.0,0.0,0.42857142857142855,0.0,1.0,2.0,0.0,0.0,21.714285714285715,Medium,matthewhumphrey@example.org,USA,2024-09-13 01:46:04,rejected,True,108,672.08,455.64
USR01770,0,0,0,True,rejected,False,False,0.0,0.0,0.0,0.0,0.0,0.0,0.0,0.0,0.0,0.0,12.0,Low,reginald42@example.com,USA,2024-04-13 14:03:55,rejected,True,261,0.0,65.27
USR01771,0,0,0,False,verified,False,False,1.0,0.16666666666666666,0.0,0.16666666666666666,0.3333333333333333,0.0,0.0,0.0,0.0,0.0,11.500000000000002,Low,rthomas@example.org,USA,2024-01-14 07:00:10,verified,False,351,1116.21,1687.12
USR01772,0,0,0,False,verified,True,False,0.0,0.0,0.0,0.0,0.0,0.0,0.0,0.0,0.0,0.0,8.0,Low,bonnie40@example.com,India,2024-09-03 11:11:11,verified,False,118,778.93,54.96
USR01773,0,0,0,True,verified,False,False,0.0,0.0,0.0,0.0,0.0,0.0,0.0,1.0,0.0,0.0,0.0,Low,ubishop@example.net,Russia,2024-11-13 06:53:38,verified,True,47,466.33,608.97
USR01774,0,0,0,False,verified,False,False,0.0,0.0,0.0,0.0,0.16666666666666666,0.0,0.0,0.0,0.0,0.0,8.666666666666666,Low,marycarpenter@example.com,Brazil,2024-10-16 07:32:04,verified,False,75,248.4,458.44
USR01775,0,0,0,False,pending,False,False,1.0,0.3333333333333333,1.0,0.16666666666666666,0.0,0.0,1.0,2.0,0.0,0.0,27.499999999999996,Medium,david54@example.net,USA,2024-11-09 09:40:40,pending,False,51,287.91,853.99
USR01776,0,0,0,True,verified,False,False,0.0,0.25,0.0,0.0,0.25,0.0,1.0,2.0,0.0,0.0,11.0,Low,robertsnorman@example.com,USA,2024-04-12 02:03:50,verified,True,262,165.3,4999.0
USR01777,0,0,0,True,verified,False,False,0.0,0.0,0.0,0.0,0.3333333333333333,0.0,0.0,0.0,0.0,0.0,1.3333333333333333,Low,annaadkins@example.org,UK,2024-06-26 15:35:19,verified,True,187,699.04,0.0
USR01778,0,0,0,True,rejected,False,False,0.0,0.0,0.0,0.0,0.3333333333333333,0.0,1.0,2.0,0.0,0.0,21.333333333333336,Medium,thomasdonovan@example.net,Nigeria,2024-08-02 21:06:58,rejected,True,150,156.55,1118.34
USR01779,0,0,0,True,verified,False,False,1.0,0.8,1.0,0.2,0.2,0.0,1.0,2.0,0.0,0.0,19.200000000000003,Low,stewartcynthia@example.org,India,2024-07-17 09:58:34,verified,True,166,228.34,803.86
USR01780,0,0,0,True,verified,False,False,0.0,0.0,0.0,0.0,0.0,0.0,0.0,0.0,0.0,0.0,0.0,Low,royprice@example.com,USA,2024-08-21 09:07:56,verified,True,131,0.0,267.87
USR01781,0,0,0,True,verified,False,False,0.0,0.0,0.0,0.0,0.4,0.0,0.0,0.0,0.0,0.0,1.6,Low,charles86@example.org,India,2024-09-26 09:42:13,verified,True,95,658.3,1841.11
USR01782,0,0,0,False,verified,False,False,0.0,0.0,0.0,0.0,0.0,0.0,0.0,1.0,0.0,0.0,8.0,Low,denise27@example.org,UK,2024-08-28 01:53:41,verified,False,124,1473.14,0.0
USR01783,0,0,0,False,rejected,False,False,0.0,0.2,1.0,0.0,0.2,0.0,0.0,0.0,0.0,0.0,25.400000000000002,Medium,wmckinney@example.org,Brazil,2024-03-19 12:36:16,rejected,False,286,0.0,1512.32
USR01784,0,0,0,True,verified,False,False,1.0,0.2,0.0,0.2,0.4,0.0,0.0,2.0,0.0,0.0,4.2,Low,connie94@example.com,Brazil,2024-07-04 01:43:44,verified,True,179,0.0,499.18
USR01785,0,0,0,True,verified,False,False,0.0,0.0,0.0,0.0,0.6,0.0,0.0,0.0,0.0,0.0,2.4,Low,amywilliams@example.org,USA,2024-05-01 00:22:20,verified,True,243,2999.05,439.37
USR01786,0,0,0,True,pending,False,False,0.0,0.0,0.0,0.0,0.75,0.0,0.0,0.0,0.0,0.0,8.0,Low,smithronnie@example.org,Germany,2024-07-05 18:36:44,pending,True,178,1062.43,243.06
USR01787,0,0,0,True,rejected,False,False,0.0,0.0,0.0,0.0,0.0,0.0,0.0,0.0,0.0,0.0,12.0,Low,keith78@example.com,India,2024-09-07 21:56:42,rejected,True,114,172.43,1293.06
USR01788,0,0,0,True,verified,False,False,0.0,0.0,0.0,0.0,0.16666666666666666,0.0,0.0,0.0,0.0,0.0,0.6666666666666666,Low,pwhite@example.net,UK,2024-02-24 12:59:55,verified,True,310,1132.89,0.0
USR01789,0,0,0,True,pending,False,False,0.0,0.0,0.0,0.0,0.0,0.0,1.0,2.0,0.0,0.0,13.0,Low,swansonjoyce@example.net,USA,2024-09-18 01:42:46,pending,True,103,1532.2,225.35
USR01790,0,0,0,True,verified,False,False,1.0,0.75,1.0,0.25,0.0,0.0,0.0,0.0,0.0,0.0,10.25,Low,casey78@example.org,India,2024-08-20 09:55:32,verified,True,132,1497.16,27523.65
USR01791,0,0,0,False,verified,False,False,0.0,0.0,0.0,0.0,0.0,0.0,0.0,0.0,0.0,0.0,8.0,Low,christinarangel@example.net,UK,2024-01-28 08:12:03,verified,False,337,353.42,133.22
USR01792,0,0,0,False,verified,False,False,0.0,0.0,0.0,0.0,0.25,0.0,1.0,2.0,0.0,0.0,17.0,Low,hswanson@example.com,USA,2024-11-21 10:30:57,verified,False,39,165.7,430.54
USR01793,0,1,0,True,rejected,False,False,0.0,0.0,0.0,0.0,0.0,0.0,0.0,0.0,0.0,0.0,27.0,Medium,jonathanperkins@example.org,USA,2024-11-04 12:51:46,rejected,True,56,696.62,0.0
USR01794,0,0,1,True,verified,True,False,0.0,0.0,0.0,0.0,0.0,0.0,1.0,2.0,0.0,0.0,18.0,Low,harrisonjoshua@example.com,USA,2024-05-20 19:12:18,verified,True,224,1262.48,745.99
USR01795,0,0,0,True,verified,False,False,1.0,0.6,1.0,0.2,0.2,0.0,0.0,0.0,0.0,0.0,9.600000000000001,Low,stephaniemills@example.net,UK,2024-02-10 20:26:33,verified,True,324,0.0,903.12
USR01796,0,0,0,True,verified,False,False,0.0,0.0,0.0,0.0,0.0,0.0,0.0,0.0,0.0,0.0,0.0,Low,abigailbradford@example.com,India,2024-06-11 23:22:41,verified,True,202,60.23,437.37
USR01797,0,0,0,True,pending,False,False,0.0,0.0,0.0,0.0,0.16666666666666666,0.0,0.0,0.0,0.0,0.0,5.666666666666667,Low,greendylan@example.net,UK,2024-08-15 11:54:13,pending,True,137,1287.02,635.33
USR01798,0,0,1,True,verified,True,False,0.0,0.0,0.0,0.0,0.6666666666666666,0.0,0.0,1.0,0.0,0.0,12.666666666666666,Low,ronaldswanson@example.net,USA,2024-08-05 17:49:48,verified,True,147,72.15,51.84
USR01799,0,0,0,True,pending,False,False,1.0,0.5,1.0,0.16666666666666666,0.3333333333333333,0.0,1.0,2.0,0.0,0.0,22.166666666666668,Medium,johnwaters@example.com,Russia,2024-02-11 20:44:49,pending,True,323,2168.95,1061.78
USR01800,0,0,0,True,verified,False,False,1.0,0.4444444444444444,1.0,0.1111111111111111,0.1111111111111111,0.0,0.0,0.0,0.0,0.0,7.555555555555555,Low,mroberts@example.net,USA,2024-05-20 01:58:31,verified,True,224,10356.04,2036.66
USR01801,0,0,0,False,pending,False,False,0.0,0.0,0.0,0.0,0.0,0.0,0.0,1.0,0.0,0.0,13.0,Low,mking@example.com,USA,2024-09-08 07:18:06,pending,False,113,0.0,485.2
USR01802,0,0,0,True,verified,False,False,0.0,0.0,0.0,0.0,0.6666666666666666,0.0,1.0,2.0,0.0,0.0,10.666666666666666,Low,hannah61@example.org,Brazil,2024-08-31 22:29:14,verified,True,121,162.9,294.77
USR01803,0,0,0,True,verified,False,False,0.0,0.0,0.0,0.0,0.2,0.0,0.0,0.0,0.0,0.0,0.8,Low,lawrencecarter@example.net,Germany,2024-05-07 18:09:01,verified,True,237,432.26,0.0
USR01804,1,0,0,True,verified,True,False,0.0,0.14285714285714285,1.0,0.0,0.2857142857142857,0.0,0.0,0.0,0.0,0.0,20.285714285714285,Medium,wagnerbecky@example.org,Russia,2024-11-13 19:44:47,verified,True,47,766.1,8.13
USR01805,0,0,0,True,verified,False,False,0.0,0.0,0.0,0.0,0.0,0.0,0.0,1.0,0.0,0.0,0.0,Low,skramer@example.org,Germany,2024-09-28 12:07:31,verified,True,93,239.97,1864.63
USR01806,0,0,0,True,verified,False,False,0.0,0.0,0.0,0.0,0.0,0.0,0.0,1.0,0.0,0.0,0.0,Low,andrewcarroll@example.net,Germany,2024-05-05 00:08:59,verified,True,239,180.67,101.34
USR01807,0,0,0,True,verified,False,False,1.0,0.3333333333333333,1.0,0.1111111111111111,0.1111111111111111,0.0,0.0,0.0,0.0,0.0,6.666666666666666,Low,scarter@example.net,Nigeria,2024-05-16 15:03:26,verified,True,228,219.3,42296.29
USR01808,0,0,0,True,verified,False,False,0.0,0.0,0.0,0.0,0.25,0.0,0.0,0.0,0.0,0.0,1.0,Low,angela02@example.net,USA,2024-10-07 08:58:29,verified,True,84,2155.95,0.0
USR01809,0,0,0,True,rejected,False,False,0.0,0.0,0.0,0.0,0.0,0.0,0.0,1.0,0.0,0.0,12.0,Low,bjones@example.net,Germany,2024-11-28 10:16:28,rejected,True,32,99.79,326.59
USR01810,0,0,0,True,verified,True,False,0.0,0.0,0.0,0.0,0.4,0.0,0.0,0.0,0.0,0.0,1.6,Low,travis68@example.com,India,2024-05-05 08:20:21,verified,True,239,649.88,174.49
USR01811,0,0,0,False,verified,False,False,0.0,0.0,0.0,0.0,0.0,0.0,0.0,0.0,0.0,0.0,8.0,Low,jsavage@example.org,India,2024-08-28 04:34:02,verified,False,124,0.0,96.54
USR01812,0,0,0,True,pending,False,False,0.0,0.0,0.0,0.0,0.0,0.0,0.0,0.0,0.0,0.0,5.0,Low,nancymason@example.org,India,2024-04-12 06:47:12,pending,True,262,360.53,314.69
USR01813,0,0,0,True,rejected,False,False,0.0,0.0,0.0,0.0,0.0,0.0,0.0,1.0,0.0,0.0,12.0,Low,laura81@example.org,India,2024-10-12 22:38:56,rejected,True,79,0.0,746.4
USR01814,0,0,0,True,verified,False,False,0.0,0.2,1.0,0.0,0.0,0.0,0.0,0.0,0.0,0.0,4.6,Low,jesse25@example.com,India,2024-06-20 20:44:05,verified,True,193,203.86,1523.97
USR01815,0,0,0,True,verified,False,False,1.0,0.3333333333333333,0.0,0.3333333333333333,0.3333333333333333,0.0,1.0,2.0,0.0,0.0,13.666666666666666,Low,christopherwoods@example.com,India,2024-09-26 22:36:24,verified,True,95,772.28,0.0
USR01816,0,0,0,True,rejected,False,False,1.0,0.6666666666666666,1.0,0.16666666666666666,0.0,0.0,0.0,1.0,0.0,0.0,21.166666666666664,Medium,ekaiser@example.com,USA,2024-04-04 15:15:50,rejected,True,270,25133.3,520.01
USR01817,0,0,0,False,rejected,False,False,1.0,0.3333333333333333,0.0,0.3333333333333333,0.3333333333333333,0.0,0.0,0.0,0.0,0.0,25.666666666666668,Medium,michael83@example.org,USA,2024-03-15 15:47:54,rejected,False,290,886.59,0.0
USR01818,0,0,0,True,verified,False,False,0.0,0.0,0.0,0.0,0.0,0.0,0.0,1.0,0.0,0.0,0.0,Low,ccarter@example.com,India,2024-10-17 00:36:47,verified,True,74,1144.65,569.87
USR01819,0,0,0,False,rejected,False,False,0.0,0.0,0.0,0.0,0.16666666666666666,0.0,1.0,2.0,0.0,0.0,28.666666666666668,Medium,xmyers@example.com,Russia,2024-04-01 03:37:00,rejected,False,273,0.0,62.02
USR01820,0,0,0,False,pending,False,False,2.0,0.25,0.0,0.25,0.0,0.0,0.0,0.0,0.0,0.0,16.25,Low,rhonda46@example.org,India,2024-04-05 21:13:53,pending,False,269,2983.09,1815.76
USR01821,0,0,0,True,verified,False,False,1.0,0.125,0.0,0.125,0.0,0.0,0.0,0.0,0.0,0.0,1.625,Low,megan37@example.net,USA,2024-07-26 21:54:57,verified,True,157,361.04,628.91
USR01822,0,1,0,True,verified,False,False,0.0,0.0,0.0,0.0,0.2,0.0,0.0,0.0,0.0,0.0,15.8,Low,burtontracy@example.com,India,2024-08-03 04:19:58,verified,True,149,1399.15,212.99
USR01823,0,0,0,True,verified,False,False,0.0,0.0,0.0,0.0,0.25,0.0,0.0,0.0,0.0,0.0,1.0,Low,priceallison@example.org,India,2024-08-17 13:06:20,verified,True,135,592.99,225.74
USR01824,0,0,0,False,verified,False,False,1.0,0.3333333333333333,1.0,0.16666666666666666,0.16666666666666666,0.0,0.0,1.0,0.0,0.0,15.166666666666666,Low,brandonortiz@example.com,India,2024-05-14 23:53:44,verified,False,230,2006.61,0.0
USR01825,1,0,0,True,rejected,False,False,1.0,0.6666666666666666,1.0,0.3333333333333333,0.0,0.0,0.0,0.0,0.0,0.0,37.0,Medium,bbooker@example.org,UK,2024-04-07 20:55:21,rejected,True,267,77.89,0.0
USR01826,0,0,0,True,verified,False,False,0.0,0.0,0.0,0.0,0.375,0.0,0.0,0.0,0.0,0.0,1.5,Low,bishopbrandon@example.org,USA,2024-06-02 21:16:50,verified,True,211,556.65,1102.36
USR01827,0,0,0,True,verified,False,False,1.0,0.2,0.0,0.2,0.2,0.0,0.0,0.0,0.0,0.0,3.4000000000000004,Low,martinezlaura@example.com,USA,2024-07-16 06:28:59,verified,True,167,359.82,2859.15
USR01828,1,0,0,True,verified,False,False,0.0,0.0,0.0,0.0,0.16666666666666666,0.0,0.0,1.0,0.0,0.0,15.666666666666666,Low,fvalenzuela@example.net,USA,2024-08-24 17:49:55,verified,True,128,1874.14,357.05
USR01829,0,0,0,True,verified,False,False,0.0,0.0,0.0,0.0,0.4,0.0,0.0,0.0,0.0,0.0,1.6,Low,oturner@example.org,India,2024-06-09 16:04:12,verified,True,204,0.0,121.99
USR01830,0,0,0,True,verified,True,False,0.0,0.0,0.0,0.0,0.0,0.0,0.0,0.0,0.0,0.0,0.0,Low,trujillojohnny@example.org,UK,2024-03-11 09:15:41,verified,True,294,890.65,39.03
USR01831,0,0,0,True,verified,False,False,1.0,0.14285714285714285,0.0,0.14285714285714285,0.14285714285714285,0.0,0.0,1.0,0.0,0.0,2.4285714285714284,Low,sheridavis@example.org,India,2024-11-08 14:20:30,verified,True,52,2234.78,484.14
USR01832,0,0,0,True,verified,False,False,0.0,0.0,0.0,0.0,0.0,0.0,0.0,0.0,0.0,0.0,0.0,Low,kelly99@example.com,India,2024-10-01 16:10:06,verified,True,90,0.0,184.7
USR01833,0,0,0,True,verified,False,False,0.0,0.0,0.0,0.0,0.2,0.0,0.0,1.0,0.0,0.0,0.8,Low,youngkaren@example.org,Germany,2024-09-08 08:34:36,verified,True,113,307.45,1135.28
USR01834,0,0,0,True,verified,False,False,0.0,0.0,0.0,0.0,0.16666666666666666,0.0,0.0,1.0,0.0,0.0,0.6666666666666666,Low,tmitchell@example.net,India,2024-08-04 08:48:46,verified,True,148,972.09,0.0
USR01835,0,0,0,True,verified,False,False,0.0,0.0,0.0,0.0,0.2,0.0,0.0,0.0,0.0,0.0,0.8,Low,bsexton@example.com,USA,2024-05-29 10:09:45,verified,True,215,142.56,139.36
USR01836,0,0,0,False,rejected,False,False,0.0,0.0,0.0,0.0,0.2,0.0,0.0,0.0,0.0,0.0,20.8,Medium,jenniferhammond@example.org,India,2024-09-04 04:26:23,rejected,False,117,396.25,47.18
USR01837,0,0,0,True,verified,False,False,0.0,0.0,0.0,0.0,0.0,0.0,0.0,0.0,0.0,0.0,0.0,Low,clintonpalmer@example.net,USA,2024-08-20 21:46:47,verified,True,132,316.07,0.0
USR01838,0,0,0,False,rejected,False,True,0.0,0.0,0.0,0.0,0.0,0.0,0.0,0.0,0.0,0.0,20.0,Low,kimberly22@example.org,India,2024-11-12 06:23:56,rejected,False,48,107.7,234.79
USR01839,0,0,0,True,verified,False,False,0.0,0.0,0.0,0.0,0.0,0.0,0.0,1.0,0.0,0.0,0.0,Low,justinnguyen@example.net,India,2024-11-09 11:41:39,verified,True,51,1936.52,1254.54
USR01840,0,0,0,False,rejected,False,False,0.0,0.0,0.0,0.0,0.75,0.0,0.0,1.0,0.0,0.0,23.0,Medium,charles99@example.org,Russia,2024-02-08 17:28:20,rejected,False,326,1423.2,458.33
USR01841,0,0,0,True,verified,False,False,0.0,0.0,0.0,0.0,0.0,1.0,1.0,2.0,0.0,0.0,23.0,Medium,salastonya@example.com,Brazil,2024-07-31 19:32:52,verified,True,152,0.0,124.13
USR01842,0,0,0,True,rejected,False,False,0.0,0.0,0.0,0.0,0.0,0.0,0.0,0.0,0.0,0.0,12.0,Low,karencook@example.org,India,2024-02-24 21:46:11,rejected,True,310,346.94,0.0
USR01843,0,0,0,True,verified,False,False,0.0,0.0,0.0,0.0,0.16666666666666666,0.0,0.0,1.0,0.0,0.0,0.6666666666666666,Low,thomaswoodard@example.org,UK,2024-07-05 13:52:14,verified,True,178,788.36,108.07
USR01844,0,0,0,True,pending,False,False,0.0,0.0,0.0,0.0,0.0,0.0,0.0,0.0,0.0,0.0,5.0,Low,garymitchell@example.org,USA,2024-09-14 16:23:08,pending,True,107,898.49,0.0
USR01845,0,0,0,False,verified,False,False,1.0,0.5714285714285714,1.0,0.14285714285714285,0.14285714285714285,0.0,0.0,0.0,0.0,0.0,16.857142857142858,Low,gonzalezmegan@example.net,USA,2024-09-06 19:02:40,verified,False,115,443.07,416.07
USR01846,0,0,0,True,verified,False,False,0.0,0.0,0.0,0.0,0.16666666666666666,0.0,0.0,2.0,0.0,0.0,0.6666666666666666,Low,cduncan@example.com,USA,2024-06-17 23:47:16,verified,True,196,3711.65,0.0
USR01847,0,0,0,True,verified,False,False,0.0,0.3333333333333333,1.0,0.0,0.0,0.0,0.0,0.0,0.0,0.0,5.666666666666666,Low,nathan29@example.org,Germany,2024-07-12 06:06:15,verified,True,171,768.56,462.68
USR01848,0,0,0,True,pending,False,False,0.0,0.0,0.0,0.0,0.0,0.0,0.0,1.0,0.0,0.0,5.0,Low,aaron95@example.org,Brazil,2024-02-04 15:17:15,pending,True,330,486.49,0.0
USR01849,0,0,0,True,pending,True,False,0.0,0.0,0.0,0.0,0.0,0.0,0.0,0.0,0.0,0.0,5.0,Low,wolfeamanda@example.org,India,2024-07-26 11:57:49,pending,True,157,181.47,31.24
USR01850,0,0,0,True,verified,False,False,1.0,0.2222222222222222,1.0,0.1111111111111111,0.2222222222222222,0.0,0.0,0.0,0.0,0.0,6.222222222222221,Low,robert82@example.com,USA,2024-10-13 19:41:33,verified,True,78,1591.74,1565.0
USR01851,0,0,0,True,verified,False,False,1.0,1.0,0.0,1.0,0.0,0.0,0.0,0.0,0.0,0.0,13.0,Low,joshua85@example.com,UK,2024-06-26 13:43:38,verified,True,187,2365.19,0.0
USR01852,0,0,0,True,verified,False,True,0.0,0.0,0.0,0.0,0.375,0.0,0.0,0.0,0.0,0.0,1.5,Low,staceyhudson@example.net,India,2024-09-05 17:09:27,verified,True,116,1107.69,0.0
USR01853,0,0,0,True,verified,False,False,1.0,0.4,1.0,0.2,0.4,0.0,0.0,1.0,0.0,0.0,8.8,Low,andersonkelly@example.net,India,2024-04-03 08:34:22,verified,True,271,730.54,1878.12
USR01854,0,0,0,True,rejected,False,False,0.0,0.0,0.0,0.0,0.25,0.0,0.0,0.0,0.0,0.0,13.0,Low,emercado@example.org,USA,2024-11-21 08:44:37,rejected,True,39,1136.51,0.0
USR01855,0,0,0,False,pending,False,False,0.0,0.0,0.0,0.0,0.0,0.0,0.0,1.0,0.0,0.0,13.0,Low,mbray@example.org,USA,2024-09-21 05:44:51,pending,False,100,0.0,170.13
USR01856,0,0,0,True,verified,False,True,0.0,0.0,0.0,0.0,0.5,0.0,0.0,0.0,0.0,0.0,2.0,Low,sara74@example.com,Germany,2024-04-15 20:57:19,verified,True,259,45.37,0.0
USR01857,0,1,0,True,verified,True,False,0.0,0.0,0.0,0.0,0.0,0.0,0.0,0.0,0.0,0.0,15.0,Low,millerjames@example.net,USA,2024-10-29 14:54:23,verified,True,62,338.36,0.0
USR01858,0,0,0,True,verified,False,False,1.0,0.2,0.0,0.2,0.0,0.0,0.0,0.0,0.0,0.0,2.6,Low,johngarcia@example.com,India,2024-09-14 11:15:47,verified,True,107,2653.89,0.0
USR01859,1,0,0,False,verified,False,False,0.0,0.0,0.0,0.0,0.3333333333333333,0.0,0.0,1.0,0.0,0.0,24.333333333333332,Medium,wagnerbecky@example.org,India,2024-07-27 12:38:26,verified,False,156,1126.74,125.03
USR01860,0,0,0,True,pending,False,False,0.0,0.0,0.0,0.0,0.0,0.0,0.0,0.0,0.0,0.0,5.0,Low,robinsonmaria@example.net,India,2024-07-27 06:18:22,pending,True,156,1417.37,839.31
USR01861,0,0,0,False,verified,False,False,0.0,0.0,0.0,0.0,0.0,0.0,0.0,0.0,0.0,0.0,8.0,Low,amandabarrera@example.net,USA,2024-03-19 11:57:06,verified,False,286,474.27,1488.69
USR01862,0,0,0,True,verified,False,True,0.0,0.0,0.0,0.0,0.25,0.0,0.0,0.0,0.0,0.0,1.0,Low,smithcameron@example.com,India,2024-02-12 11:09:32,verified,True,322,0.0,0.0
USR01863,0,0,0,True,rejected,False,False,1.0,0.2857142857142857,1.0,0.14285714285714285,0.42857142857142855,0.0,1.0,2.0,0.0,0.0,27.714285714285715,Medium,manningbrittany@example.com,India,2024-06-18 07:20:08,rejected,True,195,1716.01,1709.99
USR01864,0,0,0,True,verified,False,False,0.0,0.0,0.0,0.0,0.18181818181818182,0.0,0.0,0.0,0.0,0.0,0.7272727272727273,Low,atkinsonmichael@example.com,UK,2024-10-24 19:00:08,verified,True,67,820.55,1845.76
USR01865,0,0,0,True,verified,False,False,2.0,0.5,1.0,0.25,0.125,0.0,0.0,0.0,0.0,0.0,8.75,Low,silvabrittany@example.net,India,2024-11-29 19:00:16,verified,True,31,2289.58,37949.92
USR01866,0,0,0,True,pending,False,False,0.0,0.3333333333333333,0.0,0.0,0.0,0.0,0.0,1.0,0.0,0.0,7.666666666666666,Low,johnmurphy@example.net,India,2024-02-29 10:58:20,pending,True,305,0.0,6113.48
USR01867,0,0,0,True,verified,False,False,1.0,0.1,0.0,0.1,0.1,0.0,0.0,0.0,0.0,0.0,1.7000000000000002,Low,rtaylor@example.com,India,2024-01-10 19:54:11,verified,True,355,3187.37,3190.52
USR01868,0,0,0,True,verified,False,False,0.0,0.0,0.0,0.0,1.0,0.0,0.0,1.0,0.0,0.0,4.0,Low,elliottnatalie@example.net,USA,2024-05-03 07:48:49,verified,True,241,0.0,111.95
USR01869,0,0,0,True,verified,False,False,0.0,0.0,0.0,0.0,0.2,1.0,0.0,0.0,0.0,0.0,15.8,Low,feliciajohnson@example.net,India,2024-05-04 22:03:13,verified,True,240,21.54,749.57
USR01870,0,0,0,True,verified,False,False,0.0,0.0,0.0,0.0,0.3333333333333333,0.0,0.0,1.0,0.0,0.0,1.3333333333333333,Low,ncooper@example.org,Nigeria,2024-11-12 00:17:24,verified,True,48,471.04,0.0
USR01871,0,0,0,True,verified,False,False,0.0,0.0,0.0,0.0,0.0,0.0,0.0,0.0,0.0,0.0,0.0,Low,newtoneric@example.net,Brazil,2024-01-08 16:29:14,verified,True,357,252.22,82.23
USR01872,0,0,0,False,verified,False,False,1.0,0.16666666666666666,0.0,0.16666666666666666,0.16666666666666666,0.0,0.0,0.0,0.0,0.0,10.833333333333334,Low,hinesanthony@example.org,USA,2024-06-23 15:14:21,verified,False,190,298.86,2169.62
USR01873,0,0,0,True,verified,False,False,0.0,0.0,0.0,0.0,0.16666666666666666,0.0,1.0,2.0,0.0,0.0,8.666666666666666,Low,ltorres@example.net,USA,2024-07-05 01:48:24,verified,True,178,0.0,814.03
USR01874,0,0,0,True,verified,False,False,9.0,1.2307692307692308,8.0,0.0,0.0,8.0,1.0,2.0,0.0,0.0,47.84615384615385,High,brittneyellis@example.org,India,2024-03-08 17:05:21,verified,True,297,0.0,1344.16
USR01875,0,0,0,True,verified,False,False,1.0,0.1111111111111111,0.0,0.1111111111111111,0.1111111111111111,0.0,0.0,0.0,0.0,0.0,1.8888888888888888,Low,joshua64@example.net,UK,2024-04-26 10:52:33,verified,True,248,2970.3,115.65
USR01876,0,0,0,True,verified,False,False,0.0,0.0,0.0,0.0,0.125,0.0,0.0,0.0,0.0,0.0,0.5,Low,marc35@example.org,USA,2024-11-22 06:37:44,verified,True,38,689.43,0.0
USR01877,0,0,0,True,verified,False,False,2.0,0.6,2.0,0.2,0.1,0.0,1.0,2.0,0.0,0.0,20.200000000000003,Medium,nielsenjonathan@example.com,UK,2024-05-30 20:32:59,verified,True,214,71441.65,637.78
USR01878,0,0,0,True,rejected,False,False,0.0,0.25,1.0,0.0,0.0,0.0,0.0,0.0,0.0,0.0,17.0,Low,wmurphy@example.com,Nigeria,2024-10-03 17:49:08,rejected,True,88,3595.5,10.16
USR01879,0,0,0,True,verified,False,False,0.0,0.0,0.0,0.0,0.0,0.0,0.0,0.0,0.0,0.0,0.0,Low,jonessheri@example.org,India,2024-07-31 21:38:44,verified,True,152,393.34,131.06
USR01880,0,0,0,True,verified,False,False,0.0,0.0,0.0,0.0,0.0,0.0,0.0,0.0,0.0,0.0,0.0,Low,clintonbass@example.org,Nigeria,2024-07-29 19:31:48,verified,True,154,0.0,1254.58
USR01881,0,0,0,True,rejected,False,False,2.0,0.25,0.0,0.25,0.125,0.0,0.0,2.0,0.0,0.0,15.75,Low,eric72@example.net,UK,2024-03-25 08:14:49,rejected,True,280,5071.87,308.98
USR01882,0,0,0,True,verified,False,False,1.0,0.5,1.0,0.16666666666666666,0.0,0.0,0.0,1.0,0.0,0.0,7.833333333333333,Low,joseph87@example.org,UK,2024-01-10 06:09:43,verified,True,355,1120.31,368.69
USR01883,0,1,0,True,verified,True,False,0.0,0.0,0.0,0.0,0.0,0.0,0.0,0.0,0.0,0.0,15.0,Low,melanie41@example.com,Germany,2024-03-01 12:40:48,verified,True,304,0.0,971.04
USR01884,0,1,0,True,pending,False,False,14.0,1.5294117647058822,13.0,0.0,0.0,13.0,0.0,1.0,0.0,0.0,62.23529411764706,High,elizabethgriffin@example.com,India,2024-10-13 18:59:56,pending,True,78,617.77,0.0
USR01885,0,0,0,False,verified,False,False,0.0,0.0,0.0,0.0,0.0,0.0,0.0,0.0,0.0,0.0,8.0,Low,michaelreed@example.org,India,2024-01-14 17:02:06,verified,False,351,216.6,187.52
USR01886,0,0,1,False,verified,True,False,1.0,0.8333333333333334,1.0,0.16666666666666666,0.0,0.0,0.0,0.0,0.0,0.0,28.5,Medium,alisonmcmillan@example.com,India,2024-11-27 02:48:59,verified,False,33,50349.53,4999.0
USR01887,0,0,0,True,pending,False,False,0.0,0.0,0.0,0.0,0.0,0.0,1.0,2.0,0.0,0.0,13.0,Low,kelly55@example.org,USA,2024-01-26 15:22:47,pending,True,339,1100.38,1598.46
USR01888,0,0,0,True,verified,False,False,0.0,0.0,0.0,0.0,0.0,0.0,0.0,0.0,0.0,0.0,0.0,Low,amy50@example.com,India,2024-04-22 12:34:56,verified,True,252,650.66,0.0
USR01889,0,0,0,True,pending,False,False,0.0,0.0,0.0,0.0,0.25,0.0,0.0,1.0,0.0,0.0,6.0,Low,nicole10@example.org,USA,2024-08-28 02:52:12,pending,True,124,400.3,1853.92
USR01890,0,0,0,True,verified,False,False,0.0,0.1111111111111111,0.0,0.0,0.0,0.0,0.0,0.0,0.0,0.0,0.8888888888888888,Low,rnelson@example.net,India,2024-04-06 20:28:52,verified,True,268,0.0,6909.35
USR01891,0,0,0,False,verified,False,False,0.0,0.0,0.0,0.0,0.1,0.0,0.0,1.0,0.0,0.0,8.4,Low,tstrong@example.com,Germany,2024-05-27 22:42:12,verified,False,217,1724.39,1031.73
USR01892,0,0,0,False,verified,False,False,1.0,0.14285714285714285,0.0,0.14285714285714285,0.0,0.0,1.0,2.0,0.0,0.0,17.857142857142854,Low,dpetty@example.net,Nigeria,2024-06-20 05:49:34,verified,False,193,3723.71,210.22
USR01893,0,0,0,True,verified,False,False,1.0,0.2,0.0,0.2,0.2,0.0,0.0,0.0,0.0,0.0,3.4000000000000004,Low,ijones@example.net,India,2024-05-11 22:56:52,verified,True,233,0.0,3335.02
USR01894,0,0,0,True,verified,False,False,1.0,1.0,2.0,0.25,0.0,0.0,0.0,1.0,0.0,0.0,15.25,Low,stephanie96@example.org,Russia,2024-02-28 01:18:37,verified,True,306,227.79,238.26
USR01895,0,0,0,True,pending,False,False,0.0,0.0,0.0,0.0,0.0,0.0,0.0,0.0,0.0,0.0,5.0,Low,susan53@example.net,USA,2024-11-03 21:15:45,pending,True,57,675.88,0.0
USR01896,0,0,0,False,rejected,False,False,0.0,0.0,0.0,0.0,0.3333333333333333,0.0,1.0,2.0,0.0,0.0,29.333333333333332,Medium,mwright@example.org,India,2024-06-11 05:36:23,rejected,False,202,36.64,335.97
USR01897,0,0,0,True,verified,False,False,0.0,0.0,0.0,0.0,0.0,0.0,0.0,0.0,0.0,0.0,0.0,Low,summersjacob@example.org,India,2024-01-10 02:31:01,verified,True,355,0.0,639.6
USR01898,0,0,0,True,verified,False,False,0.0,0.0,0.0,0.0,0.0,0.0,1.0,2.0,0.0,0.0,8.0,Low,sthompson@example.net,Russia,2024-06-17 03:23:00,verified,True,196,0.0,572.95
USR01899,0,0,0,True,verified,False,False,0.0,0.0,0.0,0.0,0.0,0.0,0.0,0.0,0.0,0.0,0.0,Low,matthew04@example.com,USA,2024-01-13 04:25:30,verified,True,352,405.62,450.69
USR01900,0,1,0,True,pending,False,True,1.0,0.14285714285714285,0.0,0.14285714285714285,0.14285714285714285,0.0,0.0,0.0,0.0,0.0,22.42857142857143,Medium,award@example.net,UK,2024-07-01 13:50:42,pending,True,182,320.19,67.88
USR01901,1,0,0,True,verified,True,False,0.0,0.0,0.0,0.0,0.0,0.0,0.0,0.0,0.0,0.0,15.0,Low,andersonstephen@example.com,UK,2024-11-27 12:22:37,verified,True,33,21.67,221.2
USR01902,0,0,0,True,verified,False,False,0.0,0.0,0.0,0.0,0.0,0.0,0.0,0.0,0.0,0.0,0.0,Low,lshields@example.com,Brazil,2024-03-15 21:59:25,verified,True,290,86.27,534.08
USR01903,0,0,0,True,verified,False,False,3.0,0.7,2.0,0.3,0.0,0.0,0.0,0.0,0.0,0.0,13.1,Low,dean32@example.com,India,2024-05-03 17:41:49,verified,True,241,2241.86,10168.06
USR01904,0,0,0,False,verified,False,False,1.0,1.0,0.0,1.0,0.0,0.0,0.0,1.0,0.0,0.0,21.0,Medium,ryan11@example.net,Germany,2024-03-09 18:45:32,verified,False,296,0.0,0.0
USR01905,0,0,0,True,rejected,False,False,1.0,0.16666666666666666,0.0,0.16666666666666666,0.16666666666666666,0.0,0.0,0.0,0.0,0.0,14.833333333333334,Low,qmarshall@example.net,Brazil,2024-01-06 05:20:13,rejected,True,359,3138.54,141.23
USR01906,0,0,0,True,verified,False,False,0.0,0.0,0.0,0.0,0.3333333333333333,0.0,0.0,0.0,0.0,0.0,1.3333333333333333,Low,nicholas00@example.net,UK,2024-06-27 22:37:20,verified,True,186,551.42,1281.4
USR01907,0,0,0,True,verified,False,False,0.0,0.0,0.0,0.0,0.3333333333333333,0.0,0.0,1.0,0.0,0.0,1.3333333333333333,Low,lewisjennifer@example.net,UK,2024-10-16 17:49:16,verified,True,75,211.96,228.83
USR01908,0,1,0,True,verified,False,False,1.0,0.6,1.0,0.2,0.0,0.0,0.0,0.0,0.0,0.0,23.8,Medium,chad44@example.com,India,2024-03-22 15:23:00,verified,True,283,60.26,27057.82
USR01909,0,0,0,False,verified,False,False,0.0,0.0,0.0,0.0,0.0,0.0,1.0,2.0,0.0,0.0,16.0,Low,carterwilliam@example.com,India,2024-07-11 08:32:02,verified,False,172,1159.61,424.14
USR01910,0,0,0,False,verified,False,False,0.0,0.0,0.0,0.0,0.0,0.0,0.0,1.0,0.0,0.0,8.0,Low,bethanywagner@example.org,Russia,2024-03-12 19:39:08,verified,False,293,0.0,0.0
USR01911,0,0,0,True,rejected,False,False,0.0,0.25,1.0,0.0,0.5,0.0,0.0,1.0,0.0,0.0,19.0,Low,brucemiller@example.net,India,2024-03-14 12:49:43,rejected,True,291,542.54,0.0
USR01912,0,0,0,True,verified,False,False,0.0,0.2,1.0,0.0,0.0,0.0,0.0,1.0,0.0,0.0,4.6,Low,crystal95@example.com,India,2024-03-04 01:53:50,verified,True,301,1516.51,0.0
USR01913,0,0,0,False,verified,False,False,0.0,0.0,0.0,0.0,0.0,0.0,0.0,0.0,0.0,0.0,8.0,Low,dominiqueturner@example.com,USA,2024-04-07 11:01:17,verified,False,267,1368.73,259.39
USR01914,0,0,0,True,pending,False,False,0.0,0.0,0.0,0.0,0.0,0.0,0.0,1.0,0.0,0.0,5.0,Low,becky04@example.org,USA,2024-10-19 22:33:30,pending,True,72,0.0,2383.45
USR01915,0,1,0,True,verified,False,False,0.0,0.0,0.0,0.0,0.25,0.0,0.0,1.0,0.0,0.0,16.0,Low,michaelharrison@example.com,UK,2024-06-16 00:46:26,verified,True,197,330.46,1333.62
USR01916,0,0,0,False,verified,False,False,0.0,0.0,0.0,0.0,0.0,0.0,0.0,0.0,0.0,0.0,8.0,Low,bakerdaniel@example.net,UK,2024-08-16 09:50:57,verified,False,136,0.0,971.78
USR01917,0,0,0,True,pending,False,False,1.0,0.5,1.0,0.125,0.25,0.0,0.0,0.0,0.0,0.0,13.625,Low,katherinegarcia@example.com,UK,2024-10-09 09:31:09,pending,True,82,25418.02,3379.19
USR01918,0,0,0,True,verified,False,False,0.0,0.0,0.0,0.0,0.125,0.0,0.0,0.0,0.0,0.0,0.5,Low,radams@example.net,India,2024-05-01 17:47:44,verified,True,243,1058.14,627.89
USR01919,0,0,0,False,verified,False,False,1.0,0.6,1.0,0.2,0.2,0.0,0.0,0.0,0.0,0.0,17.6,Low,hjohnson@example.org,Brazil,2024-06-28 06:47:55,verified,False,185,40760.9,165.86
USR01920,0,0,0,True,verified,False,False,0.0,0.0,0.0,0.0,0.0,0.0,0.0,0.0,0.0,0.0,0.0,Low,carriebridges@example.org,USA,2024-02-29 07:07:33,verified,True,305,1647.02,0.0
USR01921,0,0,0,False,verified,False,False,0.0,0.0,0.0,0.0,0.0,0.0,1.0,2.0,0.0,0.0,16.0,Low,zamorajoseph@example.org,USA,2024-09-02 12:27:58,verified,False,119,0.0,73.87
USR01922,0,0,0,True,verified,False,True,0.0,0.0,0.0,0.0,0.0,0.0,0.0,0.0,0.0,0.0,0.0,Low,martinezmichael@example.com,USA,2024-03-12 10:09:42,verified,True,293,0.0,0.0
USR01923,0,0,0,True,pending,False,False,0.0,0.0,0.0,0.0,0.0,0.0,0.0,1.0,0.0,0.0,5.0,Low,christine30@example.org,USA,2024-03-02 11:36:54,pending,True,303,437.6,0.0
USR01924,0,0,0,True,verified,False,False,0.0,0.0,0.0,0.0,0.2,0.0,0.0,1.0,0.0,0.0,0.8,Low,tfoster@example.net,USA,2024-06-17 02:30:45,verified,True,196,326.13,2561.03
USR01925,0,0,0,True,verified,False,False,0.0,0.0,0.0,0.0,0.3333333333333333,0.0,0.0,0.0,0.0,0.0,1.3333333333333333,Low,mroberts@example.org,India,2024-05-05 13:12:40,verified,True,239,615.6,0.0
USR01926,0,0,0,True,verified,True,False,0.0,0.0,0.0,0.0,0.3333333333333333,0.0,1.0,2.0,0.0,0.0,9.333333333333334,Low,blackscott@example.net,India,2024-07-09 11:51:19,verified,True,174,0.0,0.0
USR01927,0,0,0,True,verified,False,False,0.0,0.0,0.0,0.0,0.25,0.0,0.0,0.0,0.0,0.0,1.0,Low,lwilson@example.com,UK,2024-04-19 11:28:17,verified,True,255,0.0,2543.81
USR01928,0,0,0,True,pending,False,False,0.0,0.0,0.0,0.0,0.0,0.0,0.0,0.0,0.0,0.0,5.0,Low,sreyes@example.org,India,2024-01-07 21:04:01,pending,True,358,0.0,0.0
USR01929,0,0,0,True,pending,False,False,0.0,0.0,0.0,0.0,0.5,0.0,0.0,1.0,0.0,0.0,7.0,Low,frostchristopher@example.com,USA,2024-05-01 09:03:22,pending,True,243,0.0,1272.06
USR01930,0,0,0,False,verified,False,False,0.0,0.0,0.0,0.0,0.125,0.0,0.0,1.0,0.0,0.0,8.5,Low,yvonne80@example.com,India,2024-09-28 04:54:11,verified,False,93,1139.79,287.13
USR01931,0,0,0,False,verified,False,False,0.0,0.0,0.0,0.0,0.0,0.0,0.0,0.0,0.0,0.0,8.0,Low,james93@example.org,India,2024-08-18 05:37:14,verified,False,134,102.3,139.18
USR01932,0,0,0,True,rejected,False,False,0.0,0.0,0.0,0.0,0.0,0.0,1.0,2.0,0.0,0.0,20.0,Low,christopher27@example.org,India,2024-02-07 02:53:41,rejected,True,327,1155.07,890.9
USR01933,0,0,0,True,verified,False,False,0.0,0.0,0.0,0.0,0.0,0.0,0.0,0.0,0.0,0.0,0.0,Low,fgibson@example.org,Germany,2024-10-09 15:50:15,verified,True,82,0.0,0.0
USR01934,0,0,0,True,verified,False,False,0.0,0.0,0.0,0.0,0.5,0.0,0.0,0.0,0.0,0.0,2.0,Low,tjones@example.net,India,2024-11-25 05:48:54,verified,True,35,5140.2,312.36
USR01935,0,0,0,True,verified,False,False,1.0,0.75,1.0,0.25,0.25,0.0,0.0,0.0,0.0,0.0,11.25,Low,hmercer@example.com,India,2024-08-06 05:04:53,verified,True,146,18551.67,883.98
USR01936,0,0,0,True,verified,False,False,1.0,0.42857142857142855,1.0,0.14285714285714285,0.42857142857142855,0.0,0.0,0.0,0.0,0.0,8.857142857142858,Low,richard97@example.org,Brazil,2024-11-16 01:30:30,verified,True,44,9997.93,641.79
USR01937,0,0,0,True,pending,False,False,0.0,0.0,0.0,0.0,0.5,0.0,0.0,0.0,0.0,0.0,7.0,Low,hayesrobin@example.org,India,2024-03-16 17:00:04,pending,True,289,78.17,290.7
USR01938,0,0,0,True,verified,False,False,1.0,0.2,0.0,0.2,0.2,0.0,0.0,0.0,0.0,0.0,3.4000000000000004,Low,scott46@example.com,India,2024-04-25 19:12:40,verified,True,249,0.0,1591.81
USR01939,0,0,0,True,verified,False,False,0.0,0.0,0.0,0.0,0.3333333333333333,0.0,0.0,1.0,0.0,0.0,1.3333333333333333,Low,jcurtis@example.com,USA,2024-06-29 13:33:00,verified,True,184,989.59,2482.31
USR01940,0,0,0,True,verified,False,False,0.0,0.0,0.0,0.0,0.0,0.0,0.0,0.0,0.0,0.0,0.0,Low,amyers@example.com,India,2024-05-01 23:30:11,verified,True,243,178.38,4476.04
USR01941,0,0,0,True,verified,False,True,0.0,0.4,1.0,0.0,0.4,0.0,1.0,7.0,0.0,0.0,15.8,Low,aayers@example.net,India,2024-02-19 22:02:21,verified,True,315,6.34,6262.16
USR01942,0,0,0,True,verified,False,False,0.0,0.0,0.0,0.0,0.16666666666666666,0.0,0.0,0.0,0.0,0.0,0.6666666666666666,Low,christopher49@example.net,USA,2024-11-19 00:58:42,verified,True,41,341.33,332.99
USR01943,1,0,0,True,verified,True,False,1.0,0.75,1.0,0.25,0.25,0.0,0.0,1.0,0.0,0.0,26.25,Medium,rose09@example.com,India,2024-11-20 16:46:05,verified,True,40,0.0,2524.88
USR01944,0,0,0,True,verified,False,False,0.0,0.0,0.0,0.0,0.2,0.0,0.0,0.0,0.0,0.0,0.8,Low,balllogan@example.org,India,2024-10-07 16:46:00,verified,True,84,1701.13,2064.25
USR01945,0,0,0,True,pending,False,False,0.0,0.0,0.0,0.0,0.3333333333333333,0.0,0.0,0.0,0.0,0.0,6.333333333333333,Low,costamaria@example.org,Russia,2024-10-04 05:35:58,pending,True,87,1440.23,0.0
USR01946,0,0,1,True,verified,False,False,9.0,1.3333333333333333,8.0,0.0,0.0,8.0,0.0,1.0,0.0,0.0,50.666666666666664,High,timothymeza@example.com,USA,2024-07-10 06:01:11,verified,True,173,191.79,0.0
USR01947,0,0,0,True,verified,False,False,0.0,0.0,0.0,0.0,0.375,1.0,0.0,1.0,0.0,0.0,16.5,Low,delacruzedgar@example.net,India,2024-02-04 17:57:19,verified,True,330,729.92,1349.65
USR01948,0,0,0,True,verified,False,True,0.0,0.0,0.0,0.0,0.0,0.0,0.0,0.0,0.0,0.0,0.0,Low,michaelmckenzie@example.com,USA,2024-09-07 09:35:07,verified,True,114,2708.31,281.81
USR01949,0,0,0,True,pending,False,False,0.0,0.0,0.0,0.0,0.0,0.0,0.0,0.0,0.0,0.0,5.0,Low,csmith@example.net,Nigeria,2024-10-21 13:59:27,pending,True,70,0.0,336.42
USR01950,0,0,0,True,verified,False,False,0.0,0.125,0.0,0.0,0.25,0.0,0.0,0.0,0.0,0.0,2.0,Low,david27@example.com,India,2024-09-17 07:18:14,verified,True,104,7283.39,1732.06
USR01951,0,0,0,True,pending,False,False,2.0,1.0,1.0,0.5,0.0,0.0,1.0,2.0,0.0,0.0,26.5,Medium,yspencer@example.com,India,2024-01-27 09:26:50,pending,True,338,2951.27,1829.88
USR01952,0,0,0,True,verified,False,False,0.0,0.0,0.0,0.0,0.0,0.0,0.0,0.0,0.0,0.0,0.0,Low,jessicamartinez@example.net,Germany,2024-08-13 20:44:54,verified,True,139,1117.6,0.0
USR01953,0,0,0,True,verified,False,False,0.0,0.0,0.0,0.0,0.6666666666666666,0.0,1.0,2.0,0.0,0.0,10.666666666666666,Low,jon45@example.net,USA,2024-08-31 18:23:58,verified,True,121,109.63,3241.59
USR01954,0,0,0,True,verified,False,False,1.0,0.2222222222222222,1.0,0.1111111111111111,0.0,0.0,0.0,1.0,0.0,0.0,5.333333333333333,Low,katrina19@example.org,Nigeria,2024-08-23 23:24:54,verified,True,129,3072.82,2607.53
USR01955,0,0,0,True,verified,False,False,0.0,0.4,1.0,0.0,0.0,0.0,0.0,0.0,0.0,0.0,6.2,Low,shortzachary@example.org,USA,2024-06-22 00:45:57,verified,True,191,390.33,388.31
USR01956,0,0,0,True,verified,False,False,1.0,0.16666666666666666,0.0,0.16666666666666666,0.0,0.0,0.0,0.0,0.0,0.0,2.1666666666666665,Low,brenda95@example.org,India,2024-11-08 11:44:57,verified,True,52,369.42,4041.47
USR01957,0,0,0,True,verified,False,False,0.0,0.0,0.0,0.0,0.16666666666666666,0.0,1.0,2.0,0.0,0.0,8.666666666666666,Low,dorothy22@example.org,Germany,2024-09-24 20:56:03,verified,True,97,1567.27,292.25
USR01958,0,0,0,True,pending,False,False,0.0,0.0,0.0,0.0,0.5,0.0,0.0,0.0,0.0,0.0,7.0,Low,johnnysnyder@example.com,India,2024-08-08 03:23:35,pending,True,144,0.0,170.37
USR01959,0,0,0,True,verified,False,False,0.0,0.0,0.0,0.0,0.14285714285714285,0.0,0.0,0.0,0.0,0.0,0.5714285714285714,Low,jasminelin@example.org,UK,2024-11-30 03:07:04,verified,True,30,995.97,323.86
USR01960,0,0,0,False,pending,False,False,0.0,0.0,0.0,0.0,0.3333333333333333,0.0,0.0,0.0,0.0,0.0,14.333333333333334,Low,timothy26@example.org,USA,2024-10-19 18:28:18,pending,False,72,0.0,934.51
USR01961,0,0,0,True,verified,False,False,0.0,0.0,0.0,0.0,0.25,0.0,0.0,0.0,0.0,0.0,1.0,Low,huynhshannon@example.com,India,2024-04-06 12:21:35,verified,True,268,421.7,206.84
USR01962,0,0,0,True,verified,False,False,0.0,0.0,0.0,0.0,0.3333333333333333,0.0,1.0,2.0,0.0,0.0,9.333333333333334,Low,calvin40@example.com,India,2024-04-16 12:01:16,verified,True,258,0.0,896.16
USR01963,0,0,0,True,verified,False,False,0.0,0.125,0.0,0.0,0.25,0.0,0.0,0.0,0.0,0.0,2.0,Low,renee82@example.org,UK,2024-03-24 14:49:19,verified,True,281,4735.5,502.12
USR01964,0,0,0,False,pending,False,False,0.0,0.0,0.0,0.0,0.0,0.0,0.0,1.0,0.0,0.0,13.0,Low,xtorres@example.net,India,2024-04-25 12:37:14,pending,False,249,0.0,0.0
USR01965,0,0,0,True,pending,False,False,1.0,0.8,1.0,0.2,0.4,0.0,1.0,2.0,0.0,0.0,25.0,Medium,hartmanamy@example.org,USA,2024-11-06 21:43:46,pending,True,54,351.32,745.74
USR01966,0,0,0,False,verified,False,False,0.0,0.0,0.0,0.0,0.0,0.0,0.0,0.0,0.0,0.0,8.0,Low,cevans@example.org,UK,2024-07-04 01:20:48,verified,False,179,1569.2,0.0
USR01967,0,0,0,True,verified,False,False,2.0,0.8,1.0,0.4,0.6,0.0,0.0,1.0,0.0,0.0,13.8,Low,pburgess@example.net,USA,2024-04-16 01:47:54,verified,True,258,41549.47,115.0
USR01968,0,0,0,True,verified,False,True,0.0,0.0,0.0,0.0,0.0,0.0,1.0,7.0,0.0,0.0,8.0,Low,qvang@example.net,USA,2024-09-20 07:35:51,verified,True,101,131.67,0.0
USR01969,0,0,0,True,verified,False,False,0.0,0.0,0.0,0.0,0.0,0.0,0.0,0.0,0.0,0.0,0.0,Low,dscott@example.net,Nigeria,2024-01-18 02:25:26,verified,True,347,648.93,492.4
USR01970,0,0,0,True,verified,True,False,0.0,0.0,0.0,0.0,0.3333333333333333,0.0,0.0,0.0,0.0,0.0,1.3333333333333333,Low,donaldpalmer@example.net,Nigeria,2024-04-13 19:16:17,verified,True,261,2391.0,613.31
USR01971,0,0,0,True,verified,False,False,0.0,0.0,0.0,0.0,0.25,0.0,0.0,0.0,0.0,0.0,1.0,Low,contrerasandrew@example.net,USA,2024-11-28 19:48:08,verified,True,32,39.84,0.0
USR01972,0,0,0,True,rejected,False,False,1.0,0.2857142857142857,1.0,0.14285714285714285,0.2857142857142857,0.0,0.0,1.0,0.0,0.0,19.142857142857142,Low,jonathan32@example.net,Germany,2024-05-21 09:03:00,rejected,True,223,3626.68,1978.19
USR01973,0,0,0,True,verified,False,False,1.0,1.0,0.0,0.5,0.5,0.0,0.0,1.0,0.0,0.0,12.5,Low,raydiane@example.net,UK,2024-10-09 00:39:41,verified,True,82,4571.99,0.0
USR01974,0,0,0,False,verified,False,False,0.0,0.0,0.0,0.0,0.0,0.0,0.0,0.0,0.0,0.0,8.0,Low,bradley39@example.net,India,2024-06-30 13:16:05,verified,False,183,1080.02,1639.08
USR01975,0,0,0,True,verified,False,False,0.0,0.2,1.0,0.0,0.0,0.0,0.0,0.0,0.0,0.0,4.6,Low,cindy78@example.org,USA,2024-06-07 09:12:42,verified,True,206,194.65,160.06
USR01976,0,0,0,True,rejected,False,False,1.0,0.5,0.0,0.5,0.0,0.0,1.0,2.0,0.0,0.0,26.5,Medium,william53@example.net,UK,2024-06-30 04:36:33,rejected,True,183,0.0,2217.38
USR01977,0,0,0,False,verified,False,False,0.0,0.0,0.0,0.0,0.2857142857142857,0.0,0.0,0.0,0.0,0.0,9.142857142857142,Low,hbell@example.com,USA,2024-08-30 18:00:27,verified,False,122,538.14,108.22
USR01978,0,0,0,False,rejected,False,False,0.0,0.0,0.0,0.0,0.0,0.0,1.0,2.0,0.0,0.0,28.0,Medium,justincarpenter@example.com,India,2024-11-13 00:04:40,rejected,False,47,514.32,0.0
USR01979,0,0,0,True,verified,False,False,0.0,0.0,0.0,0.0,0.0,0.0,0.0,2.0,0.0,0.0,0.0,Low,umiller@example.org,India,2024-07-30 06:25:01,verified,True,153,130.4,0.0
USR01980,0,0,0,True,verified,False,False,2.0,0.45454545454545453,1.0,0.18181818181818182,0.0,0.0,0.0,1.0,0.0,0.0,7.545454545454546,Low,myersray@example.com,USA,2024-03-29 01:45:52,verified,True,276,10214.17,154.15
USR01981,0,0,0,True,pending,False,False,0.0,0.0,0.0,0.0,0.5,0.0,0.0,0.0,0.0,0.0,7.0,Low,randallwheeler@example.net,India,2024-06-02 09:17:55,pending,True,211,0.0,0.0
USR01982,0,0,0,True,pending,False,False,1.0,0.4444444444444444,1.0,0.1111111111111111,0.3333333333333333,0.0,0.0,0.0,0.0,0.0,13.444444444444445,Low,nthompson@example.com,India,2024-02-11 07:58:05,pending,True,323,10516.8,225.94
USR01983,0,0,0,True,verified,False,False,0.0,0.0,0.0,0.0,0.14285714285714285,0.0,0.0,0.0,0.0,0.0,0.5714285714285714,Low,brentbrooks@example.org,USA,2024-11-04 04:49:55,verified,True,56,2803.78,863.27
USR01984,0,0,0,True,verified,False,False,0.0,0.0,0.0,0.0,0.125,0.0,0.0,1.0,0.0,0.0,0.5,Low,jennifercarrillo@example.org,USA,2024-10-20 12:34:18,verified,True,71,1867.8,2195.04
USR01985,0,0,0,True,verified,False,False,0.0,0.0,0.0,0.0,0.25,0.0,0.0,0.0,0.0,0.0,1.0,Low,williamferguson@example.com,Germany,2024-01-13 01:50:57,verified,True,352,1167.52,238.37
USR01986,0,0,0,True,verified,False,False,0.0,0.0,0.0,0.0,0.21428571428571427,0.0,0.0,0.0,0.0,0.0,0.8571428571428571,Low,cabreramelanie@example.com,USA,2024-02-16 04:43:18,verified,True,318,3025.31,823.31
USR01987,0,0,0,True,verified,False,False,0.0,0.0,0.0,0.0,0.0,0.0,1.0,2.0,0.0,0.0,8.0,Low,joel38@example.net,Brazil,2024-03-21 22:52:47,verified,True,284,524.09,0.0
USR01988,0,0,0,True,pending,False,False,0.0,0.0,0.0,0.0,0.1111111111111111,0.0,0.0,0.0,0.0,0.0,5.444444444444445,Low,adamslee@example.org,India,2024-01-13 05:46:09,pending,True,352,1629.8,713.46
USR01989,0,0,1,False,verified,True,False,0.0,0.3333333333333333,0.0,0.0,0.0,0.0,0.0,0.0,0.0,0.0,20.666666666666668,Medium,xavierreyes@example.net,USA,2024-10-25 22:56:18,verified,False,66,0.0,4658.09
USR01990,0,0,0,True,verified,False,False,1.0,0.16666666666666666,0.0,0.16666666666666666,0.16666666666666666,0.0,0.0,0.0,0.0,0.0,2.833333333333333,Low,ymontoya@example.org,Germany,2024-01-11 14:42:59,verified,True,354,2056.67,0.0
USR01991,0,0,0,True,verified,False,False,0.0,0.0,0.0,0.0,0.0,0.0,0.0,0.0,0.0,0.0,0.0,Low,patricksoto@example.net,Brazil,2024-04-05 07:11:45,verified,True,269,97.91,2567.28
USR01992,0,0,0,True,verified,True,False,1.0,0.3333333333333333,1.0,0.16666666666666666,0.0,0.0,0.0,0.0,0.0,0.0,6.499999999999999,Low,jonesjose@example.org,Germany,2024-07-01 06:00:07,verified,True,182,952.04,0.0
USR01993,0,0,0,True,verified,False,False,0.0,0.0,0.0,0.0,0.2,0.0,0.0,0.0,0.0,0.0,0.8,Low,johnclark@example.org,USA,2024-09-19 05:43:04,verified,True,102,566.83,0.0
USR01994,0,0,0,True,verified,False,False,0.0,0.0,0.0,0.0,0.0,0.0,1.0,2.0,0.0,0.0,8.0,Low,andrew31@example.org,UK,2024-05-30 18:04:55,verified,True,214,0.0,0.0
USR01995,0,0,0,True,verified,False,False,0.0,0.0,0.0,0.0,0.0,0.0,0.0,0.0,0.0,0.0,0.0,Low,jonathan92@example.com,India,2024-03-08 13:02:22,verified,True,297,116.82,320.94
USR01996,0,0,0,True,pending,False,False,0.0,0.0,0.0,0.0,0.0,0.0,0.0,0.0,0.0,0.0,5.0,Low,oshaffer@example.org,USA,2024-03-01 02:48:18,pending,True,304,181.59,0.0
USR01997,0,0,0,True,verified,False,False,2.0,1.4,2.0,0.4,0.4,0.0,0.0,0.0,0.0,0.0,20.8,Medium,jesse02@example.org,India,2024-09-10 22:31:27,verified,True,111,24012.72,50000.0
USR01998,0,0,0,True,verified,False,False,1.0,0.3,1.0,0.1,0.1,0.0,0.0,1.0,0.0,0.0,6.300000000000001,Low,cory11@example.org,Germany,2024-11-24 08:59:21,verified,True,36,1108.95,6763.17
USR01999,0,1,0,True,verified,False,False,0.0,0.0,0.0,0.0,0.0,0.0,0.0,0.0,0.0,0.0,15.0,Low,deborah65@example.org,USA,2024-02-21 06:19:11,verified,True,313,276.09,788.34
USR02000,0,0,0,True,verified,False,False,2.0,0.5714285714285714,1.0,0.2857142857142857,0.5714285714285714,0.0,0.0,1.0,0.0,0.0,11.285714285714285,Low,vbradley@example.net,India,2024-01-08 23:25:27,verified,True,357,1958.65,1476.92
